t,T_true,T_meas,T_out,setpoint,heater,error,T_pred,lower,upper
0.0,18.0,18.3,5.0,21.0,1,2.6999999999999993,18.3,20.5,21.5
1.0,18.0174,18.3087,5.00174532903047,21.0,1,2.6912999999999982,18.395700000000012,20.5,21.5
2.0,18.034796869065804,18.31739895635527,5.003490656731796,21.0,1,2.6826010436447305,18.404388519907947,20.5,21.5
3.0,18.052190607823338,18.326096869222287,5.005235981774836,21.0,1,2.6739031307777132,18.41307599789246,20.5,21.5
4.0,18.06958121689813,18.334793738757455,5.0069813028304475,21.0,1,2.6652062612425453,18.421762434109134,20.5,21.5
5.0,18.086968696915317,18.352187478140518,5.008726618569493,21.0,1,2.647812521859482,18.526124871971152,20.5,21.5
6.0,18.104353048499647,18.36957808784045,5.010471927662839,21.0,1,2.6304219121595516,18.543484184839752,20.5,21.5
7.0,18.12173427227548,18.386965568482385,5.012217228781357,21.0,1,2.6130344315176153,18.560840374901748,20.5,21.5
8.0,18.13911236886678,18.40434992069107,5.013962520595923,21.0,1,2.5956500793089283,18.57819344277794,20.5,21.5
9.0,18.156487338897126,18.42173114509087,5.015707801777423,21.0,1,2.5782688549091297,18.595543389088856,20.5,21.5
10.0,18.173859182989702,18.439109242305747,5.017453070996748,21.0,1,2.560890757694253,18.612890214454517,20.5,21.5
11.0,18.191227901767302,18.45648421295928,5.0191983269248,21.0,1,2.5435157870407217,18.63023391949459,20.5,21.5
12.0,18.208593495852334,18.473856057674652,5.020943568232491,21.0,1,2.526143942325348,18.64757450482839,20.5,21.5
13.0,18.22595596586681,18.49122477707466,5.022688793590745,21.0,1,2.5087752229253404,18.664911971074734,20.5,21.5
14.0,18.243315312432355,18.508590371781708,5.024434001670494,21.0,1,2.4914096282182925,18.682246318852187,20.5,21.5
15.0,18.260671536170204,18.52595284241781,5.026179191142689,21.0,1,2.4740471575821914,18.69957754877882,20.5,21.5
16.0,18.278024637701197,18.543312189604585,5.02792436067829,21.0,1,2.4566878103954153,18.716905661472346,20.5,21.5
17.0,18.29537461764579,18.560668413963278,5.029669508948277,21.0,1,2.4393315860367224,18.734230657550206,20.5,21.5
18.0,18.312721476624052,18.578021516114724,5.0314146346236415,21.0,1,2.421978483885276,18.751552537629188,20.5,21.5
19.0,18.33006521525565,18.595371496679384,5.033159736375395,21.0,1,2.404628503320616,18.768871302325984,20.5,21.5
20.0,18.347405834159876,18.61271835627732,5.034904812874567,21.0,1,2.3872816437226803,18.786186952256678,20.5,21.5
21.0,18.36474333395562,18.630062095528206,5.036649862792205,21.0,1,2.3699379044717936,18.803499488037072,20.5,21.5
22.0,18.382077715261385,18.647402715051324,5.038394884799379,21.0,1,2.3525972849486756,18.820808910282505,20.5,21.5
23.0,18.39940897869529,18.66474021546557,5.040139877567178,21.0,1,2.335259784534429,18.838115219608035,20.5,21.5
24.0,18.416737124875066,18.68207459738945,5.0418848397667135,21.0,1,2.3179254026105482,18.85541841662826,20.5,21.5
25.0,18.434062154418044,18.699405861441086,5.043629770069122,21.0,1,2.300594138558914,18.87271850195743,20.5,21.5
26.0,18.451384067941174,18.716734008238195,5.045374667145563,21.0,1,2.2832659917618052,18.890015476209282,20.5,21.5
27.0,18.468702866061015,18.734059038398122,5.047119529667221,21.0,1,2.2659409616018777,18.907309339997397,20.5,21.5
28.0,18.486018549393737,18.75138095253781,5.048864356305306,21.0,1,2.2486190474621885,18.924600093934703,20.5,21.5
29.0,18.50333111855512,18.76869975127382,5.050609145731059,21.0,1,2.2313002487261784,18.941887738633923,20.5,21.5
30.0,18.520640574160556,18.78601543522233,5.052353896615746,21.0,1,2.2139845647776717,18.959172274707395,20.5,21.5
31.0,18.537946916825046,18.803328004999102,5.054098607630664,21.0,1,2.196671995000898,18.97645370276684,20.5,21.5
32.0,18.555250147163207,18.82063746121954,5.055843277447138,21.0,1,2.1793625387804596,18.993732023423924,20.5,21.5
33.0,18.572550265789264,18.837943804498643,5.057587904736527,21.0,1,2.162056195501357,19.011007237289668,20.5,21.5
34.0,18.589847273317055,18.855247035451033,5.059332488170221,21.0,1,2.1447529645489674,19.02827934497493,20.5,21.5
35.0,18.607141170360027,18.872547154690928,5.061077026419645,21.0,1,2.1274528453090724,19.045548347089877,20.5,21.5
36.0,18.62443195753124,18.889844162832166,5.062821518156257,21.0,1,2.1101558371678344,19.062814244244546,20.5,21.5
37.0,18.641719635443366,18.907138060488197,5.064565962051549,21.0,1,2.0928619395118027,19.080077037048515,20.5,21.5
38.0,18.659004204708687,18.924428848272083,5.066310356777053,21.0,1,2.0755711517279174,19.097336726110935,20.5,21.5
39.0,18.6762856659391,18.94171652679649,5.068054701004335,21.0,1,2.0582834732035096,19.11459331204057,20.5,21.5
40.0,18.693564019746113,18.95900109667371,5.069798993405002,21.0,1,2.0409989033262903,19.131846795445902,20.5,21.5
41.0,18.710839266740845,18.97628255851563,5.071543232650699,21.0,1,2.0237174414843686,19.14909717693485,20.5,21.5
42.0,18.728111407534026,18.993560912933766,5.073287417413113,21.0,1,2.0064390870662336,19.166344457115116,20.5,21.5
43.0,18.745380442736003,19.010836160539228,5.075031546363969,21.0,1,1.9891638394607725,19.18358863659384,20.5,21.5
44.0,18.76264637295673,19.028108301942755,5.07677561817504,21.0,1,1.9718916980572452,19.200829715978028,20.5,21.5
45.0,18.779909198805775,19.045377337754687,5.078519631518137,21.0,1,1.9546226622453133,19.218067695874005,20.5,21.5
46.0,18.797168920892318,19.06264326858498,5.080263585065119,21.0,1,1.9373567314150186,19.23530257688793,20.5,21.5
47.0,18.81442553982515,19.079906095043206,5.08200747748789,21.0,1,1.9200939049567936,19.252534359625457,20.5,21.5
48.0,18.831679056212685,19.097165817738542,5.0837513074583995,21.0,1,1.9028341822614578,19.2697630446919,20.5,21.5
49.0,18.848929470662934,19.11442243727978,5.085495073648644,21.0,1,1.8855775627202185,19.286988632692175,20.5,21.5
50.0,18.86617678378353,19.13167595427533,5.087238774730672,21.0,1,1.8683240457246697,19.304211124230818,20.5,21.5
51.0,18.88342099618172,19.148926369333214,5.088982409376578,21.0,1,1.8510736306667859,19.321430519912052,20.5,21.5
52.0,18.90066210846436,19.166173683061054,5.090725976258508,21.0,1,1.8338263169389464,19.33864682033945,20.5,21.5
53.0,18.917900121237917,19.1834178960661,5.09246947404866,21.0,1,1.8165821039339,19.355860026116563,20.5,21.5
54.0,18.93513503510848,19.20065900895521,5.094212901419286,21.0,1,1.7993409910447902,19.37307013784631,20.5,21.5
55.0,18.95236685068174,19.217897022334853,5.095956257042688,21.0,1,1.7821029776651471,19.390277156131283,20.5,21.5
56.0,18.969595568563015,19.23513193681111,5.097699539591226,21.0,1,1.7648680631888887,19.407481081573696,20.5,21.5
57.0,18.986821189357222,19.252363752989687,5.099442747737315,21.0,1,1.7476362470103126,19.424681914775448,20.5,21.5
58.0,19.0040437136689,19.26959247147588,5.101185880153427,21.0,1,1.7304075285241183,19.441879656337825,20.5,21.5
59.0,19.021263142102196,19.286818092874626,5.102928935512088,21.0,1,1.7131819071253744,19.459074306862064,20.5,21.5
60.0,19.03847947526088,19.304040617790456,5.1046719124858875,21.0,1,1.6959593822095442,19.476265866948758,20.5,21.5
61.0,19.055692713748325,19.321260046827515,5.106414809747473,21.0,1,1.6787399531724851,19.493454337198106,20.5,21.5
62.0,19.072902858167524,19.338476380589576,5.10815762596955,21.0,1,1.6615236194104241,19.510639718210186,20.5,21.5
63.0,19.090109909121082,19.35568961968001,5.109900359824891,21.0,1,1.6443103803199897,19.527822010584355,20.5,21.5
64.0,19.10731386721122,19.372899764701817,5.111643009986327,21.0,1,1.6271002352981832,19.545001214919882,20.5,21.5
65.0,19.124514733039778,19.390106816257596,5.113385575126755,21.0,1,1.609893183742404,19.562177331815388,20.5,21.5
66.0,19.141712507208194,19.407310774949572,5.115128053919134,21.0,1,1.592689225050428,19.57935036186933,20.5,21.5
67.0,19.158907190317535,19.424511641379574,5.116870445036493,21.0,1,1.5754883586204258,19.596520305679597,20.5,21.5
68.0,19.176098782968477,19.441709416149052,5.118612747151923,21.0,1,1.5582905838509475,19.613687163843835,20.5,21.5
69.0,19.193287285761315,19.45890409985907,5.120354958938587,21.0,1,1.541095900140931,19.630850936959234,20.5,21.5
70.0,19.210472699295952,19.476095693110302,5.122097079069714,21.0,1,1.5239043068896976,19.648011625622637,20.5,21.5
71.0,19.227655024171906,19.493284196503044,5.123839106218604,21.0,1,1.5067158034969559,19.66516923043046,20.5,21.5
72.0,19.244834260988316,19.5104696106372,5.125581039058627,21.0,1,1.4895303893627982,19.682323751978778,20.5,21.5
73.0,19.26201041034393,19.527651936112292,5.127322876263226,21.0,1,1.4723480638877078,19.699475190863197,20.5,21.5
74.0,19.279183472837115,19.544831173527452,5.129064616505916,21.0,1,1.4551688264725477,19.716623547679053,20.5,21.5
75.0,19.296353449065847,19.56200732348143,5.130806258460286,21.0,1,1.4379926765185687,19.733768823021222,20.5,21.5
76.0,19.313520339627726,19.579180386572595,5.1325478008,21.0,1,1.4208196134274047,19.750911017484235,20.5,21.5
77.0,19.33068414511996,19.59635036339892,5.134289242198798,21.0,1,1.4036496366010809,19.768050131662157,20.5,21.5
78.0,19.347844866139376,19.613517254558012,5.1360305813304965,21.0,1,1.3864827454419881,19.78518616614894,20.5,21.5
79.0,19.365002503282415,19.63068106064707,5.137771816868989,21.0,1,1.3693189393529295,19.802319121537657,20.5,21.5
80.0,19.382157057145132,19.64784178226293,5.13951294748825,21.0,1,1.3521582177370703,19.81944899842152,20.5,21.5
81.0,19.3993085283232,19.664999420002026,5.141253971862334,21.0,1,1.335000579997974,19.83657579739299,20.5,21.5
82.0,19.416456917411907,19.682153974460412,5.142994888665372,21.0,1,1.3178460255395876,19.853699519044277,20.5,21.5
83.0,19.433602225006158,19.699305446233772,5.1447356965715825,21.0,1,1.3006945537662276,19.870820163967373,20.5,21.5
84.0,19.450744451700473,19.716453835917385,5.146476394255263,21.0,1,1.2835461640826153,19.887937732753507,20.5,21.5
85.0,19.467883598088985,19.733599144106154,5.1482169803907984,21.0,1,1.2664008558938455,19.905052225993852,20.5,21.5
86.0,19.485019664765446,19.750741371394604,5.149957453652656,21.0,1,1.2492586286053964,19.922163644279095,20.5,21.5
87.0,19.502152652323222,19.767880518376863,5.151697812715388,21.0,1,1.232119481623137,19.939271988199458,20.5,21.5
88.0,19.5192825613553,19.78501658564669,5.153438056253638,21.0,1,1.2149834143533091,19.95637725834497,20.5,21.5
89.0,19.53640939245428,19.802149573797454,5.155178182942132,21.0,1,1.197850426202546,19.973479455305085,20.5,21.5
90.0,19.55353314621238,19.819279483422132,5.15691819145569,21.0,1,1.1807205165778676,19.990578579668917,20.5,21.5
91.0,19.57065382322143,19.83640631511333,5.158658080469219,21.0,1,1.1635936848866706,20.0076746320253,20.5,21.5
92.0,19.58777142407288,19.85353006946326,5.160397848657718,21.0,1,1.146469930536739,20.024767612962577,20.5,21.5
93.0,19.604885949357797,19.870650747063763,5.162137494696277,21.0,1,1.1293492529362368,20.041857523068785,20.5,21.5
94.0,19.621997399666864,19.887768348506278,5.163877017260082,21.0,1,1.1122316514937225,20.05894436293142,20.5,21.5
95.0,19.639105775590384,19.904882874381876,5.165616415024409,21.0,1,1.095117125618124,20.07602813313786,20.5,21.5
96.0,19.65621107771827,19.921994325281247,5.167355686664631,21.0,1,1.078005674718753,20.093108834274958,20.5,21.5
97.0,19.67331330664006,19.939102701794685,5.169094830856218,21.0,1,1.0608972982053153,20.11018646692906,20.5,21.5
98.0,19.690412462944906,19.956208004512103,5.170833846274735,21.0,1,1.0437919954878971,20.127261031686285,20.5,21.5
99.0,19.707508547221572,19.973310234023046,5.172572731595847,21.0,1,1.026689765976954,20.144332529132477,20.5,21.5
100.0,19.724601560058446,19.99040939091666,5.174311485495316,21.0,1,1.0095906090833395,20.161400959852806,20.5,21.5
101.0,19.741691502043533,20.00750547578171,5.176050106649007,21.0,1,0.9924945242182908,20.178466324432197,20.5,21.5
102.0,19.758778373764454,20.02459848920659,5.177788593732883,21.0,1,0.9754015107934109,20.195528623455388,20.5,21.5
103.0,19.77586217580845,20.0416884317793,5.179526945423011,21.0,1,0.9583115682207008,20.2125878575064,20.5,21.5
104.0,19.79294290876237,20.058775304087455,5.181265160395561,21.0,1,0.9412246959125454,20.22964402716901,20.5,21.5
105.0,19.810020573212697,20.075859106718305,5.183003237326805,21.0,1,0.9241408932816952,20.246697133026807,20.5,21.5
106.0,19.82709516974552,20.0929398402587,5.184741174893123,21.0,1,0.9070601597412988,20.263747175662665,20.5,21.5
107.0,19.844166698946548,20.110017505295122,5.186478971771001,21.0,1,0.8899824947048778,20.280794155659333,20.5,21.5
108.0,19.861235161401112,20.127092102413652,5.188216626637028,21.0,1,0.872907897586348,20.29783807359895,20.5,21.5
109.0,19.87830055769416,20.144163632200012,5.189954138167908,21.0,1,0.8558363677999878,20.314878930063614,20.5,21.5
110.0,19.895362888410254,20.161232095239523,5.191691505040448,21.0,1,0.838767904760477,20.33191672563463,20.5,21.5
111.0,19.91242215413358,20.178297492117135,5.193428725931568,21.0,1,0.8217025078828648,20.348951460893257,20.5,21.5
112.0,19.92947835544794,20.195359823417412,5.195165799518299,21.0,1,0.8046401765825877,20.365983136420184,20.5,21.5
113.0,19.946531492936757,20.21241908972454,5.196902724477783,21.0,1,0.7875809102754587,20.38301175279583,20.5,21.5
114.0,19.963581567183066,20.229475291622325,5.198639499487278,21.0,1,0.7705247083776747,20.400037310600165,20.5,21.5
115.0,19.980628578769526,20.246528429694177,5.200376123224153,21.0,1,0.7534715703058232,20.41705981041269,20.5,21.5
116.0,19.997672528278418,20.263578504523146,5.202112594365893,21.0,1,0.7364214954768542,20.434079252812836,20.5,21.5
117.0,20.014713416291634,20.280625516691885,5.2038489115901,21.0,1,0.7193744833081155,20.45109563837927,20.5,21.5
118.0,20.031751243390694,20.297669466782672,5.205585073574493,21.0,1,0.702330533217328,20.468108967690547,20.5,21.5
119.0,20.048786010156732,20.314710355377407,5.207321078996911,21.0,1,0.6852896446225927,20.48511924132476,20.5,21.5
120.0,20.0658177171705,20.331748183057602,5.209056926535307,21.0,1,0.6682518169423979,20.50212645985955,20.5,21.5
121.0,20.082846365012372,20.34878295040439,5.21079261486776,21.0,1,0.6512170495956084,20.519130623872286,20.5,21.5
122.0,20.099871954262344,20.365814657998534,5.212528142672467,21.0,1,0.6341853420014658,20.53613173393996,20.5,21.5
123.0,20.116894485500026,20.3828433064204,5.214263508627747,21.0,1,0.6171566935795987,20.553129790639073,20.5,21.5
124.0,20.133913959304653,20.399868896249988,5.215998711412046,21.0,1,0.6001311037500123,20.57012479454585,20.5,21.5
125.0,20.150930376255076,20.4168914280669,5.217733749703929,21.0,1,0.5831085719330993,20.58711674623603,20.5,21.5
126.0,20.167943736929764,20.433910902450382,5.219468622182091,21.0,1,0.566089097549618,20.604105646285195,20.5,21.5
127.0,20.184954041906813,20.450927319979275,5.221203327525349,21.0,1,0.5490726800207248,20.621091495268207,20.5,21.5
128.0,20.201961291763936,20.467940681232058,5.222937864412651,21.0,1,0.5320593187679421,20.638074293759885,20.5,21.5
129.0,20.218965487078467,20.48495098678682,5.224672231523071,21.0,1,0.5150490132131793,20.65505404233445,20.5,21.5
130.0,20.235966628427356,20.50195823722128,5.226406427535814,21.0,1,0.49804176277871903,20.672030741565884,20.5,21.5
131.0,20.252964716387176,20.518962433112762,5.228140451130212,21.0,1,0.4810375668872382,20.68900439202757,20.5,21.5
132.0,20.269959751534124,20.535963575038224,5.229874300985733,21.0,1,0.4640364249617761,20.705974994292845,20.5,21.5
133.0,20.286951734444013,20.55296166357424,5.231607975781974,21.0,1,0.4470383364257593,20.72294254893441,20.5,21.5
134.0,20.30394066569228,20.569956699297002,5.233341474198666,21.0,1,0.430043300702998,20.739907056524615,20.5,21.5
135.0,20.320926545853983,20.586948682782328,5.2350747949156755,21.0,1,0.41305131721767196,20.75686851763559,20.5,21.5
136.0,20.337909375503795,20.60393761460565,5.236807936613002,21.0,1,0.3960623853943517,20.77382693283885,20.5,21.5
137.0,20.354889155216018,20.620923495342026,5.2385408979707835,21.0,1,0.3790765046579736,20.790782302705807,20.5,21.5
138.0,20.371865885564567,20.63790632556614,5.240273677669294,21.0,1,0.3620936744338614,20.80773462780726,20.5,21.5
139.0,20.38883956712299,20.654886105852277,5.242006274388947,21.0,1,0.34511389414772253,20.824683908713666,20.5,21.5
140.0,20.405810200464444,20.67186283677437,5.243738686810295,21.0,1,0.32813716322563025,20.841630145995293,20.5,21.5
141.0,20.422777786161713,20.68883651890595,5.24547091361403,21.0,1,0.3111634810940487,20.858573340221767,20.5,21.5
142.0,20.439742324787204,20.70580715282019,5.247202953480985,21.0,1,0.2941928471798114,20.87551349196256,20.5,21.5
143.0,20.456703816912942,20.722774739089864,5.248934805092138,21.0,1,0.2772252609101358,20.89245060178662,20.5,21.5
144.0,20.473662263110576,20.73973927828738,5.2506664671286085,21.0,1,0.26026072171261916,20.909384670262547,20.5,21.5
145.0,20.49061766395138,20.756700770984768,5.25239793827166,21.0,1,0.24329922901523204,20.92631569795864,20.5,21.5
146.0,20.507570020006245,20.773659217753675,5.254129217202701,21.0,1,0.22634078224632503,20.943243685442745,20.5,21.5
147.0,20.524519331845685,20.790614619165375,5.255860302603288,21.0,1,0.20938538083462532,20.960168633282372,20.5,21.5
148.0,20.541465600039835,20.807566975790753,5.257591193155125,21.0,1,0.19243302420924735,20.977090542044532,20.5,21.5
149.0,20.55840882515846,20.82451628820033,5.259321887540064,21.0,1,0.17548371179967148,20.994009412296087,20.5,21.5
150.0,20.575349007770935,20.841462556964238,5.261052384440103,21.0,1,0.15853744303576178,21.010925244603335,20.5,21.5
151.0,20.59228614844627,20.858405782652245,5.262782682537396,21.0,1,0.14159421734775535,21.02783803953231,20.5,21.5
152.0,20.60922024775309,20.875345965833723,5.264512780514245,21.0,1,0.12465403416627652,21.044747797648512,20.5,21.5
153.0,20.626151306259644,20.892283107077684,5.266242677053104,21.0,1,0.10771689292231557,21.061654519517294,20.5,21.5
154.0,20.6430793245338,20.909217206952754,5.267972370836584,21.0,1,0.09078279304724646,21.078558205703445,20.5,21.5
155.0,20.66000430314306,20.926148266027177,5.269701860547446,21.0,1,0.0738517339728233,21.09545885677141,20.5,21.5
156.0,20.67692624265454,20.94307628486883,5.271431144868608,21.0,1,0.05692371513116967,21.112356473285367,20.5,21.5
157.0,20.693845143634984,20.96000126404521,5.273160222483147,21.0,1,0.03999873595478931,21.129251055809014,20.5,21.5
158.0,20.710761006650753,20.976923204123434,5.274889092074293,21.0,1,0.02307679587656608,21.146142604905666,20.5,21.5
159.0,20.727673832267836,20.993842105670243,5.276617752325438,21.0,1,0.0061578943297568856,21.163031121138335,20.5,21.5
160.0,20.74458362105185,21.010757969251998,5.278346201920131,21.0,1,-0.010757969251997679,21.179916605069543,20.5,21.5
161.0,20.761490373568023,21.027670795434695,5.280074439542083,21.0,1,-0.02767079543469464,21.196799057261664,20.5,21.5
162.0,20.77839409038122,21.04458058478394,5.281802463875166,21.0,1,-0.044580584783940225,21.213678478276396,20.5,21.5
163.0,20.795294772055918,21.061487337864975,5.283530273603413,21.0,1,-0.061487337864974734,21.23055486867532,20.5,21.5
164.0,20.812192419156226,21.078391055242655,5.2852578674110235,21.0,1,-0.07839105524265477,21.247428229019455,20.5,21.5
165.0,20.829087032245877,21.09529173748146,5.286985243982358,21.0,1,-0.09529173748146036,21.264298559869516,20.5,21.5
166.0,20.845978611888224,21.112189385145502,5.288712402001947,21.0,1,-0.11218938514550203,21.28116586178592,20.5,21.5
167.0,20.862867158646246,21.129083998798507,5.290439340154481,21.0,1,-0.12908399879850663,21.298030135328553,20.5,21.5
168.0,20.879752673082546,21.14597557900383,5.292166057124823,21.0,1,-0.1459755790038315,21.31489138105708,20.5,21.5
169.0,20.896635155759355,21.162864126324457,5.293892551598003,21.0,1,-0.16286412632445746,21.331749599530717,20.5,21.5
170.0,20.913514607238522,21.179749641322985,5.295618822259221,21.0,1,-0.1797496413229851,21.34860479130826,20.5,21.5
171.0,20.930391028081527,21.196632124561646,5.297344867793846,21.0,1,-0.19663212456164558,21.36545695694825,20.5,21.5
172.0,20.947264418849468,21.21351157660229,5.299070686887419,21.0,1,-0.21351157660228992,21.382306097008733,20.5,21.5
173.0,20.964134780103077,21.230387998006396,5.300796278225654,21.0,1,-0.2303879980063961,21.399152212047458,20.5,21.5
174.0,20.981002112402702,21.247261389335065,5.302521640494438,21.0,1,-0.24726138933506547,21.41599530262176,20.5,21.5
175.0,20.99786641630832,21.264131751149026,5.304246772379833,21.0,1,-0.26413175114902643,21.432835369288636,20.5,21.5
176.0,21.014727692379534,21.280999084008627,5.305971672568076,21.0,1,-0.28099908400862716,21.449672412604635,20.5,21.5
177.0,21.03158594117557,21.29786338847385,5.30769633974558,21.0,1,-0.29786338847384997,21.466506433126078,20.5,21.5
178.0,21.048441163255283,21.31472466510429,5.309420772598936,21.0,1,-0.31472466510428987,21.48333743140869,20.5,21.5
179.0,21.06529335917715,21.33158291445918,5.311144969814913,21.0,0,-0.33158291445917953,21.500165408008076,20.5,21.5
180.0,21.06214252949928,21.34443813709737,5.3128689300804615,21.0,0,-0.34443813709737015,21.472990363479276,20.5,21.5
181.0,21.058992674779397,21.35329113357734,5.314592652082709,21.0,0,-0.3532911335773399,21.441821098377037,20.5,21.5
182.0,21.05584379477486,21.3581427042972,5.316316134508967,21.0,0,-0.35814270429720096,21.406658411495812,20.5,21.5
183.0,21.052695889242806,21.3589936494947,5.318039376046729,21.0,0,-0.3589936494946997,21.367503101469687,20.5,21.5
184.0,21.049548957940168,21.355844769247305,5.31976237538367,21.0,0,-0.35584476924730524,21.32435596677336,20.5,21.5
185.0,21.046403000623656,21.352696863472183,5.321485131207652,21.0,0,-0.35269686347218254,21.321217805720956,20.5,21.5
186.0,21.043258017049773,21.349549931926255,5.3232076422067225,21.0,0,-0.34954993192625494,21.31808061646698,20.5,21.5
187.0,21.040114006974804,21.346403974366247,5.324929907069113,21.0,0,-0.3464039743662468,21.314944398766166,20.5,21.5
188.0,21.036970970154822,21.343258990548655,5.326651924483245,21.0,0,-0.34325899054865516,21.31180915237274,20.5,21.5
189.0,21.03382890634569,21.340114980229757,5.328373693137726,21.0,0,-0.3401149802297567,21.308674877040772,20.5,21.5
190.0,21.030687815303047,21.336971943165636,5.330095211721355,21.0,0,-0.3369719431656364,21.305541572524433,20.5,21.5
191.0,21.02754769678233,21.333829879112148,5.3318164789231215,21.0,0,-0.3338298791121481,21.302409238577265,20.5,21.5
192.0,21.02440855053876,21.33068878782494,5.333537493432204,21.0,0,-0.3306887878249398,21.299277874952857,20.5,21.5
193.0,21.021270376327337,21.327548669059443,5.335258253937977,21.0,0,-0.3275486690594427,21.29614748140447,20.5,21.5
194.0,21.018133173902857,21.32440952257088,5.336978759130005,21.0,0,-0.3244095225708783,21.293018057685234,20.5,21.5
195.0,21.014996943019902,21.321271348114248,5.338699007698049,21.0,0,-0.32127134811424796,21.289889603547945,20.5,21.5
196.0,21.011861683432837,21.31813414544435,5.340418998332065,21.0,0,-0.3181341454443505,21.286762118745376,20.5,21.5
197.0,21.008727394895818,21.31499791431576,5.342138729722205,21.0,0,-0.31499791431576085,21.283635603029865,20.5,21.5
198.0,21.005594077162783,21.311862654482848,5.343858200558819,21.0,0,-0.311862654482848,21.28051005615372,20.5,21.5
199.0,21.002461729987463,21.30872836569977,5.345577409532455,21.0,0,-0.30872836569977125,21.277385477869004,20.5,21.5
200.0,20.999330353123373,21.305595047720466,5.347296355333861,21.0,0,-0.3055950477204661,21.274261867927414,20.5,21.5
201.0,20.996199946323816,21.30246270029866,5.349015036653984,21.0,0,-0.3024627002986584,21.27113922608058,20.5,21.5
202.0,20.993070509341884,21.299331323187875,5.350733452183974,21.0,0,-0.29933132318787514,21.268017552080043,20.5,21.5
203.0,20.98994204193045,21.29620091614141,5.352451600615184,21.0,0,-0.29620091614140875,21.264896845676745,20.5,21.5
204.0,20.98681454384219,21.293071478912356,5.354169480639166,21.0,0,-0.2930714789123563,21.26177710662183,20.5,21.5
205.0,20.98368801482955,21.28994301125359,5.355887090947683,21.0,0,-0.289943011253591,21.258658334665938,20.5,21.5
206.0,20.980562454644772,21.286815512917787,5.3576044302326995,21.0,0,-0.2868155129177872,21.25554052955975,20.5,21.5
207.0,20.97743786303989,21.283688983657388,5.359321497186385,21.0,0,-0.28368898365738815,21.252423691053398,20.5,21.5
208.0,20.974314239766716,21.280563423224642,5.36103829050112,21.0,0,-0.2805634232246419,21.24930781889718,20.5,21.5
209.0,20.971191584576864,21.277438831371576,5.362754808869491,21.0,0,-0.2774388313715761,21.246192912840918,20.5,21.5
210.0,20.968069897221724,21.27431520785001,5.364471050984295,21.0,0,-0.27431520785000885,21.243078972634336,20.5,21.5
211.0,20.96494917745248,21.27119255241155,5.3661870155385385,21.0,0,-0.2711925524115486,21.239965998026946,20.5,21.5
212.0,20.961829425020095,21.26807086480759,5.36790270122544,21.0,0,-0.2680708648075907,21.23685398876801,20.5,21.5
213.0,20.958710639675335,21.264950144789317,5.3696181067384305,21.0,0,-0.2649501447893172,21.233742944606583,20.5,21.5
214.0,20.955592821168747,21.26183039210769,5.371333230771154,21.0,0,-0.2618303921076901,21.23063286529142,20.5,21.5
215.0,20.952475969250667,21.25871160651348,5.373048072017469,21.0,0,-0.25871160651347935,21.227523750571372,20.5,21.5
216.0,20.94936008367122,21.255593787757228,5.37476262917145,21.0,0,-0.25559378775722763,21.22441560019471,20.5,21.5
217.0,20.94624516418032,21.252476935589275,5.3764769009273845,21.0,0,-0.2524769355892751,21.22130841390975,20.5,21.5
218.0,20.943131210527667,21.249361049759738,5.378190885979783,21.0,0,-0.24936104975973805,21.218202191464368,20.5,21.5
219.0,20.940018222462758,21.24624613001854,5.379904583023369,21.0,0,-0.246246130018541,21.21509693260657,20.5,21.5
220.0,20.93690619973487,21.243132176115385,5.38161799075309,21.0,0,-0.24313217611538462,21.21199263708382,20.5,21.5
221.0,20.933795142093075,21.240019187799753,5.383331107864109,21.0,0,-0.24001918779975284,21.208889304643435,20.5,21.5
222.0,20.93068504928623,21.236907164820934,5.385043933051815,21.0,0,-0.2369071648209342,21.205786935032748,20.5,21.5
223.0,20.92757592106298,21.233796106927997,5.386756465011816,21.0,0,-0.23379610692799702,21.202685527998625,20.5,21.5
224.0,20.924467757171772,21.230686013869796,5.388468702439944,21.0,0,-0.23068601386979637,21.19958508328779,20.5,21.5
225.0,20.921360557360828,21.22757688539499,5.390180644032257,21.0,0,-0.22757688539498844,21.19648560064691,20.5,21.5
226.0,20.91825432137816,21.224468721252002,5.391892288485035,21.0,0,-0.224468721252002,21.193387079822138,20.5,21.5
227.0,20.915149048971582,21.221361521189074,5.393603634494789,21.0,0,-0.22136152118907404,21.190289520559794,20.5,21.5
228.0,20.912044739888685,21.218255284954214,5.395314680758252,21.0,0,-0.2182552849542141,21.187192922605615,20.5,21.5
229.0,20.90894139387686,21.215150012295233,5.39702542597239,21.0,0,-0.21515001229523278,21.18409728570542,20.5,21.5
230.0,20.905839010683277,21.21204570295972,5.398735868834394,21.0,0,-0.21204570295972047,21.181002609604597,20.5,21.5
231.0,20.902737590054908,21.20894235669507,5.40044600804169,21.0,0,-0.20894235669506855,21.17790889404855,20.5,21.5
232.0,20.899637131738505,21.205839973248455,5.402155842291929,21.0,0,-0.20583997324845527,21.174816138782322,20.5,21.5
233.0,20.896537635480616,21.202738552366846,5.403865370283001,21.0,0,-0.20273855236684568,21.17172434355075,20.5,21.5
234.0,20.893439101027578,21.199638093796988,5.405574590713025,21.0,0,-0.19963809379698816,21.168633508098413,20.5,21.5
235.0,20.890341528125514,21.196538597285436,5.407283502280355,21.0,0,-0.19653859728543566,21.16554363216991,20.5,21.5
236.0,20.887244916520345,21.193440062578524,5.40899210368358,21.0,0,-0.19344006257852442,21.162454715509412,20.5,21.5
237.0,20.884149265957777,21.190342489422374,5.410700393621528,21.0,0,-0.19034248942237397,21.15936675786087,20.5,21.5
238.0,20.88105457618331,21.187245877562912,5.412408370793259,21.0,0,-0.187245877562912,21.156279758968292,20.5,21.5
239.0,20.87796084694223,21.184150226745842,5.414116033898076,21.0,0,-0.18415022674584236,21.153193718575146,20.5,21.5
240.0,20.87486807797962,21.181055536716663,5.415823381635518,21.0,0,-0.18105553671666286,21.150108636424868,20.5,21.5
241.0,20.871776269040353,21.177961807220665,5.417530412705367,21.0,0,-0.17796180722066524,21.14702451226069,20.5,21.5
242.0,20.868685419869085,21.174869038002925,5.419237125807643,21.0,0,-0.17486903800292453,21.143941345825517,20.5,21.5
243.0,20.86559553021027,21.171777228808317,5.420943519642611,21.0,0,-0.1717772288083168,21.14085913686224,20.5,21.5
244.0,20.862506599808157,21.1686863793815,5.422649592910777,21.0,0,-0.16868637938150144,21.137777885113348,20.5,21.5
245.0,20.85941862840678,21.16559648946693,5.424355344312892,21.0,0,-0.16559648946693173,21.134697590321235,20.5,21.5
246.0,20.85633161574996,21.162507558808855,5.4260607725499534,21.0,0,-0.16250755880885492,21.131618252228087,20.5,21.5
247.0,20.853245561581318,21.1594195871513,5.4277658763232015,21.0,0,-0.15941958715130156,21.128539870575768,20.5,21.5
248.0,20.850160465644265,21.1563325742381,5.429470654334127,21.0,0,-0.15633257423809965,21.12546244510608,20.5,21.5
249.0,20.847076327682004,21.15324651981287,5.431175105284466,21.0,0,-0.15324651981287118,21.122385975560587,20.5,21.5
250.0,20.843993147437523,21.150161423619018,5.432879227876206,21.0,0,-0.15016142361901785,21.119310461680485,20.5,21.5
251.0,20.84091092465361,21.14707728539975,5.434583020811583,21.0,0,-0.1470772853997495,21.116235903207066,20.5,21.5
252.0,20.837829659072842,21.143994104898052,5.4362864827930855,21.0,0,-0.1439941048980522,21.11316229988108,20.5,21.5
253.0,20.834749350437587,21.140911881856717,5.4379896125234515,21.0,0,-0.14091188185671655,21.11008965144336,20.5,21.5
254.0,20.831669998490003,21.13783061601832,5.439692408705675,21.0,0,-0.13783061601832003,21.107017957634355,20.5,21.5
255.0,20.828591602972047,21.134750307125223,5.441394870043002,21.0,0,-0.1347503071252234,21.103947218194257,20.5,21.5
256.0,20.82551416362546,21.131670954919592,5.4430969952389345,21.0,0,-0.13167095491959202,21.100877432863278,20.5,21.5
257.0,20.822437680191783,21.128592559143378,5.44479878299723,21.0,0,-0.12859255914337808,21.09780860138124,20.5,21.5
258.0,20.819362152412342,21.12551511953833,5.4465002320219025,21.0,0,-0.12551511953833128,21.094740723487863,20.5,21.5
259.0,20.816287580028263,21.122438635845988,5.448201341017225,21.0,0,-0.12243863584598813,21.091673798922557,20.5,21.5
260.0,20.81321396278046,21.11936310780767,5.44990210868773,21.0,0,-0.11936310780766846,21.08860782742447,20.5,21.5
261.0,20.81014130040964,21.116288535164507,5.451602533738208,21.0,0,-0.11628853516450732,21.085542808732896,20.5,21.5
262.0,20.807069592656305,21.11321491765741,5.45330261487371,21.0,0,-0.11321491765740888,21.082478742586424,20.5,21.5
263.0,20.80399883926075,21.110142255027093,5.455002350799552,21.0,0,-0.11014225502709252,21.07941562872393,20.5,21.5
264.0,20.80092903996306,21.107070547014054,5.456701740221312,21.0,0,-0.10707054701405383,21.076353466883667,20.5,21.5
265.0,20.79786019450311,21.103999793358582,5.458400781844828,21.0,0,-0.10399979335858234,21.073292256803867,20.5,21.5
266.0,20.79479230262058,21.10092999380077,5.460099474376209,21.0,0,-0.10092999380076861,21.07023199822263,20.5,21.5
267.0,20.79172536405493,21.097861148080494,5.461797816521825,21.0,0,-0.09786114808049362,21.067172690877744,20.5,21.5
268.0,20.78865937854542,21.09479325593743,5.463495806988314,21.0,0,-0.09479325593742871,21.06411433450678,20.5,21.5
269.0,20.78559434583111,21.09172631711104,5.465193444482585,21.0,0,-0.09172631711103918,21.061056928847144,20.5,21.5
270.0,20.78253026565084,21.088660331340584,5.466890727711811,21.0,0,-0.08866033134058426,21.058000473636035,20.5,21.5
271.0,20.779467137743254,21.08559529836512,5.468587655383438,21.0,0,-0.0855952983651207,21.054944968610485,20.5,21.5
272.0,20.776404961846783,21.082531217923492,5.47028422620518,21.0,0,-0.08253121792349205,21.051890413507206,20.5,21.5
273.0,20.773343737699655,21.07946808975434,5.471980438885026,21.0,0,-0.07946808975433939,21.048836808062813,20.5,21.5
274.0,20.770283465039892,21.076405913596098,5.473676292131238,21.0,0,-0.07640591359609772,21.04578415201368,20.5,21.5
275.0,20.76722414360531,21.07334468918699,5.475371784652346,21.0,0,-0.07334468918698889,21.0427324450959,20.5,21.5
276.0,20.76416577313352,21.070284416265046,5.477066915157161,21.0,0,-0.07028441626504645,21.039681687045622,20.5,21.5
277.0,20.761108353361927,21.067225094568073,5.478761682354769,21.0,0,-0.06722509456807302,21.03663187759834,20.5,21.5
278.0,20.758051884027726,21.064166723833686,5.480456084954527,21.0,0,-0.06416672383368649,21.03358301648982,20.5,21.5
279.0,20.75499636486791,21.061109303799288,5.482150121666077,21.0,0,-0.06110930379928803,21.030535103455303,20.5,21.5
280.0,20.75194179561927,21.05805283420208,5.483843791199336,21.0,0,-0.05805283420207985,21.027488138229998,20.5,21.5
281.0,20.748888176018387,21.05499731477905,5.485537092264499,21.0,0,-0.05499731477905101,21.024442120548763,20.5,21.5
282.0,20.745835505801637,21.05194274526699,5.487230023572045,21.0,0,-0.05194274526699161,21.021397050146398,20.5,21.5
283.0,20.74278378470519,21.048889125402486,5.488922583832733,21.0,0,-0.04888912540248569,21.018352926757427,20.5,21.5
284.0,20.739733012465013,21.045836454921904,5.490614771757605,21.0,0,-0.045836454921904135,21.01530975011609,20.5,21.5
285.0,20.736683188816873,21.042784733561426,5.492306586057986,21.0,0,-0.04278473356142598,21.012267519956644,20.5,21.5
286.0,20.73363431349632,21.03973396105701,5.493998025445486,21.0,0,-0.03973396105700999,21.00922623601285,20.5,21.5
287.0,20.73058638623871,21.036684137144427,5.495689088632,21.0,0,-0.03668413714442664,21.006185898018593,20.5,21.5
288.0,20.727539406779186,21.033635261559223,5.497379774329709,21.0,0,-0.033635261559222585,21.003146505707182,20.5,21.5
289.0,20.724493374852695,21.03058733403676,5.499070081251085,21.0,0,-0.030587334036759728,21.00010805881213,20.5,21.5
290.0,20.721448290193976,21.02754035431218,5.500760008108883,21.0,0,-0.027540354312179716,20.99707055706638,20.5,21.5
291.0,20.71840415253756,21.024494322120425,5.502449553616151,21.0,0,-0.024494322120425238,20.99403400020288,20.5,21.5
292.0,20.715360961617776,21.02144923719624,5.504138716486227,21.0,0,-0.021449237196240034,20.990998387954388,20.5,21.5
293.0,20.71231871716875,21.018405099274155,5.50582749543274,21.0,0,-0.01840509927415468,20.9879637200533,20.5,21.5
294.0,20.7092774189244,21.015361908088494,5.507515889169611,21.0,0,-0.015361908088493692,20.984929996231884,20.5,21.5
295.0,20.70623706661845,21.01231966337339,5.509203896411055,21.0,0,-0.012319663373389744,20.98189721622235,20.5,21.5
296.0,20.703197659984408,21.00927836486276,5.510891515871581,21.0,0,-0.009278364862758792,20.97886537975645,20.5,21.5
297.0,20.700159198755586,21.00623801229032,5.512578746265993,21.0,0,-0.006238012290321393,20.975834486565947,20.5,21.5
298.0,20.697121682665088,21.003198605389592,5.514265586309392,21.0,0,-0.0031986053895920463,20.9728045363823,20.5,21.5
299.0,20.694085111445816,21.000160143893872,5.515952034717176,21.0,0,-0.00016014389387208894,20.969775528936673,20.5,21.5
300.0,20.69104948483047,20.997122627536278,5.5176380902050415,21.0,0,0.0028773724637218834,20.96674746396034,20.5,21.5
301.0,20.688014802551542,20.994086056049703,5.519323751488983,21.0,0,0.005913943950297096,20.96372034118395,20.5,21.5
302.0,20.68498106434133,20.991050429166854,5.521009017285297,21.0,0,0.008949570833145515,20.96069416033837,20.5,21.5
303.0,20.68194826993192,20.98801574662022,5.522693886310579,21.0,0,0.011984253379779375,20.957668921153882,20.5,21.5
304.0,20.678916419055195,20.984982008142097,5.524378357281729,21.0,0,0.015017991857902757,20.954644623360863,20.5,21.5
305.0,20.67588551144284,20.98194921346457,5.5260624289159495,21.0,0,0.018050786535429353,20.951621266689305,20.5,21.5
306.0,20.672855546826334,20.978917362319528,5.527746099930746,21.0,0,0.021082637680471805,20.948598850869104,20.5,21.5
307.0,20.669826524936955,20.975886454438655,5.529429369043929,21.0,0,0.024113545561345262,20.94557737562992,20.5,21.5
308.0,20.666798445505776,20.972856489553426,5.531112234973618,21.0,0,0.02714351044657448,20.942556840701133,20.5,21.5
309.0,20.66377130826367,20.96982746739512,5.532794696438235,21.0,0,0.03017253260487962,20.93953724581207,20.5,21.5
310.0,20.660745112941303,20.966799387694813,5.534476752156514,21.0,0,0.033200612305186894,20.93651859069174,20.5,21.5
311.0,20.657719859269147,20.963772250183375,5.536158400847495,21.0,0,0.03622774981662502,20.933500875068994,20.5,21.5
312.0,20.65469554697746,20.960746054591475,5.537839641230532,21.0,0,0.039253945408525226,20.930484098672473,20.5,21.5
313.0,20.65167217579631,20.957720800649586,5.539520472025284,21.0,0,0.04227919935041413,20.927468261230697,20.5,21.5
314.0,20.648649745455558,20.95469648808796,5.5412008919517275,21.0,0,0.04530351191203863,20.924453362471716,20.5,21.5
315.0,20.64562825568486,20.95167311663667,5.542880899730148,21.0,0,0.04832688336333035,20.921439402123752,20.5,21.5
316.0,20.642607706213667,20.948650686025573,5.544560494081149,21.0,0,0.05134931397442699,20.918426379914607,20.5,21.5
317.0,20.63958809677124,20.94562919598433,5.546239673725643,21.0,0,0.05437080401566874,20.915414295571914,20.5,21.5
318.0,20.63656942708663,20.942608646242395,5.547918437384865,21.0,0,0.0573913537576054,20.912403148823028,20.5,21.5
319.0,20.63355169688869,20.93958903652902,5.549596783780361,21.0,0,0.06041096347097863,20.90939293939529,20.5,21.5
320.0,20.63053490590607,20.93657036657326,5.551274711633998,21.0,0,0.06342963342673968,20.90638366701565,20.5,21.5
321.0,20.627519053867218,20.933552636103972,5.5529522196679615,21.0,0,0.06644736389602812,20.903375331411088,20.5,21.5
322.0,20.624504140500378,20.930535844849796,5.554629306604755,21.0,0,0.06946415515020377,20.90036793230804,20.5,21.5
323.0,20.621490165533597,20.927519992539192,5.556305971167205,21.0,0,0.07248000746080763,20.897361469433154,20.5,21.5
324.0,20.618477128694725,20.9245050789004,5.557982212078459,21.0,0,0.07549492109960099,20.894355942512465,20.5,21.5
325.0,20.6154650297114,20.921491103661463,5.5596580280619845,21.0,0,0.07850889633853697,20.891351351272103,20.5,21.5
326.0,20.61245386831107,20.918478066550236,5.561333417841576,21.0,0,0.0815219334497641,20.888347695437965,20.5,21.5
327.0,20.609443644220978,20.91546596729436,5.563008380141351,21.0,0,0.08453403270564053,20.885344974735595,20.5,21.5
328.0,20.606434357168162,20.912454805621273,5.564682913685753,21.0,0,0.08754519437872688,20.88234318889041,20.5,21.5
329.0,20.603426006879467,20.90944458125822,5.566357017199552,21.0,0,0.09055541874177919,20.879342337627698,20.5,21.5
330.0,20.600418593081532,20.906435293932244,5.568030689407845,21.0,0,0.09356470606775602,20.876342420672476,20.5,21.5
331.0,20.5974121155008,20.90342694337019,5.569703929036058,21.0,0,0.0965730566298113,20.873343437749636,20.5,21.5
332.0,20.594406573863505,20.900419529298695,5.571376734809947,21.0,0,0.09958047070130505,20.870345388583758,20.5,21.5
333.0,20.591401967895695,20.897413051444197,5.573049105455596,21.0,0,0.1025869485558033,20.867348272899214,20.5,21.5
334.0,20.588398297323206,20.894407509532947,5.5747210396994245,21.0,0,0.10559249046705332,20.864352090420446,20.5,21.5
335.0,20.58539556187168,20.891402903290974,5.5763925362681785,21.0,0,0.10859709670902618,20.861356840871245,20.5,21.5
336.0,20.582393761266562,20.88839923244413,5.578063593888944,21.0,0,0.11160076755587056,20.858362523975686,20.5,21.5
337.0,20.579392895233088,20.885396496718045,5.579734211289135,21.0,0,0.11460350328195545,20.855369139457196,20.5,21.5
338.0,20.5763929634963,20.882394695838165,5.581404387196505,21.0,0,0.11760530416183457,20.852376687039374,20.5,21.5
339.0,20.57339396578104,20.879393829529736,5.583074120339143,21.0,0,0.12060617047026412,20.84938516644544,20.5,21.5
340.0,20.570395901811953,20.87639389751779,5.5847434094454735,21.0,0,0.12360610248220993,20.846394577398332,20.5,21.5
341.0,20.567398771313478,20.87339489952717,5.58641225324426,21.0,0,0.1266051004728297,20.843404919620973,20.5,21.5
342.0,20.564402574009865,20.870396835282527,5.588080650464608,21.0,0,0.1296031647174729,20.840416192836095,20.5,21.5
343.0,20.561407309625157,20.867399704508294,5.589748599835957,21.0,0,0.13260029549170582,20.837428396765965,20.5,21.5
344.0,20.558412977883197,20.864403506928728,5.591416100088093,21.0,0,0.1355964930712723,20.834441531133063,20.5,21.5
345.0,20.55541957850764,20.861408242267863,5.593083149951142,21.0,0,0.1385917577321365,20.83145559565922,20.5,21.5
346.0,20.552427111221927,20.858413910249553,5.5947497481555715,21.0,0,0.14158608975044729,20.828470590066445,20.5,21.5
347.0,20.549435575749314,20.85542051059744,5.596415893432196,21.0,0,0.1445794894025596,20.825486514076317,20.5,21.5
348.0,20.54644497181285,20.85242804303498,5.598081584512173,21.0,0,0.14757195696502023,20.822503367410373,20.5,21.5
349.0,20.54345529913539,20.849436507285418,5.599746820127006,21.0,0,0.15056349271458203,20.8195211497898,20.5,21.5
350.0,20.540466557439586,20.846445903071807,5.6014115990085465,21.0,0,0.15355409692819322,20.816539860935695,20.5,21.5
351.0,20.5374787464479,20.843456230117003,5.603075919888991,21.0,0,0.15654376988299745,20.81355950056896,20.5,21.5
352.0,20.534491865882586,20.840467488143656,5.604739781500889,21.0,0,0.15953251185634443,20.810580068410186,20.5,21.5
353.0,20.53150591546571,20.837479676874228,5.606403182577136,21.0,0,0.16252032312577214,20.80760156417995,20.5,21.5
354.0,20.528520894919133,20.83449279603098,5.608066121850981,21.0,0,0.16550720396902108,20.80462398759849,20.5,21.5
355.0,20.52553680396452,20.831506845335966,5.609728598056021,21.0,0,0.16849315466403425,20.801647338385834,20.5,21.5
356.0,20.522553642323338,20.828521824511053,5.611390609926211,21.0,0,0.1714781754889465,20.79867161626193,20.5,21.5
357.0,20.519571409716857,20.82553773327791,5.613052156195855,21.0,0,0.17446226672209164,20.795696820946457,20.5,21.5
358.0,20.516590105866154,20.822554571357998,5.6147132355996145,21.0,0,0.1774454286420024,20.79272295215889,20.5,21.5
359.0,20.5136097304921,20.81957233847259,5.616373846872503,21.0,0,0.18042766152741052,20.78975000961851,20.5,21.5
360.0,20.510630283315376,20.81659103434276,5.618033988749895,21.0,0,0.18340896565723952,20.78677799304447,20.5,21.5
361.0,20.50765176405646,20.813610658689385,5.619693659967519,21.0,0,0.18638934131061546,20.783806902155625,20.5,21.5
362.0,20.504674172435642,20.81063121123314,5.621352859261464,21.0,0,0.1893687887668598,20.780836736670697,20.5,21.5
363.0,20.501697508173006,20.80765269169451,5.623011585368176,21.0,0,0.1923473083054894,20.777867496308215,20.5,21.5
364.0,20.498721770988446,20.80467509979378,5.624669837024465,21.0,0,0.19532490020622006,20.774899180786473,20.5,21.5
365.0,20.495746960601654,20.801698435251037,5.626327612967499,21.0,0,0.198301564748963,20.771931789823608,20.5,21.5
366.0,20.492773076732128,20.79872269778617,5.62798491193481,21.0,0,0.20127730221382834,20.768965323137518,20.5,21.5
367.0,20.48980011909917,20.79574788711888,5.629641732664292,21.0,0,0.20425211288112166,20.765999780445945,20.5,21.5
368.0,20.48682808742188,20.792774002968653,5.631298073894205,21.0,0,0.20722599703134748,20.763035161466394,20.5,21.5
369.0,20.483856981419176,20.789801045054798,5.632953934363172,21.0,0,0.21019895494520213,20.76007146591625,20.5,21.5
370.0,20.480886800809767,20.786829013096423,5.634609312810184,21.0,0,0.2131709869035774,20.75710869351267,20.5,21.5
371.0,20.477917545312167,20.78385790681243,5.636264207974598,21.0,0,0.21614209318757105,20.754146843972492,20.5,21.5
372.0,20.4749492146447,20.780887725921538,5.63791861859614,21.0,0,0.21911227407846212,20.751185917012627,20.5,21.5
373.0,20.471981808525488,20.777918470142257,5.6395725434149035,21.0,0,0.22208152985774277,20.74822591234945,20.5,21.5
374.0,20.469015326672466,20.774950139192914,5.6412259811713525,21.0,0,0.22504986080708633,20.745266829699478,20.5,21.5
375.0,20.466049768803366,20.771982732791635,5.642878930606323,21.0,0,0.22801726720836513,20.742308668778847,20.5,21.5
376.0,20.463085134635726,20.769016250656346,5.644531390461022,21.0,0,0.23098374934365395,20.739351429303458,20.5,21.5
377.0,20.460121423886893,20.766050692504784,5.646183359477029,21.0,0,0.23394930749521592,20.736395110989164,20.5,21.5
378.0,20.45715863627401,20.76308605805449,5.6478348363962985,21.0,0,0.23691394194550952,20.733439713551554,20.5,21.5
379.0,20.454196771514034,20.760122347022804,5.649485819961159,21.0,0,0.23987765297719577,20.730485236705942,20.5,21.5
380.0,20.451235829323725,20.757159559126872,5.651136308914314,21.0,0,0.2428404408731275,20.727531680167555,20.5,21.5
381.0,20.44827580941964,20.754197694083654,5.652786301998844,21.0,0,0.2458023059163459,20.72457904365147,20.5,21.5
382.0,20.445316711518156,20.751236751609905,5.654435797958207,21.0,0,0.24876324839009456,20.72162732687242,20.5,21.5
383.0,20.442358535335444,20.74827673142219,5.656084795536243,21.0,0,0.251723268577809,20.718676529545046,20.5,21.5
384.0,20.439401280587486,20.745317633236883,5.6577332934771665,21.0,0,0.2546823667631166,20.715726651383807,20.5,21.5
385.0,20.436444946990065,20.742359456770153,5.659381290525575,21.0,0,0.2576405432298472,20.712777692102847,20.5,21.5
386.0,20.433489534258772,20.73940220173798,5.661028785426446,21.0,0,0.2605977982620189,20.709829651416264,20.5,21.5
387.0,20.430535042109007,20.73644586785615,5.662675776925142,21.0,0,0.2635541321438488,20.706882529037852,20.5,21.5
388.0,20.42758147025597,20.733490454840258,5.664322263767406,21.0,0,0.26650954515974234,20.703936324681322,20.5,21.5
389.0,20.42462881841467,20.730535962405693,5.665968244699369,21.0,0,0.26946403759430737,20.700991038060042,20.5,21.5
390.0,20.42167708629993,20.727582390267667,5.667613718467542,21.0,0,0.272417609732333,20.69804666888741,20.5,21.5
391.0,20.418726273626362,20.724629738141186,5.669258683818827,21.0,0,0.2753702618588143,20.695103216876372,20.5,21.5
392.0,20.4157763801084,20.72167800574106,5.67090313950051,21.0,0,0.27832199425893833,20.69216068173982,20.5,21.5
393.0,20.41282740546028,20.718727192781923,5.672547084260268,21.0,0,0.2812728072180768,20.68921906319054,20.5,21.5
394.0,20.40987934939604,20.7157772989782,5.674190516846164,21.0,0,0.28422270102180036,20.686278360940964,20.5,21.5
395.0,20.40693221162953,20.712828324044118,5.675833436006654,21.0,0,0.2871716759558822,20.6833385747033,20.5,21.5
396.0,20.403985991874407,20.709880267693727,5.677475840490583,21.0,0,0.2901197323062732,20.680399704189817,20.5,21.5
397.0,20.40104068984413,20.706933129640873,5.679117729047188,21.0,0,0.2930668703591266,20.67746174911234,20.5,21.5
398.0,20.398096305251972,20.703986909599212,5.6807591004261,21.0,0,0.2960130904007876,20.674524709182602,20.5,21.5
399.0,20.395152837811008,20.701041607282207,5.6823999533773435,21.0,0,0.29895839271779323,20.67158858411215,20.5,21.5
400.0,20.39221028723412,20.698097222403124,5.684040286651338,21.0,0,0.3019027775968759,20.668653373612297,20.5,21.5
401.0,20.389268653234005,20.695153754675044,5.685680098998897,21.0,0,0.3048462453249563,20.66571907739424,20.5,21.5
402.0,20.38632793552316,20.69221120381085,5.687319389171233,21.0,0,0.30778879618915056,20.662785695168907,20.5,21.5
403.0,20.383388133813888,20.689269569523237,5.688958155919954,21.0,0,0.3107304304767631,20.65985322664711,20.5,21.5
404.0,20.38044924781831,20.686328851524696,5.690596397997069,21.0,0,0.3136711484753043,20.656921671539283,20.5,21.5
405.0,20.377511277248345,20.68338904952754,5.692234114154986,21.0,0,0.3166109504724588,20.653991029555996,20.5,21.5
406.0,20.374574221815728,20.680450163243883,5.693871303146512,21.0,0,0.31954983675611714,20.6510613004073,20.5,21.5
407.0,20.371638081231993,20.67751219238565,5.695507963724856,21.0,0,0.32248780761435114,20.64813248380331,20.5,21.5
408.0,20.36870285520849,20.67457513666457,5.6971440946436305,21.0,0,0.3254248633354315,20.645204579453765,20.5,21.5
409.0,20.365768543456376,20.671638995792183,5.69877969465685,21.0,0,0.32836100420781733,20.642277587068325,20.5,21.5
410.0,20.362835145686617,20.668703769479837,5.7004147625189345,21.0,0,0.331296230520163,20.63935150635638,20.5,21.5
411.0,20.359902661609983,20.66576945743869,5.702049296984709,21.0,0,0.33423054256131124,20.636426337027206,20.5,21.5
412.0,20.35697109093706,20.662836059379703,5.703683296809404,21.0,0,0.33716394062029664,20.63350207878985,20.5,21.5
413.0,20.354040433378234,20.65990357501365,5.705316760748657,21.0,0,0.3400964249863492,20.630578731353125,20.5,21.5
414.0,20.351110688643708,20.65697200405112,5.706949687558514,21.0,0,0.34302799594888,20.62765629442581,20.5,21.5
415.0,20.34818185644349,20.654041346202494,5.708582075995432,21.0,0,0.34595865379750634,20.62473476771623,20.5,21.5
416.0,20.3452539364874,20.65111160117798,5.710213924816274,21.0,0,0.3488883988220195,20.62181415093285,20.5,21.5
417.0,20.342326928485065,20.64818276868758,5.711845232778318,21.0,0,0.3518172313124204,20.61889444378357,20.5,21.5
418.0,20.339400832145923,20.64525484844112,5.71347599863925,21.0,0,0.3547451515588804,20.61597564597652,20.5,21.5
419.0,20.33647564717922,20.64232784014822,5.715106221157173,21.0,0,0.3576721598517807,20.613057757219217,20.5,21.5
420.0,20.333551373294018,20.639401743518327,5.716735899090601,21.0,0,0.36059825648167276,20.610140777219407,20.5,21.5
421.0,20.330628010199177,20.636476558260682,5.718365031198462,21.0,0,0.36352344173931783,20.60722470568423,20.5,21.5
422.0,20.327705557603377,20.633552284084345,5.719993616240102,21.0,0,0.3664477159156547,20.604309542320976,20.5,21.5
423.0,20.324784015215105,20.630628920698182,5.7216216529752835,21.0,0,0.3693710793018177,20.601395286836553,20.5,21.5
424.0,20.321863382742656,20.62770646781087,5.723249140164184,21.0,0,0.3722935321891292,20.598481938937756,20.5,21.5
425.0,20.31894365989414,20.624784925130893,5.724876076567403,21.0,0,0.3752150748691072,20.595569498331113,20.5,21.5
426.0,20.316024846377474,20.621864292366553,5.726502460945957,21.0,0,0.3781357076334473,20.592657964723152,20.5,21.5
427.0,20.313106941900386,20.618944569225953,5.728128292061283,21.0,0,0.38105543077404747,20.58974733781995,20.5,21.5
428.0,20.310189946170418,20.61602575541702,5.729753568675239,21.0,0,0.3839742445829799,20.586837617327696,20.5,21.5
429.0,20.30727385889492,20.613107850647474,5.731378289550109,21.0,0,0.38689214935252636,20.58392880295201,20.5,21.5
430.0,20.30435867978105,20.610190854624854,5.733002453448595,21.0,0,0.3898091453751462,20.581020894398655,20.5,21.5
431.0,20.301444408535783,20.607274767056516,5.734626059133825,21.0,0,0.3927252329434836,20.578113891373143,20.5,21.5
432.0,20.298531044865904,20.60435958764962,5.736249105369356,21.0,0,0.3956404123503816,20.57520779358064,20.5,21.5
433.0,20.295618588478003,20.601445316111135,5.737871590919164,21.0,0,0.3985546838888645,20.572302600726307,20.5,21.5
434.0,20.292707039078493,20.59853195214785,5.739493514547658,21.0,0,0.4014680478521484,20.569398312515013,20.5,21.5
435.0,20.289796396373585,20.59561949546636,5.741114875019672,21.0,0,0.40438050453364127,20.56649492865143,20.5,21.5
436.0,20.286886660069314,20.592707945773064,5.742735671100469,21.0,0,0.4072920542269358,20.56359244884012,20.5,21.5
437.0,20.28397782987152,20.589797302774187,5.7443559015557435,21.0,0,0.41020269722581304,20.560690872785415,20.5,21.5
438.0,20.281069905485857,20.586887566175758,5.745975565151618,21.0,0,0.41311243382424223,20.557790200191466,20.5,21.5
439.0,20.27816288661779,20.58397873568362,5.747594660654649,21.0,0,0.416021264316381,20.55489043076223,20.5,21.5
440.0,20.275256772972597,20.58107081100342,5.749213186831824,21.0,0,0.4189291889965787,20.551991564201444,20.5,21.5
441.0,20.27235156425537,20.57816379184063,5.750831142450566,21.0,0,0.4218362081593696,20.54909360021272,20.5,21.5
442.0,20.26944726017101,20.57525767790053,5.752448526278731,21.0,0,0.42474232209946905,20.546196538499537,20.5,21.5
443.0,20.266543860424232,20.572352468888205,5.7540653370846115,21.0,0,0.4276475311117949,20.543300378764947,20.5,21.5
444.0,20.263641364719565,20.569448164508565,5.7556815736369344,21.0,0,0.4305518354914355,20.54040512071216,20.5,21.5
445.0,20.260739772761347,20.566544764466315,5.757297234704866,21.0,0,0.43345523553368537,20.537510764043816,20.5,21.5
446.0,20.257839084253735,20.563642268465987,5.75891231905801,21.0,0,0.436357731534013,20.53461730846271,20.5,21.5
447.0,20.254939298900695,20.560740676211925,5.7605268254664095,21.0,0,0.4392593237880753,20.531724753671302,20.5,21.5
448.0,20.252040416406007,20.55783998740828,5.762140752700548,21.0,0,0.4421600125917209,20.528833099371823,20.5,21.5
449.0,20.249142436473267,20.554940201759024,5.763754099531349,21.0,0,0.4450597982409761,20.525942345266472,20.5,21.5
450.0,20.24624535880588,20.55204131896793,5.765366864730179,21.0,0,0.4479586810320697,20.523052491056994,20.5,21.5
451.0,20.243349183107064,20.549143338738595,5.766979047068848,21.0,0,0.45085666126140467,20.520163536445246,20.5,21.5
452.0,20.240453909079857,20.546246260774428,5.768590645319607,21.0,0,0.45375373922557216,20.517275481132753,20.5,21.5
453.0,20.237559536427106,20.54335008477865,5.770201658255156,21.0,0,0.4566499152213517,20.514388324820853,20.5,21.5
454.0,20.23466606485147,20.540454810454293,5.771812084648637,21.0,0,0.45954518954570744,20.511502067210735,20.5,21.5
455.0,20.23177349405543,20.537560437504204,5.7734219232736415,21.0,0,0.46243956249579554,20.508616708003323,20.5,21.5
456.0,20.228881823741276,20.534666965631043,5.775031172904206,21.0,0,0.4653330343689568,20.50573224689943,20.5,21.5
457.0,20.225991053611107,20.531774394537294,5.776639832314817,21.0,0,0.4682256054627061,20.5028486835998,20.5,21.5
458.0,20.223101183366847,20.528882723925243,5.778247900280412,21.0,1,0.4711172760747573,20.49996601780473,20.5,21.5
459.0,20.24021221271023,20.529991953496996,5.779855375576377,21.0,1,0.4700080465030041,20.541084249214528,20.5,21.5
460.0,20.257320141342802,20.535101282954468,5.781462256978547,21.0,1,0.4648987170455321,20.586194577529188,20.5,21.5
461.0,20.274424969765928,20.5442099121594,5.783068543263215,21.0,1,0.45579008784060093,20.63529620420871,20.5,21.5
462.0,20.291526698480627,20.557317041133302,5.784674233207123,21.0,1,0.4426829588666976,20.688388330872336,20.5,21.5
463.0,20.308625327987574,20.574421870057446,5.786279325587468,21.0,1,0.4255781299425543,20.74547015929888,20.5,21.5
464.0,20.325720858787093,20.59152359927282,5.787883819181902,21.0,1,0.4084764007271815,20.762540891426546,20.5,21.5
465.0,20.342813291379173,20.608622229280094,5.789487712768534,21.0,1,0.391377770719906,20.77960852935285,20.5,21.5
466.0,20.35990262626345,20.625717760579597,5.79109100512593,21.0,1,0.3742822394204026,20.79667307357463,20.5,21.5
467.0,20.376988863939225,20.642810193671316,5.792693695033112,21.0,1,0.3571898063286838,20.813734524588504,20.5,21.5
468.0,20.394072004905443,20.659899529054893,5.794295781269561,21.0,1,0.34010047094510654,20.830792882890666,20.5,21.5
469.0,20.411152049660714,20.676985767229617,5.79589726261522,21.0,1,0.3230142327703831,20.84784814897685,20.5,21.5
470.0,20.428228998703304,20.694068908694444,5.797498137850493,21.0,1,0.3059310913055562,20.864900323342713,20.5,21.5
471.0,20.445302852531132,20.71114895394798,5.79909840575624,21.0,1,0.28885104605202017,20.88194940648334,20.5,21.5
472.0,20.462373611641777,20.72822590348849,5.80069806511379,21.0,1,0.2717740965115105,20.898995398893586,20.5,21.5
473.0,20.47944127653247,20.745299757813893,5.802297114704932,21.0,1,0.2547002421861073,20.916038301067925,20.5,21.5
474.0,20.496505847700103,20.762370517421772,5.8038955533119205,21.0,1,0.23762948257822814,20.933078113500564,20.5,21.5
475.0,20.513567325641226,20.779438182809358,5.805493379717475,21.0,1,0.22056181719064227,20.950114836685216,20.5,21.5
476.0,20.530625710852043,20.79650275447354,5.80709059270478,21.0,1,0.2034972455264601,20.96714847111536,20.5,21.5
477.0,20.547681003828412,20.813564232910867,5.80868719105749,21.0,1,0.186435767089133,20.984179017284138,20.5,21.5
478.0,20.564733205065856,20.830622618617546,5.810283173559725,21.0,1,0.1693773813824535,21.00120647568434,20.5,21.5
479.0,20.581782315059556,20.847677912089434,5.811878538996075,21.0,1,0.15232208791056578,21.01823084680831,20.5,21.5
480.0,20.598828334304343,20.864730113822056,5.8134732861516,21.0,1,0.13526988617794444,21.03525213114827,20.5,21.5
481.0,20.615871263294714,20.88177922431059,5.815067413811831,21.0,1,0.1182207756894087,21.05227032919595,20.5,21.5
482.0,20.63291110252482,20.89882524404987,5.81666092076277,21.0,1,0.10117475595012948,21.069285441442663,20.5,21.5
483.0,20.649947852488467,20.915868173534392,5.818253805790892,21.0,1,0.08413182646560813,21.086297468379605,20.5,21.5
484.0,20.666981513679126,20.932908013258306,5.819846067683145,21.0,1,0.06709198674169414,21.103306410497446,20.5,21.5
485.0,20.684012086589927,20.949944763715425,5.821437705226955,21.0,1,0.050055236284574534,21.12031226828662,20.5,21.5
486.0,20.701039571713654,20.966978425399212,5.823028717210217,21.0,1,0.03302157460078803,21.137315042237077,20.5,21.5
487.0,20.718063969542754,20.9840089988028,5.82461910242131,21.0,1,0.015991001197200205,21.154314732838678,20.5,21.5
488.0,20.73508528056933,21.001036484418975,5.826208859649084,21.0,1,-0.001036484418975192,21.17131134058073,20.5,21.5
489.0,20.752103505285145,21.01806088274018,5.827797987682869,21.0,1,-0.018060882740179807,21.188304865952226,20.5,21.5
490.0,20.769118644181624,21.035082194258518,5.829386485312478,21.0,1,-0.035082194258517774,21.205295309441897,20.5,21.5
491.0,20.78613069774985,21.052100419465756,5.830974351328199,21.0,1,-0.05210041946575572,21.222282671538135,20.5,21.5
492.0,20.803139666480565,21.06911555885332,5.8325615845208025,21.0,1,-0.06911555885331921,21.239266952728954,20.5,21.5
493.0,20.820145550864172,21.086127612912286,5.834148183681542,21.0,1,-0.08612761291228566,21.25624815350195,20.5,21.5
494.0,20.837148351390734,21.103136582133402,5.835734147602153,21.0,1,-0.10313658213340204,21.273226274344566,20.5,21.5
495.0,20.854148068549975,21.12014246700707,5.837319475074857,21.0,1,-0.12014246700707076,21.290201315743758,20.5,21.5
496.0,20.87114470283128,21.137145268023357,5.838904164892354,21.0,1,-0.1371452680233567,21.307173278186216,20.5,21.5
497.0,20.888138254723692,21.154144985671984,5.840488215847837,21.0,1,-0.15414498567198365,21.324142162158253,20.5,21.5
498.0,20.90512872471592,21.171141620442334,5.842071626734982,21.0,1,-0.17114162044233439,21.34110796814584,20.5,21.5
499.0,20.922116113296322,21.188135172823454,5.843654396347952,21.0,1,-0.18813517282345416,21.358070696634652,20.5,21.5
500.0,20.939100420952933,21.205125643304047,5.8452365234813985,21.0,1,-0.20512564330404714,21.375030348109977,20.5,21.5
501.0,20.956081648173438,21.222113032372476,5.846818006930464,21.0,1,-0.22211303237247648,21.39198692305677,20.5,21.5
502.0,20.973059795445188,21.239097340516775,5.84839884549078,21.0,1,-0.2390973405167749,21.40894042195976,20.5,21.5
503.0,20.990034863255197,21.25607856822463,5.8499790379584695,21.0,1,-0.2560785682246305,21.425890845303186,20.5,21.5
504.0,21.007006852090136,21.273056715983394,5.851558583130146,21.0,1,-0.27305671598339387,21.442838193571028,20.5,21.5
505.0,21.023975762436343,21.290031784280078,5.853137479802917,21.0,1,-0.29003178428007814,21.45978246724692,20.5,21.5
506.0,21.040941594779817,21.307003773601355,5.854715726774384,21.0,1,-0.30700377360135533,21.476723666814127,20.5,21.5
507.0,21.057904349606215,21.32397268443356,5.856293322842646,21.0,1,-0.32397268443356,21.493661792755606,20.5,21.5
508.0,21.074864027400864,21.340938517262693,5.857870266806292,21.0,0,-0.34093851726269264,21.51059684555402,20.5,21.5
509.0,21.071820628648744,21.35390127257441,5.859446557464411,21.0,0,-0.3539012725744115,21.4835288256916,20.5,21.5
510.0,21.068778153834508,21.362861750854044,5.8610221936165905,21.0,0,-0.3628617508540444,21.452466533650373,20.5,21.5
511.0,21.065736602642463,21.36782075242657,5.8625971740629135,21.0,0,-0.36782075242657086,21.417410768151836,20.5,21.5
512.0,21.062695974756746,21.368779077456676,5.864171497603965,21.0,0,-0.3687790774566757,21.378362327757724,20.5,21.5
513.0,21.059656269861314,21.365737525948767,5.8657451630408275,21.0,0,-0.3657375259487665,21.335322010869675,20.5,21.5
514.0,21.05661748763995,21.362696897747007,5.867318169175089,21.0,0,-0.3626968977470071,21.332290615729413,20.5,21.5
515.0,21.05357962777626,21.35965719253536,5.868890514808834,21.0,0,-0.35965719253535866,21.329260140418874,20.5,21.5
516.0,21.050542689953666,21.3566184099976,5.870462198744655,21.0,0,-0.3566184099976013,21.326230584620028,20.5,21.5
517.0,21.047506673855423,21.353580549817337,5.872033219785646,21.0,0,-0.35358054981733744,21.3232019480147,20.5,21.5
518.0,21.04447157916461,21.350543611677995,5.8736035767354045,21.0,0,-0.3505436116779954,21.320174230284575,20.5,21.5
519.0,21.041437405564125,21.347507595262833,5.875173268398037,21.0,0,-0.34750759526283304,21.31714743111121,20.5,21.5
520.0,21.038404152736693,21.344472500254916,5.876742293578155,21.0,0,-0.34447250025491627,21.31412155017575,20.5,21.5
521.0,21.035371820364862,21.34143832633716,5.878310651080877,21.0,0,-0.3414383263371583,21.31109658715958,20.5,21.5
522.0,21.032340408131006,21.338405073192277,5.87987833971183,21.0,0,-0.338405073192277,21.308072541743464,20.5,21.5
523.0,21.029309915717324,21.335372740502823,5.881445358277152,21.0,0,-0.33537274050282306,21.305049413608284,20.5,21.5
524.0,21.026280342805837,21.332341327951163,5.88301170558349,21.0,0,-0.33234132795116267,21.30202720243456,20.5,21.5
525.0,21.023251689078393,21.329310835219502,5.884577380438003,21.0,0,-0.329310835219502,21.299005907902895,20.5,21.5
526.0,21.020223954216664,21.326281261989863,5.88614238164836,21.0,0,-0.3262812619898625,21.295985529693468,20.5,21.5
527.0,21.01719713790215,21.32325260794409,5.887706708022744,21.0,0,-0.3232526079440916,21.292966067486383,20.5,21.5
528.0,21.014171239816175,21.320224872763863,5.8892703583698545,21.0,0,-0.3202248727638626,21.289947520961572,20.5,21.5
529.0,21.011146259639887,21.31719805613067,5.890833331498904,21.0,0,-0.3171980561306711,21.286929889798756,20.5,21.5
530.0,21.00812219705426,21.314172157725846,5.892395626219617,21.0,0,-0.31417215772584584,21.283913173677593,20.5,21.5
531.0,21.005099051740093,21.31114717723053,5.8939572413422425,21.0,0,-0.31114717723053076,21.28089737227738,20.5,21.5
532.0,21.00207682337801,21.308123114325703,5.895518175677539,21.0,0,-0.30812311432570283,21.277882485277424,20.5,21.5
533.0,20.99905551164847,21.305099968692165,5.89707842803679,21.0,0,-0.30509996869216494,21.274868512356786,20.5,21.5
534.0,20.99603511623175,21.30207774001054,5.898637997231793,21.0,0,-0.3020777400105388,21.271855453194277,20.5,21.5
535.0,20.99301563680795,21.299056427961276,5.90019688207487,21.0,0,-0.2990564279612755,21.268843307468643,20.5,21.5
536.0,20.989997073057005,21.296036032224656,5.9017550813788615,21.0,0,-0.2960360322246558,21.26583207485846,20.5,21.5
537.0,20.98697942465867,21.293016552480786,5.903312593957131,21.0,0,-0.2930165524807862,21.26282175504209,20.5,21.5
538.0,20.98396269129253,21.2899979884096,5.904869418623566,21.0,0,-0.2899979884095991,21.25981234769773,20.5,21.5
539.0,20.980946872637997,21.28698033969085,5.906425554192575,21.0,0,-0.28698033969084946,21.256803852503353,20.5,21.5
540.0,20.977931968374307,21.283963606004118,5.9079809994790935,21.0,0,-0.28396360600411796,21.253796269136803,20.5,21.5
541.0,20.974917978180528,21.280947787028822,5.9095357532985835,21.0,0,-0.28094778702882195,21.250789597275862,20.5,21.5
542.0,20.971904901735552,21.277932882444198,5.911089814467031,21.0,0,-0.27793288244419756,21.247783836597954,20.5,21.5
543.0,20.9688927387181,21.27491889192931,5.912643181800952,21.0,0,-0.2749188919293104,21.24477898678044,20.5,21.5
544.0,20.965881488806716,21.271905815163056,5.914195854117389,21.0,0,-0.27190581516305556,21.241775047500507,20.5,21.5
545.0,20.962871151679778,21.26889365182415,5.915747830233913,21.0,0,-0.2688936518241505,21.2387720184351,20.5,21.5
546.0,20.95986172701549,21.265882401591142,5.9172991089686295,21.0,0,-0.26588240159114207,21.235769899261058,20.5,21.5
547.0,20.95685321449188,21.262872064142407,5.918849689140171,21.0,0,-0.2628720641424067,21.232768689655053,20.5,21.5
548.0,20.953845613786807,21.259862639156147,5.920399569567703,21.0,0,-0.2598626391561467,21.229768389293547,20.5,21.5
549.0,20.950838924577965,21.256854126310397,5.921948749070925,21.0,0,-0.2568541263103974,21.226768997852904,20.5,21.5
550.0,20.947833146542862,21.253846525283016,5.923497226470068,21.0,0,-0.25384652528301643,21.223770515009207,20.5,21.5
551.0,20.94482827935885,21.250839835751687,5.9250450005859,21.0,0,-0.25083983575168745,21.220772940438398,20.5,21.5
552.0,20.941824322703095,21.24783405739393,5.926592070239724,21.0,0,-0.2478340573939306,21.217776273816362,20.5,21.5
553.0,20.938821276252604,21.244829189887092,5.928138434253378,21.0,0,-0.244829189887092,21.214780514818706,20.5,21.5
554.0,20.935819139684202,21.24182523290834,5.929684091449239,21.0,0,-0.24182523290834013,21.21178566312082,20.5,21.5
555.0,20.932817912674555,21.238822186134676,5.931229040650223,21.0,0,-0.23882218613467643,21.20879171839804,20.5,21.5
556.0,20.92981759490015,21.23582004924294,5.932773280679783,21.0,0,-0.23582004924293898,21.205798680325564,20.5,21.5
557.0,20.926818186037305,21.23281882190978,5.934316810361912,21.0,0,-0.2328188219097811,21.202806548578202,20.5,21.5
558.0,20.92381968576217,21.229818503811693,5.935859628521147,21.0,0,-0.22981850381169266,21.19981532283081,20.5,21.5
559.0,20.920822093750722,21.226819094624993,5.937401733982563,21.0,0,-0.22681909462499306,21.196825002757997,20.5,21.5
560.0,20.91782540967877,21.223820594025835,5.9389431255717815,21.0,0,-0.22382059402583465,21.19383558803425,20.5,21.5
561.0,20.91482963322195,21.220823001690196,5.940483802114964,21.0,0,-0.22082300169019575,21.190847078333807,20.5,21.5
562.0,20.911834764055726,21.217826317293877,5.94202376243882,21.0,0,-0.21782631729387703,21.18785947333069,20.5,21.5
563.0,20.9088408018554,21.214830540512526,5.943563005370601,21.0,0,-0.21483054051252637,21.18487277269902,20.5,21.5
564.0,20.905847746296104,21.2118356710216,5.945101529738108,21.0,0,-0.21183567102159984,21.181886976112335,20.5,21.5
565.0,20.902855597052792,21.208841708496404,5.946639334369687,21.0,0,-0.20884170849640427,21.17890208324445,20.5,21.5
566.0,20.899864353800254,21.205848652612065,5.948176418094232,21.0,0,-0.2058486526120653,21.175918093768676,20.5,21.5
567.0,20.89687401621311,21.20285650304354,5.949712779741189,21.0,0,-0.20285650304354164,21.172935007358305,20.5,21.5
568.0,20.893884583965818,21.199865259465625,5.95124841814055,21.0,0,-0.19986525946562494,21.169952823686458,20.5,21.5
569.0,20.890896056732654,21.196874921552936,5.952783332122861,21.0,0,-0.1968749215529364,21.16697154242605,20.5,21.5
570.0,20.887908434187732,21.193885488979923,5.954317520519217,21.0,0,-0.19388548897992308,21.16399116324979,20.5,21.5
571.0,20.884921716005,21.190896961420872,5.955850982161267,21.0,0,-0.1908969614208722,21.161011685830363,20.5,21.5
572.0,20.88193590185823,21.187909338549893,5.957383715881214,21.0,0,-0.18790933854989333,21.158033109840105,20.5,21.5
573.0,20.878950991421036,21.184922620040936,5.958915720511813,21.0,0,-0.18492262004093618,21.155055434951365,20.5,21.5
574.0,20.875966984366855,21.181936805567776,5.960446994886378,21.0,0,-0.18193680556777636,21.152078660836178,20.5,21.5
575.0,20.87298388036896,21.178951894804023,5.961977537838775,21.0,0,-0.17895189480402252,21.149102787166484,20.5,21.5
576.0,20.870001679100454,21.17596788742311,5.96350734820343,21.0,0,-0.1759678874231092,21.146127813613976,20.5,21.5
577.0,20.867020380234276,21.17298478309832,5.9650364248153265,21.0,0,-0.17298478309832177,21.143153739850447,20.5,21.5
578.0,20.86403998344319,21.17000258150275,5.966564766510005,21.0,0,-0.17000258150275016,21.140180565547034,20.5,21.5
579.0,20.861060488399804,21.167021282309342,5.968092372123566,21.0,0,-0.1670212823093422,21.137208290375263,20.5,21.5
580.0,20.85808189477655,21.164040885190865,5.9696192404926745,21.0,0,-0.16404088519086457,21.134236914006088,20.5,21.5
581.0,20.855104202245695,21.161061389819913,5.9711453704545505,21.0,0,-0.16106138981991336,21.1312664361104,20.5,21.5
582.0,20.852127410479337,21.158082795868925,5.972670760846981,21.0,0,-0.15808279586892482,21.12829685635904,20.5,21.5
583.0,20.849151519149412,21.155105103010168,5.974195410508315,21.0,0,-0.15510510301016822,21.125328174422602,20.5,21.5
584.0,20.846176527927685,21.152128310915742,5.9757193182774655,21.0,0,-0.1521283109157423,21.122360389971483,20.5,21.5
585.0,20.843202436485754,21.149152419257582,5.97724248299391,21.0,0,-0.14915241925758238,21.119393502675983,20.5,21.5
586.0,20.840229244495056,21.146177427707453,5.978764903497693,21.0,0,-0.14617742770745323,21.11642751220616,20.5,21.5
587.0,20.837256951626856,21.143203335936956,5.980286578629424,21.0,0,-0.14320333593695622,21.113462418231986,20.5,21.5
588.0,20.834285557552256,21.140230143617526,5.981807507230282,21.0,0,-0.14023014361752573,21.11049822042322,20.5,21.5
589.0,20.831315061942192,21.13725785042043,5.983327688142013,21.0,0,-0.13725785042042915,21.107534918449463,20.5,21.5
590.0,20.828345464467432,21.134286456016763,5.984847120206934,21.0,0,-0.13428645601676337,21.104572511980106,20.5,21.5
591.0,20.82537676479858,21.131315960077465,5.986365802267931,21.0,0,-0.13131596007746538,21.101611000684485,20.5,21.5
592.0,20.822408962606076,21.128346362273312,5.987883733168462,21.0,0,-0.1283463622733123,21.09865038423178,20.5,21.5
593.0,20.819442057560188,21.125377662274897,5.989400911752556,21.0,0,-0.12537766227489655,21.09569066229074,20.5,21.5
594.0,20.816476049331026,21.122409859752665,5.990917336864815,21.0,0,-0.12240985975266483,21.092731834530348,20.5,21.5
595.0,20.813510937588532,21.119442954376886,5.992433007350416,21.0,0,-0.11944295437688623,21.0897739006191,20.5,21.5
596.0,20.810546722002485,21.116476945817663,5.993947922055111,21.0,0,-0.11647694581766288,21.08681686022543,20.5,21.5
597.0,20.807583402242496,21.113511833744948,5.9954620798252245,21.0,0,-0.11351183374494767,21.083860713017796,20.5,21.5
598.0,20.80462097797801,21.110547617828512,5.99697547950766,21.0,0,-0.1105476178285123,21.08090545866416,20.5,21.5
599.0,20.80165944887832,21.107584297737972,5.9984881199499,21.0,0,-0.10758429773797218,21.07795109683257,20.5,21.5
600.0,20.798698814612532,21.104621873142772,6.0,21.0,0,-0.10462187314277216,21.074997627190772,20.5,21.5
601.0,20.79573907484961,21.1016603437122,6.001511118506599,21.0,0,-0.10166034371220078,21.072045049406487,20.5,21.5
602.0,20.79278022925834,21.09869970911537,6.003021474318914,21.0,0,-0.09869970911536896,21.06909336314705,20.5,21.5
603.0,20.78982227750735,21.095739969021235,6.004531066286745,21.0,0,-0.09573996902123483,21.066142568079893,20.5,21.5
604.0,20.786865219265106,21.092781123098593,6.0060398932604695,21.0,0,-0.0927811230985931,21.063192663872176,20.5,21.5
605.0,20.783909054199906,21.089823171016068,6.007547954091052,21.0,0,-0.08982317101606796,21.060243650190817,20.5,21.5
606.0,20.780953781979886,21.086866112442124,6.009055247630038,21.0,0,-0.08686611244212372,21.05729552670268,20.5,21.5
607.0,20.777999402273014,21.083909947045058,6.010561772729558,21.0,0,-0.08390994704505772,21.054348293074398,20.5,21.5
608.0,20.775045914747107,21.080954674493007,6.012067528242327,21.0,0,-0.08095467449300742,21.051401948972504,20.5,21.5
609.0,20.772093319069807,21.07800029445395,6.013572513021648,21.0,0,-0.0780002944539504,21.04845649406338,20.5,21.5
610.0,20.769141614908598,21.075046806595687,6.015076725921408,21.0,0,-0.07504680659568663,21.04551192801305,20.5,21.5
611.0,20.7661908019308,21.07209421058587,6.016580165796085,21.0,0,-0.0720942105858704,21.042568250487708,20.5,21.5
612.0,20.763240879803575,21.069142506091982,6.018082831500743,21.0,0,-0.06914250609198191,21.039625461153097,20.5,21.5
613.0,20.760291848193916,21.06619169278134,6.019584721891037,21.0,0,-0.06619169278134152,21.036683559674938,20.5,21.5
614.0,20.757343706768655,21.06324177032111,6.021085835823211,21.0,0,-0.06324177032110967,21.03374254571879,20.5,21.5
615.0,20.754396455194467,21.060292738378283,6.022586172154104,21.0,0,-0.06029273837828342,21.03080241895002,20.5,21.5
616.0,20.75145009313786,21.057344596619693,6.024085729741143,21.0,0,-0.05734459661969282,21.027863179033787,20.5,21.5
617.0,20.74850462026518,21.054397344712015,6.02558450744235,21.0,0,-0.05439734471201518,21.02492482563524,20.5,21.5
618.0,20.745560036242615,21.051450982321757,6.02708250411634,21.0,0,-0.051450982321757266,21.021987358419178,20.5,21.5
619.0,20.74261634073619,21.048505509115262,6.028579718622325,21.0,0,-0.04850550911526241,21.019050777050314,20.5,21.5
620.0,20.739673533411768,21.045560924758725,6.0300761498201085,21.0,0,-0.04556092475872475,21.016115081193348,20.5,21.5
621.0,20.73673161393505,21.04261722891816,6.031571796570095,21.0,0,-0.04261722891816078,21.01318027051252,20.5,21.5
622.0,20.733790581971576,21.03967442125944,6.033066657733284,21.0,0,-0.03967442125944132,21.010246344672247,20.5,21.5
623.0,20.730850437186728,21.036732501448263,6.034560732171273,21.0,0,-0.03673250144826312,21.00731330333648,20.5,21.5
624.0,20.727911179245726,21.03379146915017,6.036054018746261,21.0,0,-0.03379146915017017,21.00438114616924,20.5,21.5
625.0,20.724972807813625,21.030851324030543,6.037546516321043,21.0,0,-0.030851324030543026,21.00144987283427,20.5,21.5
626.0,20.722035322555328,21.0279120657546,6.039038223759019,21.0,0,-0.027912065754598814,20.998519482995157,20.5,21.5
627.0,20.71909872313557,21.0249736939874,6.040529139924187,21.0,0,-0.02497369398739835,20.995589976315394,20.5,21.5
628.0,20.716163009218928,21.022036208393835,6.042019263681153,21.0,0,-0.022036208393835466,20.992661352458207,20.5,21.5
629.0,20.71322818046982,21.01909960863866,6.043508593895119,21.0,0,-0.01909960863865834,20.989733611086887,20.5,21.5
630.0,20.710294236552503,21.016163894386434,6.044997129431898,21.0,0,-0.016163894386433952,20.98680675186419,20.5,21.5
631.0,20.70736117713108,21.013229065301584,6.046484869157903,21.0,0,-0.013229065301583631,20.98388077445308,20.5,21.5
632.0,20.704429001869485,21.010295121048365,6.047971811940158,21.0,0,-0.010295121048365274,20.98095567851618,20.5,21.5
633.0,20.7014977104315,21.007362061290884,6.0494579566462905,21.0,0,-0.007362061290884014,20.97803146371607,20.5,21.5
634.0,20.698567302480743,21.004429885693067,6.050943302144535,21.0,0,-0.004429885693067348,20.9751081297149,20.5,21.5
635.0,20.695637777680677,21.0014985939187,6.052427847303739,21.0,0,-0.0014985939187006636,20.972185676175034,20.5,21.5
636.0,20.692709135694603,20.998568185631406,6.053911590993355,21.0,0,0.0014318143685940754,20.96926410275846,20.5,21.5
637.0,20.689781376185664,20.99563866049464,6.055394532083448,21.0,0,0.00436133950535833,20.966343409127,20.5,21.5
638.0,20.686854498816842,20.99271001817171,6.056876669444694,21.0,0,0.007289981828289882,20.963423594942395,20.5,21.5
639.0,20.683928503250968,20.989782258325754,6.058358001948381,21.0,0,0.010217741674246383,20.96050465986619,20.5,21.5
640.0,20.681003389150707,20.98685538061976,6.059838528466409,21.0,0,0.013144619380238254,20.957586603559843,20.5,21.5
641.0,20.67807915617857,20.983929384716554,6.061318247871295,21.0,0,0.016070615283446443,20.95466942568447,20.5,21.5
642.0,20.67515580399691,20.981004270278806,6.062797159036165,21.0,0,0.01899572972119401,20.95175312590133,20.5,21.5
643.0,20.672233332267915,20.978080036969022,6.064275260834767,21.0,0,0.021919963030978096,20.94883770387118,20.5,21.5
644.0,20.66931174065363,20.975156684449555,6.0657525521414595,21.0,0,0.024843315550445055,20.945923159254885,20.5,21.5
645.0,20.666391028815926,20.972234212382595,6.067229031831223,21.0,0,0.02776578761740467,20.943009491713,20.5,21.5
646.0,20.66347119641653,20.96931262043019,6.068704698779653,21.0,0,0.030687379569808826,20.94009670090615,20.5,21.5
647.0,20.660552243117003,20.96639190825421,6.070179551862964,21.0,0,0.0336080917457906,20.93718478649439,20.5,21.5
648.0,20.657634168578753,20.963472075516375,6.071653589957993,21.0,0,0.036527924483625185,20.93427374813803,20.5,21.5
649.0,20.654716972463028,20.960553121878256,6.0731268119421955,21.0,0,0.03944687812174408,20.931363585497067,20.5,21.5
650.0,20.651800654430925,20.957635047001258,6.074599216693647,21.0,0,0.04236495299874221,20.928454298231276,20.5,21.5
651.0,20.648885214143377,20.954717850546626,6.07607080309105,21.0,0,0.04528214945337439,20.925545886000304,20.5,21.5
652.0,20.645970651261166,20.95180153217546,6.077541570013726,21.0,0,0.04819846782454107,20.922638348463792,20.5,21.5
653.0,20.643056965444917,20.94888609154869,6.079011516341621,21.0,0,0.0511139084513097,20.919731685281004,20.5,21.5
654.0,20.640144156355095,20.945971528327103,6.08048064095531,21.0,0,0.05402847167289693,20.91682589611123,20.5,21.5
655.0,20.637232223652017,20.94305784217132,6.081948942735988,21.0,0,0.056942157828679285,20.913920980613497,20.5,21.5
656.0,20.634321166995832,20.940145032741814,6.08341642056548,21.0,0,0.059854967258186065,20.911016938446746,20.5,21.5
657.0,20.631410986046546,20.93723309969889,6.084883073326237,21.0,0,0.06276690030110998,20.90811376926965,20.5,21.5
658.0,20.628501680464,20.934322042702707,6.086348899901341,21.0,0,0.06567795729729298,20.905211472740877,20.5,21.5
659.0,20.62559324990789,20.931411861413267,6.087813899174501,21.0,0,0.0685881385867333,20.902310048518864,20.5,21.5
660.0,20.622685694037745,20.92850255549041,6.089278070030054,21.0,0,0.07149744450958906,20.899409496261853,20.5,21.5
661.0,20.619779012512943,20.925594124593836,6.0907414113529725,21.0,0,0.07440587540616406,20.896509815628086,20.5,21.5
662.0,20.61687320499271,20.922686568383067,6.092203922028858,21.0,0,0.0773134316169326,20.893611006275382,20.5,21.5
663.0,20.61396827113612,20.919779886517496,6.093665600943945,21.0,0,0.08022011348250402,20.890713067861782,20.5,21.5
664.0,20.61106421060208,20.91687407865633,6.0951264469851,21.0,0,0.08312592134366881,20.887816000044683,20.5,21.5
665.0,20.60816102304936,20.913969144458655,6.096586459039828,21.0,0,0.08603085554134537,20.88491980248189,20.5,21.5
666.0,20.605258708136557,20.911065083583377,6.098045635996264,21.0,0,0.08893491641662266,20.882024474830605,20.5,21.5
667.0,20.60235726552213,20.90816189568926,6.099503976743181,21.0,0,0.0918381043107388,20.8791300167481,20.5,21.5
668.0,20.599456694864376,20.905259580434908,6.100961480169991,21.0,0,0.09474041956509183,20.876236427891378,20.5,21.5
669.0,20.596556995821437,20.90235813747878,6.102418145166741,21.0,0,0.09764186252121831,20.873343707917517,20.5,21.5
670.0,20.593658168051306,20.89945756647917,6.103873970624116,21.0,0,0.10054243352082892,20.870451856483065,20.5,21.5
671.0,20.59076021121182,20.896557867094224,6.105328955433444,21.0,0,0.10344213290577642,20.86756087324475,20.5,21.5
672.0,20.587863124960663,20.89365903898193,6.106783098486688,21.0,0,0.10634096101806989,20.864670757858995,20.5,21.5
673.0,20.58496690895537,20.890761081800132,6.108236398676457,21.0,0,0.10923891819986764,20.861781509982155,20.5,21.5
674.0,20.582071562853315,20.88786399520651,6.109688854895999,21.0,0,0.1121360047934914,20.85889312927027,20.5,21.5
675.0,20.579177086311724,20.88496777885859,6.111140466039204,21.0,0,0.11503222114140854,20.85600561537942,20.5,21.5
676.0,20.57628347898767,20.882072432413764,6.112591231000609,21.0,0,0.11792756758623568,20.853118967965493,20.5,21.5
677.0,20.573390740538073,20.879177955529247,6.114041148675393,21.0,0,0.12082204447075284,20.850233186684076,20.5,21.5
678.0,20.5704988706197,20.87628434786211,6.11549021795938,21.0,0,0.12371565213788926,20.847348271190747,20.5,21.5
679.0,20.56760786888917,20.87339160906928,6.116938437749042,21.0,0,0.12660839093071985,20.844464221140974,20.5,21.5
680.0,20.56471773500294,20.870499738807524,6.118385806941493,21.0,0,0.12950026119247582,20.841581036189964,20.5,21.5
681.0,20.56182846861733,20.867608736733455,6.119832324434503,21.0,0,0.1323912632665447,20.838698715992766,20.5,21.5
682.0,20.55894006938849,20.86471860250354,6.121277989126483,21.0,0,0.13528139749645973,20.83581726020439,20.5,21.5
683.0,20.556052536972437,20.86182933577409,6.122722799916498,21.0,0,0.1381706642259104,20.832936668479583,20.5,21.5
684.0,20.553165871025026,20.85894093620126,6.124166755704261,21.0,0,0.141059063798739,20.830056940472975,20.5,21.5
685.0,20.55028007120196,20.856053403441067,6.125609855390137,21.0,0,0.1439465965589335,20.82717807583912,20.5,21.5
686.0,20.547395137158798,20.85316673714936,6.1270520978751435,21.0,0,0.1468332628506417,20.824300074232276,20.5,21.5
687.0,20.544511068550943,20.85028093698185,6.128493482060948,21.0,0,0.14971906301814997,20.821422935306767,20.5,21.5
688.0,20.541627865033643,20.84739600259409,6.129934006849876,21.0,0,0.15260399740591168,20.81854665871647,20.5,21.5
689.0,20.538745526262005,20.844511933641485,6.131373671144904,21.0,0,0.1554880663585152,20.81567124411545,20.5,21.5
690.0,20.535864051890982,20.841628729779288,6.132812473849666,21.0,0,0.1583712702207123,20.812796691157317,20.5,21.5
691.0,20.532983441575375,20.838746390662603,6.1342504138684495,21.0,0,0.16125360933739685,20.809922999495758,20.5,21.5
692.0,20.530103694969835,20.83586491594638,6.135687490106203,21.0,0,0.1641350840536191,20.80705016878416,20.5,21.5
693.0,20.527224811728864,20.83298430528543,6.137123701468528,21.0,0,0.16701569471457134,20.804178198675906,20.5,21.5
694.0,20.52434679150681,20.83010455833439,6.138559046861689,21.0,0,0.16989544166560933,20.80130708882401,20.5,21.5
695.0,20.52146963395788,20.82722567474777,6.139993525192606,21.0,0,0.1727743252522309,20.798436838881553,20.5,21.5
696.0,20.518593338736128,20.824347654179917,6.141427135368863,21.0,0,0.17565234582008316,20.795567448501394,20.5,21.5
697.0,20.515717905495453,20.82147049628504,6.1428598762987034,21.0,0,0.1785295037149588,20.792698917336285,20.5,21.5
698.0,20.512843333889613,20.818594200717193,6.1442917468910325,21.0,0,0.18140579928280687,20.789831245038712,20.5,21.5
699.0,20.509969623572214,20.81571876713027,6.145722746055418,21.0,0,0.1842812328697292,20.786964431261048,20.5,21.5
700.0,20.50709677419671,20.812844195178037,6.147152872702092,21.0,0,0.1871558048219626,20.784098475655703,20.5,21.5
701.0,20.50422478541641,20.809970484514093,6.148582125741951,21.0,0,0.1900295154859073,20.781233377874646,20.5,21.5
702.0,20.501353656884476,20.807097634791898,6.150010504086557,21.0,0,0.1929023652081021,20.77836913756995,20.5,21.5
703.0,20.498483388253916,20.804225645664758,6.151438006648137,21.0,0,0.19577435433524215,20.775505754393357,20.5,21.5
704.0,20.495613979177595,20.801354516785835,6.152864632339586,21.0,0,0.19864548321416464,20.77264322799661,20.5,21.5
705.0,20.492745429308226,20.79848424780814,6.1542903800744675,21.0,0,0.20151575219185958,20.76978155803119,20.5,21.5
706.0,20.48987773829838,20.795614838384534,6.155715248767011,21.0,0,0.20438516161546616,20.766920744148468,20.5,21.5
707.0,20.48701090580047,20.792746288167734,6.157139237332117,21.0,0,0.2072537118322657,20.76406078599974,20.5,21.5
708.0,20.484144931466776,20.789878596810308,6.1585623446853575,21.0,0,0.2101214031896923,20.76120168323604,20.5,21.5
709.0,20.48127981494942,20.78701176396467,6.159984569742974,21.0,0,0.21298823603532924,20.7583434355083,20.5,21.5
710.0,20.47841555590038,20.7841457892831,6.1614059114218795,21.0,0,0.21585421071689836,20.75548604246741,20.5,21.5
711.0,20.475552153971485,20.781280672417722,6.162826368639661,21.0,0,0.21871932758227786,20.752629503763927,20.5,21.5
712.0,20.47268960881442,20.778416413020512,6.164245940314579,21.0,0,0.221583586979488,20.74977381904841,20.5,21.5
713.0,20.46982792008072,20.7755530107433,6.165664625365567,21.0,0,0.22444698925669826,20.7469189879712,20.5,21.5
714.0,20.46696708742178,20.77269046523777,6.167082422712235,21.0,0,0.22730953476223092,20.744065010182442,20.5,21.5
715.0,20.464107110488836,20.76982877615546,6.168499331274869,21.0,0,0.2301712238445397,20.741211885332373,20.5,21.5
716.0,20.461247988932993,20.766967943147762,6.169915349974431,21.0,0,0.23303205685223816,20.738359613070777,20.5,21.5
717.0,20.4583897224052,20.764107965865918,6.171330477732561,21.0,0,0.235892034134082,20.73550819304748,20.5,21.5
718.0,20.455532310556265,20.761248843961027,6.1727447134715785,21.0,0,0.23875115603897257,20.73265762491212,20.5,21.5
719.0,20.452675753036846,20.75839057708404,6.17415805611448,21.0,0,0.24160942291596044,20.72980790831416,20.5,21.5
720.0,20.44982004949746,20.755533164885765,6.175570504584947,21.0,0,0.24446683511423473,20.726959042903022,20.5,21.5
721.0,20.44696519958848,20.752676607016863,6.176982057807334,21.0,0,0.24732339298313732,20.724111028327837,20.5,21.5
722.0,20.444111202960123,20.749820903127848,6.178392714706684,21.0,0,0.25017909687215223,20.7212638642377,20.5,21.5
723.0,20.441258059262474,20.74696605286909,6.179802474208721,21.0,0,0.2530339471309091,20.718417550281522,20.5,21.5
724.0,20.43840576814546,20.744112055890817,6.181211335239851,21.0,0,0.25588794410918325,20.715572086108075,20.5,21.5
725.0,20.43555432925888,20.7412589118431,6.1826192967271645,21.0,0,0.2587410881568992,20.71272747136594,20.5,21.5
726.0,20.432703742252375,20.738406620375876,6.184026357598439,21.0,0,0.26159337962412366,20.709883705703632,20.5,21.5
727.0,20.429854006775443,20.735555181138942,6.185432516782136,21.0,0,0.2644448188610582,20.707040788769596,20.5,21.5
728.0,20.427005122477443,20.732704593781936,6.186837773207403,21.0,0,0.26729540621806436,20.704198720211874,20.5,21.5
729.0,20.42415708900759,20.729854857954358,6.188242125804077,21.0,0,0.2701451420456422,20.70135749967858,20.5,21.5
730.0,20.421309906014947,20.727005973305573,6.189645573502682,21.0,0,0.27299402669442685,20.698517126817727,20.5,21.5
731.0,20.418463573148443,20.724157939484787,6.191048115234433,21.0,0,0.2758420605152132,20.695677601276923,20.5,21.5
732.0,20.41561809005686,20.721310756141072,6.192449749931232,21.0,0,0.2786892438589277,20.692838922703928,20.5,21.5
733.0,20.412773456388834,20.718464422923347,6.1938504765256726,21.0,0,0.281535577076653,20.690001090746094,20.5,21.5
734.0,20.40992967179286,20.7156189394804,6.195250293951043,21.0,0,0.28438106051959977,20.687164105050933,20.5,21.5
735.0,20.407086735917293,20.712774305460872,6.196649201141318,21.0,0,0.28722569453912783,20.68432796526559,20.5,21.5
736.0,20.404244648410337,20.70993052051325,6.198047197031172,21.0,0,0.29006947948674977,20.68149267103703,20.5,21.5
737.0,20.40140340892006,20.70708758428589,6.199444280555968,21.0,0,0.29291241571410964,20.67865822201229,20.5,21.5
738.0,20.39856301709439,20.704245496427,6.200840450651768,21.0,0,0.2957545035730007,20.67582461783809,20.5,21.5
739.0,20.3957234725811,20.70140425658465,6.202235706255326,21.0,0,0.2985957434153512,20.672991858161144,20.5,21.5
740.0,20.392884775027834,20.698563864406758,6.203630046304097,21.0,0,0.3014361355932422,20.670159942627848,20.5,21.5
741.0,20.39004692408209,20.695724319541107,6.2050234697362265,21.0,0,0.3042756804588933,20.667328870884596,20.5,21.5
742.0,20.38720991939122,20.69288562163534,6.206415975490565,21.0,0,0.30711437836465905,20.664498642577684,20.5,21.5
743.0,20.38437376060244,20.690047770336953,6.207807562506657,21.0,0,0.3099522296630468,20.661669257353076,20.5,21.5
744.0,20.38153844736282,20.687210765293297,6.20919822972475,21.0,0,0.3127892347067025,20.65884071485674,20.5,21.5
745.0,20.378703979319294,20.68437460615159,6.2105879760857885,21.0,0,0.3156253938484106,20.65601301473451,20.5,21.5
746.0,20.375870356118646,20.681539292558902,6.211976800531422,21.0,0,0.31846070744109767,20.65318615663203,20.5,21.5
747.0,20.37303757740753,20.678704824162164,6.213364702003999,21.0,0,0.32129517583783596,20.65036014019478,20.5,21.5
748.0,20.37020564283245,20.675871200608164,6.214751679446573,21.0,0,0.32412879939183625,20.64753496506816,20.5,21.5
749.0,20.36737455203977,20.673038421543556,6.216137731802901,21.0,0,0.32696157845644436,20.644710630897475,20.5,21.5
750.0,20.36454430467572,20.67020648661484,6.217522858017441,21.0,0,0.32979351338515883,20.641887137327696,20.5,21.5
751.0,20.36171490038639,20.66737539546839,6.218907057035362,21.0,0,0.3326246045316097,20.63906448400388,20.5,21.5
752.0,20.35888633881772,20.664545147750427,6.220290327802536,21.0,0,0.3354548522495726,20.636242670570798,20.5,21.5
753.0,20.356058619615517,20.661715743107045,6.22167266926554,21.0,0,0.3382842568929547,20.633421696673224,20.5,21.5
754.0,20.353231742425447,20.658887181184177,6.2230540803716625,21.0,0,0.341112818815823,20.630601561955494,20.5,21.5
755.0,20.350405706893035,20.656059461627642,6.224434560068898,21.0,0,0.34394053837235816,20.62778226606229,20.5,21.5
756.0,20.34758051266367,20.6532325840831,6.225814107305952,21.0,0,0.34676741591690075,20.624963808637673,20.5,21.5
757.0,20.344756159382598,20.650406548196074,6.227192721032241,21.0,0,0.3495934518039263,20.622146189325818,20.5,21.5
758.0,20.34193264669493,20.647581353611955,6.228570400197887,21.0,0,0.35241864638804543,20.619329407770763,20.5,21.5
759.0,20.33910997424563,20.64475699997599,6.229947143753728,21.0,0,0.35524300002401077,20.616513463616336,20.5,21.5
760.0,20.336288141679532,20.64193348693329,6.231322950651316,21.0,0,0.35806651306671,20.613698356506298,20.5,21.5
761.0,20.333467148641326,20.63911081412882,6.2326978198429135,21.0,0,0.36088918587118,20.61088408608412,20.5,21.5
762.0,20.330646994775567,20.636288981207414,6.2340717502814975,21.0,0,0.3637110187925856,20.60807065199336,20.5,21.5
763.0,20.327827679726667,20.633467987813763,6.23544474092076,21.0,0,0.3665320121862372,20.605258053877247,20.5,21.5
764.0,20.325009203138904,20.630647833592416,6.236816790715109,21.0,0,0.36935216640758384,20.60244629137895,20.5,21.5
765.0,20.32219156465642,20.627828518187794,6.2381878986196675,21.0,0,0.37217148181220594,20.599635364141573,20.5,21.5
766.0,20.319374763923214,20.625010041244174,6.23955806359028,21.0,0,0.3749899587558261,20.596825271807973,20.5,21.5
767.0,20.31655880058315,20.622192402405688,6.240927284583504,21.0,0,0.3778075975943125,20.594016014020823,20.5,21.5
768.0,20.313743674279948,20.619375601316342,6.242295560556621,21.0,0,0.3806243986836577,20.59120759042289,20.5,21.5
769.0,20.310929384657204,20.616559637620007,6.2436628904676255,21.0,0,0.3834403623799929,20.588400000656655,20.5,21.5
770.0,20.308115931358365,20.613744510960395,6.2450292732752395,21.0,0,0.3862554890396055,20.58559324436427,20.5,21.5
771.0,20.305303314026748,20.6109302209811,6.246394707938901,21.0,0,0.38906977901890016,20.582787321188153,20.5,21.5
772.0,20.30249153230553,20.608116767325576,6.247759193418772,21.0,0,0.3918832326744237,20.57998223077034,20.5,21.5
773.0,20.299680585837752,20.60530414963714,6.249122728675739,21.0,0,0.3946958503628615,20.57717797275276,20.5,21.5
774.0,20.29687047426632,20.60249236755896,6.25048531267141,21.0,0,0.3975076324410409,20.574374546777165,20.5,21.5
775.0,20.294061197234,20.599681420734086,6.251846944368118,21.0,0,0.40031857926591385,20.571571952485357,20.5,21.5
776.0,20.29125275438343,20.596871308805426,6.253207622728921,21.0,0,0.4031286911945742,20.568770189518823,20.5,21.5
777.0,20.288445145357098,20.59406203141574,6.254567346717604,21.0,0,0.40593796858426145,20.565969257518866,20.5,21.5
778.0,20.285638369797372,20.59125358820766,6.255926115298676,21.0,0,0.4087464117923396,20.56316915612688,20.5,21.5
779.0,20.282832427346474,20.588445978823692,6.257283927437378,21.0,0,0.41155402117630757,20.560369884984013,20.5,21.5
780.0,20.280027317646493,20.58563920290619,6.2586407820996754,21.0,0,0.4143607970938099,20.557571443731167,20.5,21.5
781.0,20.277223040339383,20.58283326009738,6.259996678252264,21.0,0,0.4171667399026191,20.55477383200929,20.5,21.5
782.0,20.274419595066966,20.580028150039357,6.261351614862573,21.0,0,0.41997184996064263,20.551977049459122,20.5,21.5
783.0,20.271616981470924,20.577223872374066,6.262705590898755,21.0,0,0.42277612762593364,20.549181095721156,20.5,21.5
784.0,20.268815199192808,20.574420426743334,6.264058605329701,21.0,0,0.42557957325666607,20.54638597043601,20.5,21.5
785.0,20.266014247874036,20.57161781278884,6.265410657125032,21.0,0,0.4283821872111595,20.543591673243906,20.5,21.5
786.0,20.263214127155887,20.568816030152142,6.2667617452551,21.0,0,0.4311839698478579,20.540798203785158,20.5,21.5
787.0,20.26041483667951,20.56601507847465,6.268111868690994,21.0,0,0.43398492152535084,20.53800556169972,20.5,21.5
788.0,20.25761637608591,20.563214957397644,6.269461026404535,21.0,0,0.43678504260235584,20.535213746627594,20.5,21.5
789.0,20.254818745015974,20.560415666562278,6.2708092173682815,21.0,0,0.43958433343772185,20.532422758208618,20.5,21.5
790.0,20.252021943110446,20.55761720560956,6.272156440555528,21.0,0,0.4423827943904399,20.52963259608238,20.5,21.5
791.0,20.249225970009935,20.55481957418037,6.273502694940304,21.0,0,0.445180425819629,20.52684325988848,20.5,21.5
792.0,20.24643082535492,20.552022771915453,6.2748479794973795,21.0,0,0.44797722808454665,20.524054749266277,20.5,21.5
793.0,20.243636508785748,20.549226798455418,6.276192293202261,21.0,0,0.4507732015445818,20.521267063855067,20.5,21.5
794.0,20.24084301994263,20.54643165344075,6.277535635031195,21.0,0,0.45356834655925127,20.518480203294054,20.5,21.5
795.0,20.23805035846565,20.54363733651179,6.27887800396117,21.0,0,0.45636266348821053,20.515694167222197,20.5,21.5
796.0,20.235258523994748,20.540843847308754,6.280219398969911,21.0,0,0.45915615269124643,20.512908955278395,20.5,21.5
797.0,20.23246751616974,20.53805118547172,6.2815598190358894,21.0,0,0.46194881452828085,20.510124567101375,20.5,21.5
798.0,20.229677334630313,20.53525935064063,6.282899263138315,21.0,0,0.46474064935937065,20.50734100232973,20.5,21.5
799.0,20.226887979016016,20.53246834245531,6.284237730257146,21.0,0,0.46753165754468995,20.504558260602117,20.5,21.5
800.0,20.224099448966264,20.52967816055543,6.2855752193730785,21.0,0,0.4703218394445692,20.50177634155664,20.5,21.5
801.0,20.221311744120346,20.52688880458055,6.286911729467558,21.0,1,0.4731111954194489,20.498995244831754,20.5,21.5
802.0,20.238524864117416,20.528100274170086,6.288247259522773,21.0,1,0.471899725829914,20.540214970065435,20.5,21.5
803.0,20.255734808596497,20.533311768963323,6.28958180852166,21.0,1,0.46668823103667734,20.58542671689569,20.5,21.5
804.0,20.27294157799648,20.54252248875942,6.290915375447901,21.0,1,0.45747751124057956,20.634629686720398,20.5,21.5
805.0,20.29014517275597,20.55573163351736,6.292247959285928,21.0,1,0.444268366482639,20.687823081096766,20.5,21.5
806.0,20.307345593313276,20.57293840335595,6.293579559020919,21.0,1,0.42706159664405163,20.745006101741822,20.5,21.5
807.0,20.324542840106417,20.590141998553747,6.2949101736388045,21.0,1,0.40985800144625273,20.762177950531736,20.5,21.5
808.0,20.341736913573126,20.607342419549074,6.296239802126262,21.0,1,0.39265758045092625,20.77934662950234,20.5,21.5
809.0,20.358927814150835,20.624539666779942,6.297568443470722,21.0,1,0.3754603332200581,20.796512139088623,20.5,21.5
810.0,20.3761155422767,20.64173374068409,6.298896096660368,21.0,1,0.3582662593159114,20.813674479725556,20.5,21.5
811.0,20.393300098387577,20.658924641698952,6.3002227606841315,21.0,1,0.3410753583010475,20.83083365184759,20.5,21.5
812.0,20.410481482920037,20.676112370261677,6.301548434531702,21.0,1,0.32388762973832286,20.847989655888924,20.5,21.5
813.0,20.42765969631036,20.693296926809122,6.302873117193521,21.0,1,0.306703073190878,20.86514249228357,20.5,21.5
814.0,20.444834738994537,20.710478311777866,6.304196807660785,21.0,1,0.2895216882221341,20.882292161465305,20.5,21.5
815.0,20.46200661140827,20.72765652560418,6.305519504925445,21.0,1,0.2723434743958215,20.899438663867304,20.5,21.5
816.0,20.479175313986975,20.74483156872406,6.306841207980211,21.0,1,0.2551684312759406,20.91658199992287,20.5,21.5
817.0,20.496340847165772,20.762003441573206,6.308161915818548,21.0,1,0.23799655842679357,20.933722170064677,20.5,21.5
818.0,20.513503211379504,20.779172144587033,6.309481627434679,21.0,1,0.220827855412967,20.9508591747253,20.5,21.5
819.0,20.530662407062714,20.79633767820067,6.310800341823588,21.0,1,0.20366232179933164,20.967993014337022,20.5,21.5
820.0,20.547818434649667,20.81350004284895,6.3121180579810146,21.0,1,0.1864999571510495,20.985123689331772,20.5,21.5
821.0,20.564971294574335,20.830659238966422,6.313434774903461,21.0,1,0.16934076103357754,21.002251200141142,20.5,21.5
822.0,20.5821209872704,20.847815266987347,6.314750491588192,21.0,1,0.15218473301265334,21.01937554719659,20.5,21.5
823.0,20.599267513171263,20.864968127345698,6.316065207033229,21.0,1,0.13503187265430228,21.03649673092921,20.5,21.5
824.0,20.616410872710034,20.88211782047516,6.317378920237361,21.0,1,0.11788217952484104,21.05361475176977,20.5,21.5
825.0,20.63355106631954,20.899264346809133,6.318691630200138,21.0,1,0.10073565319086697,21.070729610148874,20.5,21.5
826.0,20.65068809443232,20.91640770678073,6.320003335921873,21.0,1,0.08359229321926875,21.087841306496713,20.5,21.5
827.0,20.667821957480616,20.933547900822774,6.321314036403647,21.0,1,0.06645209917722639,21.104949841243197,20.5,21.5
828.0,20.6849526558964,20.950684929367803,6.322623730647304,21.0,1,0.04931507063219698,21.122055214818097,20.5,21.5
829.0,20.70208019011135,20.967818792848067,6.323932417655453,21.0,1,0.03218120715193251,21.139157427650712,20.5,21.5
830.0,20.719204560556857,20.98494949169553,6.325240096431475,21.0,1,0.01505050830446919,21.156256480170164,20.5,21.5
831.0,20.73632576766403,21.002077026341873,6.326546765979513,21.0,1,-0.0020770263418725676,21.17335237280529,20.5,21.5
832.0,20.753443811863693,21.019201397218485,6.327852425304483,21.0,1,-0.019201397218484573,21.190445105984605,20.5,21.5
833.0,20.77055869358638,21.03632260475648,6.329157073412068,21.0,1,-0.036322604756481525,21.20753468013645,20.5,21.5
834.0,20.787670413262347,21.05344064938668,6.3304607093087215,21.0,1,-0.053440649386679695,21.22462109568866,20.5,21.5
835.0,20.804778971321557,21.070555531539622,6.331763332001668,21.0,1,-0.0705555315396218,21.241704353069043,20.5,21.5
836.0,20.821884368193693,21.087667251645552,6.333064940498905,21.0,1,-0.08766725164555211,21.258784452704855,20.5,21.5
837.0,20.838986604308154,21.10477581013445,6.3343655338091995,21.0,1,-0.10477581013444848,21.275861395023412,20.5,21.5
838.0,20.856085680094054,21.121881207435983,6.335665110942093,21.0,1,-0.12188120743598319,21.29293518045133,20.5,21.5
839.0,20.873181595980224,21.13898344397956,6.3369636709079025,21.0,1,-0.13898344397955853,21.310005809415312,20.5,21.5
840.0,20.89027435239521,21.156082520194285,6.3382612127177165,21.0,1,-0.15608252019428548,21.327073282341555,20.5,21.5
841.0,20.907363949767273,21.173178436509,6.339557735383401,21.0,1,-0.17317843650900144,21.34413759965616,20.5,21.5
842.0,20.924450388524395,21.190271193352253,6.340853237917598,21.0,1,-0.1902711933522525,21.361198761784763,20.5,21.5
843.0,20.941533669094273,21.207360791152293,6.342147719333726,21.0,1,-0.20736079115229344,21.378256769152703,20.5,21.5
844.0,20.95861379190432,21.224447230337113,6.34344117864598,21.0,1,-0.22444723033711256,21.395311622185304,20.5,21.5
845.0,20.975690757381667,21.241530511334407,6.344733614869336,21.0,1,-0.24153051133440684,21.41236332130735,20.5,21.5
846.0,20.992764565953163,21.258610634571586,6.346025027019547,21.0,1,-0.2586106345715855,21.429411866943372,20.5,21.5
847.0,21.009835218045374,21.275687600475784,6.347315414113146,21.0,1,-0.2756876004757842,21.44645725951777,20.5,21.5
848.0,21.02690271408459,21.292761409473844,6.348604775167447,21.0,1,-0.29276140947384377,21.46349949945444,20.5,21.5
849.0,21.043967054496804,21.30983206199234,6.349893109200545,21.0,1,-0.3098320619923385,21.480538587177286,20.5,21.5
850.0,21.061028239707746,21.326899558457555,6.351180415231321,21.0,1,-0.3268995584575549,21.49757452310972,20.5,21.5
851.0,21.07808627014285,21.343963899295492,6.352466692279431,21.0,0,-0.34396389929549187,21.51460730767486,20.5,21.5
852.0,21.075141146227278,21.35702508493187,6.3537519393653215,21.0,0,-0.3570250849318697,21.487636941295648,20.5,21.5
853.0,21.072196868385905,21.36608391579214,6.35503615551022,21.0,0,-0.3660839157921387,21.45667222439483,20.5,21.5
854.0,21.06925343624333,21.371141192141444,6.3563193397361415,21.0,0,-0.3711411921414438,21.421713955634495,20.5,21.5
855.0,21.066310849424028,21.3721977140847,6.357601491065884,21.0,0,-0.3721977140846988,21.38276293351725,20.5,21.5
856.0,21.063369107552354,21.369254281566594,6.358882608523033,21.0,0,-0.3692542815665938,21.339819956385544,20.5,21.5
857.0,21.06042821025255,21.366311694371646,6.360162691131963,21.0,0,-0.366311694371646,21.33688582242217,20.5,21.5
858.0,21.057488157148725,21.36336995212421,6.361441737917835,21.0,0,-0.3633699521242093,21.333952529649842,20.5,21.5
859.0,21.05454894786488,21.36042905444852,6.3627197479066,21.0,0,-0.36042905444852025,21.33102007769163,20.5,21.5
860.0,21.05161058202489,21.357489000968695,6.363996720124997,21.0,0,-0.3574890009686946,21.32808846617044,20.5,21.5
861.0,21.048673059252508,21.354549791308727,6.365272653600556,21.0,0,-0.35454979130872744,21.325157694709056,20.5,21.5
862.0,21.045736379171377,21.351611425092493,6.3665475473615984,21.0,0,-0.3516114250924929,21.322227762930147,20.5,21.5
863.0,21.042800541405015,21.34867390194375,6.367821400437236,21.0,0,-0.3486739019437515,21.319298670456337,20.5,21.5
864.0,21.03986554557682,21.34573722148614,6.3690942118573775,21.0,0,-0.3457372214861394,21.31637041691002,20.5,21.5
865.0,21.036931391310077,21.34280138334318,6.370365980652718,21.0,0,-0.3428013833431791,21.313443001913576,20.5,21.5
866.0,21.033998078227945,21.339866387138265,6.371636705854752,21.0,0,-0.3398663871382652,21.310516425089126,20.5,21.5
867.0,21.031065605953472,21.336932232494682,6.372906386495767,21.0,0,-0.3369322324946822,21.30759068605885,20.5,21.5
868.0,21.02813397410958,21.3339989190356,6.3741750216088455,21.0,0,-0.33399891903560075,21.304665784444786,20.5,21.5
869.0,21.02520318231908,21.33106644638405,6.375442610227868,21.0,0,-0.3310664463840496,21.301741719868538,20.5,21.5
870.0,21.02227323020466,21.32813481416297,6.376709151387508,21.0,0,-0.3281348141629685,21.298818491952158,20.5,21.5
871.0,21.019344117388897,21.325204021995155,6.377974644123241,21.0,0,-0.3252040219951553,21.295896100317023,20.5,21.5
872.0,21.016415843494244,21.32227406950331,6.37923908747134,21.0,0,-0.3222740695033117,21.292974544584876,20.5,21.5
873.0,21.01348840814304,21.319344956310005,6.380502480468874,21.0,0,-0.3193449563100046,21.290053824376933,20.5,21.5
874.0,21.010561810957505,21.31641668203769,6.381764822153717,21.0,0,-0.3164166820376906,21.28713393931455,20.5,21.5
875.0,21.007636051559743,21.31348924630871,6.383026111564539,21.0,0,-0.3134892463087091,21.284214889018894,20.5,21.5
876.0,21.004711129571742,21.31056264874528,6.384286347740813,21.0,0,-0.31056264874527884,21.281296673110976,20.5,21.5
877.0,21.001787044615376,21.307636888969505,6.385545529722816,21.0,0,-0.3076368889695047,21.278379291211763,20.5,21.5
878.0,20.9988637963124,21.304711966603378,6.386803656551626,21.0,0,-0.30471196660337796,21.27546274294211,20.5,21.5
879.0,20.995941384284446,21.301787881268766,6.388060727269123,21.0,0,-0.30178788126876555,21.27254702792264,20.5,21.5
880.0,20.993019808153043,21.298864632587428,6.3893167409179945,21.0,0,-0.2988646325874278,21.26963214577405,20.5,21.5
881.0,20.990099067539596,21.295942220180997,6.3905716965417305,21.0,0,-0.29594222018099714,21.26671809611669,20.5,21.5
882.0,20.987179162065395,21.293020643671003,6.391825593184628,21.0,0,-0.293020643671003,21.26380487857106,20.5,21.5
883.0,20.98426009135162,21.290099902678847,6.3930784298917915,21.0,0,-0.2900999026788469,21.260892492757286,20.5,21.5
884.0,20.981341855019327,21.287179996825824,6.394330205709129,21.0,0,-0.28717999682582374,21.257980938295592,20.5,21.5
885.0,20.978424452689463,21.284260925733108,6.39558091968336,21.0,0,-0.2842609257331077,21.255070214805947,20.5,21.5
886.0,20.97550788398286,21.28134268902176,6.3968305708620115,21.0,0,-0.2813426890217592,21.252160321908274,20.5,21.5
887.0,20.972592148520235,21.278425286312725,6.39807915829342,21.0,0,-0.278425286312725,21.249251259222383,20.5,21.5
888.0,20.96967724592219,21.275508717226835,6.39932668102673,21.0,0,-0.2755087172268347,21.24634302636793,20.5,21.5
889.0,20.96676317580921,21.272592981384815,6.400573138111902,21.0,0,-0.2725929813848147,21.243435622964615,20.5,21.5
890.0,20.96384993780167,21.269678078407257,6.401818528599701,21.0,0,-0.26967807840725655,21.240529048631675,20.5,21.5
891.0,20.96093753151983,21.266764007914652,6.403062851541711,21.0,0,-0.26676400791465227,21.23762330298861,20.5,21.5
892.0,20.958025956583832,21.263850769527373,6.404306105990325,21.0,0,-0.2638507695273731,21.23471838565458,20.5,21.5
893.0,20.955115212613713,21.260938362865677,6.40554829099875,21.0,0,-0.2609383628656765,21.23181429624871,20.5,21.5
894.0,20.95220529922939,21.25802678754971,6.406789405621008,21.0,0,-0.25802678754971,21.228911034390045,20.5,21.5
895.0,20.94929621605067,21.25511604319951,6.408029448911937,21.0,0,-0.25511604319951076,21.22600859969752,20.5,21.5
896.0,20.94638796269724,21.25220612943499,6.409268419927189,21.0,0,-0.25220612943499177,21.223106991789802,20.5,21.5
897.0,20.943480538788688,21.249297045875963,6.410506317723236,21.0,0,-0.2492970458759629,21.220206210285674,20.5,21.5
898.0,20.940573943944475,21.246388792142117,6.411743141357362,21.0,0,-0.24638879214211684,21.217306254803656,20.5,21.5
899.0,20.93766817778396,21.24348136785303,6.412978889887674,21.0,0,-0.24348136785302898,21.21440712496215,20.5,21.5
900.0,20.93476323992638,21.24057477262817,6.414213562373095,21.0,0,-0.24057477262817173,21.2115088203796,20.5,21.5
901.0,20.93185912999087,21.237669006086897,6.415447157873368,21.0,0,-0.23766900608689667,21.208611340674146,20.5,21.5
902.0,20.928955847596445,21.234764067848452,6.416679675449058,21.0,0,-0.23476406784845238,21.20571468546401,20.5,21.5
903.0,20.926053392362014,21.23185995753196,6.417911114161547,21.0,0,-0.23185995753195954,21.20281885436703,20.5,21.5
904.0,20.923151763906375,21.22895667475644,6.419141473073042,21.0,0,-0.22895667475643933,21.199923847001237,20.5,21.5
905.0,20.920250961848208,21.226054219140806,6.420370751246571,21.0,0,-0.22605421914080637,21.197029662984477,20.5,21.5
906.0,20.917350985806088,21.22315259030385,6.421598947745984,21.0,0,-0.22315259030385093,21.194136301934297,20.5,21.5
907.0,20.914451835398477,21.22025178786426,6.422826061635959,21.0,0,-0.22025178786426025,21.191243763468353,20.5,21.5
908.0,20.911553510243724,21.2173518114406,6.424052091981993,21.0,0,-0.21735181144060078,21.188352047204006,20.5,21.5
909.0,20.908656009960072,21.21445266065134,6.42527703785041,21.0,0,-0.2144526606513395,21.185461152758727,20.5,21.5
910.0,20.90575933416565,21.21155433511483,6.426500898308364,21.0,0,-0.21155433511482968,21.18257107974973,20.5,21.5
911.0,20.90286348247848,21.208656834449307,6.427723672423827,21.0,0,-0.20865683444930738,21.179681827794084,20.5,21.5
912.0,20.89996845451647,21.205760158272902,6.428945359265606,21.0,0,-0.20576015827290206,21.17679339650885,20.5,21.5
913.0,20.89707424989742,21.20286430620364,6.430165957903335,21.0,0,-0.20286430620364015,21.17390578551102,20.5,21.5
914.0,20.89418086823902,21.19996927785943,6.4313854674074715,21.0,0,-0.19996927785943086,21.171018994417338,20.5,21.5
915.0,20.891288309158853,21.19707507285807,6.432603886849308,21.0,0,-0.1970750728580697,21.168133022844458,20.5,21.5
916.0,20.88839657227439,21.194181690817253,6.4338212153009655,21.0,0,-0.19418169081725267,21.165247870409083,20.5,21.5
917.0,20.885505657202998,21.19128913135456,6.435037451835394,21.0,0,-0.1912891313545586,21.162363536727618,20.5,21.5
918.0,20.882615563561924,21.188397394087463,6.436252595526378,21.0,0,-0.18839739408746325,21.15948002141651,20.5,21.5
919.0,20.879726290968318,21.18550647863332,6.437466645448531,21.0,0,-0.1855064786333216,21.156597324091905,20.5,21.5
920.0,20.876837839039215,21.182616384609396,6.438679600677302,21.0,0,-0.18261638460939622,21.153715444370143,20.5,21.5
921.0,20.87395020739154,21.179727111632825,6.439891460288973,21.0,0,-0.1797271116328254,21.150834381867117,20.5,21.5
922.0,20.87106339564212,21.17683865932065,6.4411022233606605,21.0,0,-0.17683865932065146,21.147954136198912,20.5,21.5
923.0,20.868177403407664,21.1739510272898,6.442311888970315,21.0,0,-0.1739510272897995,21.14507470698128,20.5,21.5
924.0,20.865292230304778,21.171064215157095,6.443520456196724,21.0,0,-0.17106421515709513,21.14219609383005,20.5,21.5
925.0,20.862407875949955,21.16817822253924,6.444727924119511,21.0,0,-0.16817822253923964,21.139318296360685,20.5,21.5
926.0,20.859524339959588,21.16529304905285,6.445934291819136,21.0,0,-0.16529304905284903,21.136441314188943,20.5,21.5
927.0,20.85664162194996,21.162408694314415,6.4471395583768984,21.0,0,-0.16240869431441496,21.133565146930074,20.5,21.5
928.0,20.853759721537248,21.159525157940333,6.4483437228749345,21.0,0,-0.15952515794033317,21.130689794199515,20.5,21.5
929.0,20.850878638337516,21.15664243954688,6.4495467843962215,21.0,0,-0.15664243954687862,21.127815255612333,20.5,21.5
930.0,20.847998371966728,21.153760538750237,6.450748742024575,21.0,0,-0.15376053875023743,21.124941530783826,20.5,21.5
931.0,20.84511892204074,21.150879455166468,6.451949594844653,21.0,0,-0.15087945516646784,21.122068619328772,20.5,21.5
932.0,20.8422402881753,21.147999188411536,6.453149341941952,21.0,0,-0.1479991884115357,21.119196520862214,20.5,21.5
933.0,20.839362469986053,21.145119738101293,6.454347982402814,21.0,0,-0.1451197381012932,21.116325234998868,20.5,21.5
934.0,20.836485467088536,21.142241103851497,6.455545515314421,21.0,0,-0.14224110385149658,21.11345476135353,20.5,21.5
935.0,20.83360927909818,21.13936328527779,6.4567419397648,21.0,0,-0.1393632852777884,21.110585099540707,20.5,21.5
936.0,20.830733905630314,21.136486281995705,6.4579372548428235,21.0,0,-0.13648628199570467,21.107716249174867,20.5,21.5
937.0,20.82785934630016,21.133610093620675,6.459131459638204,21.0,0,-0.13361009362067477,21.104848209870376,20.5,21.5
938.0,20.824985600722826,21.13073471976803,6.460324553241504,21.0,0,-0.13073471976802864,21.101980981241567,20.5,21.5
939.0,20.82211266851333,21.12786016005299,6.461516534744132,21.0,0,-0.1278601600529896,21.0991145629026,20.5,21.5
940.0,20.819240549286576,21.124986414090667,6.4627074032383405,21.0,0,-0.12498641409066735,21.096248954467445,20.5,21.5
941.0,20.816369242657366,21.12211348149608,6.463897157817232,21.0,0,-0.12211348149607915,21.093384155550197,20.5,21.5
942.0,20.8134987482404,21.11924136188413,6.4650857975747575,21.0,0,-0.1192413618841286,21.090520165764623,20.5,21.5
943.0,20.810629065650264,21.116370054869616,6.466273321605715,21.0,0,-0.11637005486961627,21.087656984724493,20.5,21.5
944.0,20.807760194501455,21.113499560067243,6.4674597290057525,21.0,0,-0.11349956006724327,21.084794612043513,20.5,21.5
945.0,20.804892134408355,21.1106298770916,6.468645018871371,21.0,0,-0.11062987709160055,21.081933047335173,20.5,21.5
946.0,20.802024884985247,21.107761005557172,6.46982919029992,21.0,0,-0.1077610055571725,21.079072290212892,20.5,21.5
947.0,20.79915844584631,21.104892945078355,6.471012242389601,21.0,0,-0.10489294507835467,21.076212340290176,20.5,21.5
948.0,20.796292816605618,21.102025695269425,6.472194174239469,21.0,0,-0.1020256952694254,21.073353197180133,20.5,21.5
949.0,20.793427996877146,21.099159255744564,6.47337498494943,21.0,0,-0.09915925574456352,21.070494860495945,20.5,21.5
950.0,20.79056398627476,21.096293626117845,6.474554673620248,21.0,0,-0.09629362611784487,21.06763732985066,20.5,21.5
951.0,20.787700784412227,21.093428806003242,6.475733239353537,21.0,0,-0.09342880600324222,21.064780604857216,20.5,21.5
952.0,20.784838390903214,21.090564795014622,6.476910681251767,21.0,0,-0.09056479501462178,21.061924685128417,20.5,21.5
953.0,20.781976805361285,21.087701592765757,6.478086998418267,21.0,0,-0.0877015927657574,21.059069570277114,20.5,21.5
954.0,20.779116027399898,21.084839198870306,6.479262189957219,21.0,0,-0.08483919887030567,21.05621525991579,20.5,21.5
955.0,20.77625605663241,21.081977612941834,6.4804362549736645,21.0,0,-0.08197761294183437,21.05336175365712,20.5,21.5
956.0,20.77339689267208,21.079116834593805,6.4816091925735,21.0,0,-0.0791168345938047,21.050509051113508,20.5,21.5
957.0,20.770538535132058,21.076256863439575,6.482781001863484,21.0,0,-0.07625686343957483,21.047657151897276,20.5,21.5
958.0,20.767680983625404,21.073397699092396,6.483951681951233,21.0,0,-0.07339769909239635,21.04480605562061,20.5,21.5
959.0,20.76482423776507,21.070539341165432,6.485121231945222,21.0,0,-0.07053934116543203,21.04195576189579,20.5,21.5
960.0,20.761968297163904,21.067681789271727,6.486289650954788,21.0,0,-0.06768178927172741,21.03910627033468,20.5,21.5
961.0,20.759113161434662,21.064825043024246,6.48745693809013,21.0,0,-0.0648250430242463,21.036257580549435,20.5,21.5
962.0,20.756258830189992,21.06196910203583,6.4886230924623085,21.0,0,-0.061969102035831725,21.033409692151686,20.5,21.5
963.0,20.753405303042445,21.05911396591924,6.489788113183244,21.0,0,-0.05911396591924145,21.03056260475334,20.5,21.5
964.0,20.750552579604474,21.056259634287123,6.490951999365724,21.0,0,-0.056259634287123106,21.02771631796594,20.5,21.5
965.0,20.747700659488427,21.05340610675203,6.492114750123399,21.0,0,-0.05340610675202839,21.02487083140108,20.5,21.5
966.0,20.744849542306554,21.050553382926402,6.493276364570782,21.0,0,-0.050553382926402435,21.022026144670143,20.5,21.5
967.0,20.741999227671005,21.047701462422605,6.494436841823256,21.0,0,-0.04770146242260509,21.01918225738463,20.5,21.5
968.0,20.739149715193836,21.044850344852886,6.4955961809970635,21.0,0,-0.04485034485288608,21.016339169155696,20.5,21.5
969.0,20.736301004486997,21.042000029829392,6.49675438120932,21.0,0,-0.042000029829392105,21.013496879594452,20.5,21.5
970.0,20.733453095162343,21.039150516964177,6.497911441578005,21.0,0,-0.039150516964177484,21.01065538831203,20.5,21.5
971.0,20.730605986831627,21.036301805869194,6.4990673612219645,21.0,0,-0.036301805869193515,21.007814694919354,20.5,21.5
972.0,20.727759679106505,21.033453896156296,6.500222139260919,21.0,0,-0.03345389615629557,21.004974799027316,20.5,21.5
973.0,20.724914171598535,21.030606787437232,6.501375774815453,21.0,0,-0.03060678743723244,21.0021357002466,20.5,21.5
974.0,20.722069463919176,21.027760479323668,6.502528267007023,21.0,0,-0.027760479323667653,20.99929739818802,20.5,21.5
975.0,20.719225555679795,21.024914971427158,6.503679614957955,21.0,0,-0.02491497142715815,20.996459892462063,20.5,21.5
976.0,20.71638244649165,21.02207026335916,6.504829817791449,21.0,0,-0.0220702633591614,20.993623182679194,20.5,21.5
977.0,20.71354013596591,21.019226354731043,6.505978874631575,21.0,0,-0.019226354731042505,20.990787268449854,20.5,21.5
978.0,20.710698623713643,21.016383245154067,6.507126784603276,21.0,0,-0.016383245154067083,20.987952149384313,20.5,21.5
979.0,20.707857909345822,21.013540934239394,6.508273546832369,21.0,0,-0.013540934239394176,20.985117825092665,20.5,21.5
980.0,20.70501799247332,21.0106994215981,6.509419160445544,21.0,0,-0.010699421598101111,20.98228429518517,20.5,21.5
981.0,20.702178872706913,21.007858706841155,6.510563624570367,21.0,0,-0.007858706841155083,20.979451559271695,20.5,21.5
982.0,20.699340549657286,21.00501878957943,6.511706938335279,21.0,0,-0.005018789579430916,20.97661961696219,20.5,21.5
983.0,20.696503022935023,21.002179669423708,6.512849100869596,21.0,0,-0.0021796694237075087,20.973788467866473,20.5,21.5
984.0,20.69366629215061,20.999341345984664,6.513990111303513,21.0,0,0.0006586540153357134,20.970958111594232,20.5,21.5
985.0,20.69083035691444,20.99650381887289,6.5151299687680995,21.0,0,0.003496181127111697,20.96812854775513,20.5,21.5
986.0,20.68799521683681,20.993667087698867,6.516268672395304,21.0,0,0.006332912301132865,20.965299775958655,20.5,21.5
987.0,20.685160871527923,20.990831152072992,6.517406221317956,21.0,0,0.009168847927007562,20.962471795814245,20.5,21.5
988.0,20.68232732059788,20.987996011605567,6.518542614669761,21.0,0,0.012003988394432952,20.959644606931313,20.5,21.5
989.0,20.679494563656696,20.985161665906784,6.519677851585308,21.0,0,0.014838334093216332,20.95681820891895,20.5,21.5
990.0,20.676662600314284,20.982328114586753,6.520811931200062,21.0,0,0.017671885413246713,20.95399260138645,20.5,21.5
991.0,20.67383143018046,20.97949535725548,6.521944852650374,21.0,0,0.020504642744519685,20.95116778394275,20.5,21.5
992.0,20.671001052864955,20.97666339352289,6.523076615073474,21.0,0,0.023336606477109,20.948343756196998,20.5,21.5
993.0,20.6681714679774,20.973832222998794,6.524207217607476,21.0,0,0.02616777700120565,20.945520517757828,20.5,21.5
994.0,20.665342675127324,20.971001845292918,6.525336659391376,21.0,0,0.028998154707082335,20.94269806823415,20.5,21.5
995.0,20.662514673924175,20.968172260014896,6.526464939565058,21.0,0,0.03182773998510413,20.939876407234678,20.5,21.5
996.0,20.659687463977303,20.965343466774264,6.527592057269285,21.0,0,0.034656533225735586,20.93705553436795,20.5,21.5
997.0,20.65686104489596,20.962515465180466,6.528718011645707,21.0,0,0.03748453481953362,20.934235449242486,20.5,21.5
998.0,20.65403541628931,20.959688254842852,6.529842801836864,21.0,0,0.04031174515714753,20.931416151466713,20.5,21.5
999.0,20.65121057776642,20.95686183537067,6.5309664269861765,21.0,0,0.04313816462932962,20.92859764064885,20.5,21.5
1000.0,20.648386528936264,20.95403620637309,6.532088886237956,21.0,0,0.04596379362691039,20.925779916397282,20.5,21.5
1001.0,20.645563269407724,20.951211367459173,6.533210178737401,21.0,0,0.04878863254082688,20.922962978320008,20.5,21.5
1002.0,20.64274079878959,20.9483873182379,6.534330303630599,21.0,0,0.05161268176210143,20.920146826025153,20.5,21.5
1003.0,20.639919116690557,20.945564058318148,6.535449260064525,21.0,0,0.054435941681852285,20.91733145912064,20.5,21.5
1004.0,20.63709822271923,20.94274158730871,6.536567047187047,21.0,0,0.05725841269129006,20.914516877214332,20.5,21.5
1005.0,20.634278116484126,20.939919904818282,6.537683664146919,21.0,0,0.06008009518171775,20.911703079914005,20.5,21.5
1006.0,20.63145879759366,20.93709901045547,6.53879911009379,21.0,0,0.06290098954453072,20.90889006682734,20.5,21.5
1007.0,20.62864026565616,20.934278903828783,6.539913384178199,21.0,0,0.06572109617121669,20.906077837561924,20.5,21.5
1008.0,20.625822520279865,20.931459584546644,6.541026485551578,21.0,0,0.06854041545335576,20.903266391725253,20.5,21.5
1009.0,20.62300556107292,20.928641052217383,6.542138413366253,21.0,0,0.07135894778261687,20.900455728924772,20.5,21.5
1010.0,20.62018938764338,20.925823306449235,6.54324916677544,21.0,0,0.07417669355076484,20.897645848767755,20.5,21.5
1011.0,20.617373999599206,20.923006346850343,6.544358744933254,21.0,0,0.0769936531496569,20.894836750861423,20.5,21.5
1012.0,20.614559396548273,20.920190173028764,6.545467146994702,21.0,0,0.07980982697123551,20.89202843481298,20.5,21.5
1013.0,20.61174557809836,20.917374784592464,6.546574372115688,21.0,0,0.08262521540753553,20.889220900229464,20.5,21.5
1014.0,20.608932543857165,20.914560181149312,6.5476804194530125,21.0,0,0.08543981885068774,20.88641414671779,20.5,21.5
1015.0,20.606120293432284,20.911746362307092,6.548785288164371,21.0,0,0.08825363769290817,20.883608173884888,20.5,21.5
1016.0,20.60330882643123,20.9089333276735,6.549888977408359,21.0,0,0.09106667232650167,20.880802981337563,20.5,21.5
1017.0,20.600498142461426,20.90612107685613,6.5509914863444685,21.0,0,0.09387892314386903,20.877998568682457,20.5,21.5
1018.0,20.597688241130204,20.903309609462497,6.552092814133092,21.0,0,0.09669039053750339,20.875194935526153,20.5,21.5
1019.0,20.594879122044805,20.900498925100027,6.553192959935519,21.0,0,0.09950107489997251,20.872392081475336,20.5,21.5
1020.0,20.592070784812382,20.897689023376046,6.554291922913942,21.0,0,0.10231097662395428,20.869590006136228,20.5,21.5
1021.0,20.589263229040004,20.894879903897802,6.555389702231452,21.0,0,0.10512009610219764,20.86678870911537,20.5,21.5
1022.0,20.58645645433464,20.892071566272442,6.556486297052042,21.0,0,0.10792843372755812,20.863988190018837,20.5,21.5
1023.0,20.583650460303186,20.88926401010704,6.557581706540608,21.0,0,0.11073598989295874,20.861188448453035,20.5,21.5
1024.0,20.580845246552435,20.886457235008567,6.5586759298629485,21.0,0,0.11354276499143268,20.858389484023828,20.5,21.5
1025.0,20.578040812689096,20.88365124058391,6.559768966185763,21.0,0,0.11634875941609124,20.855591296337323,20.5,21.5
1026.0,20.575237158319794,20.880846026439865,6.560860814676659,21.0,0,0.11915397356013457,20.852793884999432,20.5,21.5
1027.0,20.572434283051066,20.87804159218315,6.561951474504146,21.0,0,0.12195840781685163,20.849997249615978,20.5,21.5
1028.0,20.569632186489358,20.875237937420383,6.5630409448376374,21.0,0,0.12476206257961664,20.847201389792733,20.5,21.5
1029.0,20.566830868241027,20.8724350617581,6.564129224847456,21.0,0,0.12756493824189974,20.84440630513527,20.5,21.5
1030.0,20.56403032791235,20.86963296480275,6.565216313704828,21.0,0,0.13036703519724924,20.841611995249256,20.5,21.5
1031.0,20.561230565109508,20.866831646160694,6.566302210581888,21.0,0,0.1331683538393058,20.83881845974013,20.5,21.5
1032.0,20.5584315794386,20.8640311054382,6.56738691465168,21.0,0,0.13596889456179895,20.83602569821327,20.5,21.5
1033.0,20.555633370505642,20.86123134224146,6.568470425088153,21.0,0,0.13876865775853986,20.83323371027405,20.5,21.5
1034.0,20.55283593791656,20.858432356176568,6.569552741066166,21.0,0,0.14156764382343212,20.830442495527645,20.5,21.5
1035.0,20.55003928127719,20.855634146849535,6.57063386176149,21.0,0,0.14436585315046457,20.82765205357921,20.5,21.5
1036.0,20.547243400193288,20.852836713866292,6.571713786350804,21.0,0,0.14716328613370777,20.82486238403386,20.5,21.5
1037.0,20.54444829427052,20.850040056832675,6.572792514011698,21.0,0,0.14995994316732464,20.822073486496507,20.5,21.5
1038.0,20.541653963114467,20.84724417535444,6.573870043922675,21.0,0,0.1527558246455598,20.81928536057209,20.5,21.5
1039.0,20.538860406330627,20.844449069037257,6.574946375263147,21.0,0,0.1555509309627432,20.816498005865423,20.5,21.5
1040.0,20.536067623524414,20.8416547374867,6.576021507213444,21.0,0,0.1583452625133006,20.813711421981125,20.5,21.5
1041.0,20.53327561430115,20.83886118030827,6.577095438954804,21.0,0,0.16113881969172894,20.810925608523988,20.5,21.5
1042.0,20.53048437826608,20.836068397107383,6.5781681696693814,21.0,0,0.16393160289261743,20.808140565098498,20.5,21.5
1043.0,20.52769391502436,20.833276387489363,6.5792396985402455,21.0,0,0.16672361251063705,20.805356291309167,20.5,21.5
1044.0,20.524904224181064,20.830485151059452,6.58031002475138,21.0,0,0.16951484894054758,20.802572786760347,20.5,21.5
1045.0,20.522115305341178,20.827694687422806,6.581379147487687,21.0,0,0.17230531257719406,20.79979005105634,20.5,21.5
1046.0,20.519327158109608,20.824904996184493,6.58244706593498,21.0,0,0.1750950038155068,20.797008083801366,20.5,21.5
1047.0,20.516539782091172,20.822116076949513,6.583513779279994,21.0,0,0.17788392305048717,20.79422688459971,20.5,21.5
1048.0,20.51375317689061,20.819327929322764,6.584579286710381,21.0,0,0.180672070677236,20.791446453055276,20.5,21.5
1049.0,20.510967342112576,20.816540552909068,6.58564358741471,21.0,0,0.18345944709093231,20.788666788772105,20.5,21.5
1050.0,20.508182277361637,20.81375394731316,6.58670668058247,21.0,0,0.18624605268684036,20.78588789135408,20.5,21.5
1051.0,20.505397982242282,20.810968112139694,6.587768565404069,21.0,0,0.1890318878603061,20.783109760405036,20.5,21.5
1052.0,20.502614456358916,20.808183046993243,6.588829241070837,21.0,0,0.19181695300675727,20.78033239552873,20.5,21.5
1053.0,20.49983169931586,20.805398751478293,6.58988870677502,21.0,0,0.1946012485217068,20.777555796328798,20.5,21.5
1054.0,20.497049710717352,20.802615225199247,6.5909469617097916,21.0,0,0.1973847748007529,20.774779962408786,20.5,21.5
1055.0,20.49426849016755,20.79983246776043,6.592004005069244,21.0,0,0.2001675322395684,20.772004893372277,20.5,21.5
1056.0,20.49148803727053,20.797050478766078,6.5930598360483925,21.0,0,0.20294952123392207,20.76923058882254,20.5,21.5
1057.0,20.488708351630283,20.79426925782035,6.594114453843176,21.0,0,0.20573074217965015,20.76645704836307,20.5,21.5
1058.0,20.485929432850725,20.791488804527322,6.595167857650457,21.0,0,0.2085111954726777,20.763684271597047,20.5,21.5
1059.0,20.483151280535683,20.78870911849099,6.596220046668023,21.0,0,0.21129088150901154,20.76091225812765,20.5,21.5
1060.0,20.48037389428891,20.78593019931526,6.597271020094586,21.0,0,0.21406980068474013,20.758141007557974,20.5,21.5
1061.0,20.47759727371407,20.783152046603966,6.598320777129784,21.0,0,0.2168479533960337,20.75537051949103,20.5,21.5
1062.0,20.474821418414756,20.780374659960863,6.599369316974181,21.0,0,0.21962534003913703,20.75260079352983,20.5,21.5
1063.0,20.472046327994466,20.777598038989616,6.6004166388292695,21.0,0,0.2224019610103838,20.74983182927715,20.5,21.5
1064.0,20.469272002056634,20.774822183293804,6.601462741897467,21.0,0,0.2251778167061964,20.747063626335677,20.5,21.5
1065.0,20.466498440204603,20.772047092476942,6.602507625382121,21.0,0,0.22795290752305775,20.74429618430833,20.5,21.5
1066.0,20.463725642041638,20.769272766142457,6.603551288487508,21.0,0,0.230727233857543,20.741529502797604,20.5,21.5
1067.0,20.46095360717093,20.76649920389369,6.6045937304188325,21.0,0,0.23350079610630914,20.73876358140603,20.5,21.5
1068.0,20.458182335195577,20.76372640533391,6.605634950382229,21.0,0,0.2362735946660912,20.735998419736088,20.5,21.5
1069.0,20.455411825718613,20.760954370066305,6.606674947584764,21.0,0,0.23904562993369538,20.733234017390263,20.5,21.5
1070.0,20.452642078342986,20.75818309769398,6.607713721234434,21.0,0,0.24181690230602015,20.730470373970732,20.5,21.5
1071.0,20.449873092671563,20.75541258781997,6.608751270540169,21.0,0,0.24458741218003155,20.727707489079854,20.5,21.5
1072.0,20.447104868307136,20.75264284004721,6.609787594711828,21.0,0,0.2473571599527915,20.72494536231961,20.5,21.5
1073.0,20.444337404852416,20.749873853978574,6.610822692960206,21.0,0,0.2501261460214259,20.72218399329223,20.5,21.5
1074.0,20.441570701910038,20.747105629216858,6.611856564497032,21.0,0,0.25289437078314236,20.719423381599693,20.5,21.5
1075.0,20.438804759082554,20.744338165364773,6.612889208534965,21.0,0,0.2556618346352266,20.71666352684393,20.5,21.5
1076.0,20.436039575972444,20.741571462024947,6.613920624287604,21.0,0,0.2584285379750533,20.71390442862668,20.5,21.5
1077.0,20.43327515218211,20.738805518799943,6.61495081096948,21.0,0,0.2611944812000573,20.711146086549903,20.5,21.5
1078.0,20.430511487313865,20.736040335292234,6.615979767796061,21.0,0,0.263959664707766,20.708388500215147,20.5,21.5
1079.0,20.42774858096996,20.73327591110422,6.617007493983753,21.0,0,0.26672408889578136,20.705631669224065,20.5,21.5
1080.0,20.424986432752565,20.73051224583822,6.618033988749895,21.0,0,0.26948775416177995,20.702875593178234,20.5,21.5
1081.0,20.422225042263765,20.727749339096484,6.619059251312769,21.0,0,0.27225066090351646,20.70012027167912,20.5,21.5
1082.0,20.419464409105576,20.72498719048118,6.620083280891592,21.0,0,0.27501280951882023,20.697365704328142,20.5,21.5
1083.0,20.416704532879933,20.722225799594394,6.621106076706521,21.0,0,0.27777420040560585,20.694611890726538,20.5,21.5
1084.0,20.4139454131887,20.71946516603814,6.622127637978654,21.0,0,0.28053483396185896,20.69185883047561,20.5,21.5
1085.0,20.411187049633657,20.716705289414364,6.623147963930024,21.0,0,0.28329471058563627,20.68910652317659,20.5,21.5
1086.0,20.408429441816516,20.713946169324913,6.624167053783612,21.0,0,0.28605383067508683,20.686354968430408,20.5,21.5
1087.0,20.40567258933891,20.711187805371583,6.6251849067633355,21.0,0,0.28881219462841656,20.683604165838286,20.5,21.5
1088.0,20.402916491802394,20.708430197156076,6.626201522094055,21.0,0,0.29156980284392375,20.680854115001004,20.5,21.5
1089.0,20.40016114880845,20.705673344280026,6.627216899001574,21.0,0,0.2943266557199742,20.67810481551952,20.5,21.5
1090.0,20.39740655995849,20.70291724634499,6.628231036712638,21.0,0,0.29708275365500825,20.67535626699465,20.5,21.5
1091.0,20.39465272485384,20.700161902952456,6.629243934454939,21.0,0,0.2998380970475445,20.672608469027093,20.5,21.5
1092.0,20.391899643095762,20.697407313703827,6.630255591457108,21.0,0,0.30259268629617253,20.669861421217547,20.5,21.5
1093.0,20.389147314285434,20.694653478200433,6.631266006948728,21.0,0,0.3053465217995672,20.667115123166486,20.5,21.5
1094.0,20.386395738023968,20.69190039604354,6.63227518016032,21.0,0,0.3080996039564603,20.66436957447461,20.5,21.5
1095.0,20.383644913912395,20.68914806683432,6.633283110323358,21.0,0,0.3108519331656794,20.66162477474213,20.5,21.5
1096.0,20.380894841551676,20.686396490173887,6.634289796670257,21.0,0,0.3136035098261125,20.658880723569556,20.5,21.5
1097.0,20.3781455205427,20.683645665663274,6.635295238434383,21.0,0,0.3163543343367259,20.65613742055714,20.5,21.5
1098.0,20.375396950486277,20.680895592903443,6.636299434850047,21.0,0,0.31910440709655674,20.653394865305135,20.5,21.5
1099.0,20.37264913098315,20.67814627149528,6.637302385152511,21.0,0,0.3218537285047205,20.650653057413642,20.5,21.5
1100.0,20.369902061633983,20.6753977010396,6.638304088577984,21.0,0,0.32460229896040005,20.647911996482804,20.5,21.5
1101.0,20.367155742039373,20.67264988113714,6.639304544363625,21.0,0,0.32735011886286003,20.64517168211254,20.5,21.5
1102.0,20.364410171799836,20.669902811388567,6.6403037517475445,21.0,0,0.33009718861143256,20.642432113902842,20.5,21.5
1103.0,20.361665350515825,20.667156491394476,6.641301709968801,21.0,0,0.33284350860552436,20.639693291453558,20.5,21.5
1104.0,20.358921277787715,20.66441092075539,6.642298418267408,21.0,0,0.3355890792446097,20.636955214364537,20.5,21.5
1105.0,20.356177953215813,20.661666099071756,6.643293875884328,21.0,0,0.33833390092824445,20.634217882235408,20.5,21.5
1106.0,20.353435376400345,20.65892202594395,6.644288082061475,21.0,0,0.34107797405604856,20.63148129466591,20.5,21.5
1107.0,20.35069354694148,20.656178700972283,6.64528103604172,21.0,0,0.3438212990277165,20.628745451255604,20.5,21.5
1108.0,20.3479524644393,20.65343612375698,6.646272737068884,21.0,0,0.346563876243021,20.626010351603934,20.5,21.5
1109.0,20.345212128493824,20.6506942938982,6.647263184387744,21.0,0,0.34930570610179856,20.623275995310426,20.5,21.5
1110.0,20.342472538705003,20.64795321099604,6.648252377244031,21.0,0,0.35204678900396047,20.62054238197442,20.5,21.5
1111.0,20.33973369467271,20.645212874650515,6.649240314884432,21.0,0,0.3547871253494854,20.617809511195265,20.5,21.5
1112.0,20.33699559599675,20.642473284461566,6.65022699655659,21.0,0,0.35752671553843385,20.615077382572082,20.5,21.5
1113.0,20.334258242276864,20.63973444002908,6.651212421509103,21.0,0,0.36026555997091947,20.612345995704224,20.5,21.5
1114.0,20.33152163311271,20.63699634095286,6.6521965889915275,21.0,0,0.36300365904714127,20.60961535019064,20.5,21.5
1115.0,20.328785768103888,20.634258986832638,6.653179498254377,21.0,0,0.3657410131673622,20.60688544563043,20.5,21.5
1116.0,20.326050646849918,20.631522377268077,6.654161148549123,21.0,0,0.3684776227319233,20.604156281622465,20.5,21.5
1117.0,20.323316268950258,20.62878651185878,6.655141539128198,21.0,0,0.371213488141219,20.601427857765824,20.5,21.5
1118.0,20.320582634004293,20.626051390204264,6.656120669244989,21.0,0,0.3739486097957361,20.598700173659093,20.5,21.5
1119.0,20.31784974161134,20.62331701190399,6.657098538153847,21.0,0,0.376682988096011,20.59597322890124,20.5,21.5
1120.0,20.315117591370647,20.62058337655734,6.658075145110083,21.0,0,0.37941662344265836,20.593247023090868,20.5,21.5
1121.0,20.312386182881394,20.617850483763636,6.659050489369968,21.0,0,0.38214951623636395,20.59052155582658,20.5,21.5
1122.0,20.30965551574269,20.61511833312212,6.660024570190735,21.0,0,0.38488166687788095,20.58779682670695,20.5,21.5
1123.0,20.30692558955358,20.612386924231977,6.660997386830578,21.0,0,0.38761307576802295,20.585072835330557,20.5,21.5
1124.0,20.304196403913036,20.60965625669232,6.6619689385486565,21.0,0,0.39034374330768173,20.58234958129573,20.5,21.5
1125.0,20.301467958419963,20.60692633010218,6.662939224605091,21.0,0,0.3930736698978201,20.579627064200796,20.5,21.5
1126.0,20.2987402526732,20.604197144060542,6.6639082442609645,21.0,0,0.39580285593945774,20.576905283644166,20.5,21.5
1127.0,20.296013286271517,20.601468698166308,6.6648759967783295,21.0,0,0.39853130183369245,20.57418423922396,20.5,21.5
1128.0,20.29328705881362,20.598740992018314,6.665842481420199,21.0,0,0.401259007981686,20.57146393053838,20.5,21.5
1129.0,20.290561569898138,20.596014025215332,6.666807697450553,21.0,0,0.4039859747846677,20.568744357185516,20.5,21.5
1130.0,20.287836819123648,20.593287797356073,6.667771644134336,21.0,0,0.40671220264392716,20.566025518763478,20.5,21.5
1131.0,20.285112806088648,20.59056230803916,6.668734320737463,21.0,0,0.40943769196083935,20.56330741487004,20.5,21.5
1132.0,20.282389530391576,20.587837556863175,6.669695726526813,21.0,0,0.4121624431368254,20.560590045103314,20.5,21.5
1133.0,20.279666991630805,20.585113543426612,6.670655860770234,21.0,0,0.4148864565733881,20.557873409060985,20.5,21.5
1134.0,20.276945189404632,20.582390267327913,6.671614722736541,21.0,0,0.4176097326720871,20.555157506340922,20.5,21.5
1135.0,20.2742241233113,20.57966772816544,6.672572311695519,21.0,0,0.42033227183456034,20.552442336540707,20.5,21.5
1136.0,20.271503792948977,20.57694592553751,6.673528626917923,21.0,0,0.42305407446249177,20.549727899258194,20.5,21.5
1137.0,20.26878419791577,20.574224859042346,6.674483667675478,21.0,0,0.42577514095765423,20.54701419409072,20.5,21.5
1138.0,20.266065337809724,20.571504528278133,6.6754374332408775,21.0,0,0.42849547172186675,20.544301220636008,20.5,21.5
1139.0,20.263347212228812,20.56878493284297,6.676389922887788,21.0,0,0.43121506715703006,20.541588978491337,20.5,21.5
1140.0,20.260629820770944,20.5660660723349,6.677341135890848,21.0,0,0.43393392766510175,20.53887746725418,20.5,21.5
1141.0,20.25791316303397,20.5633479463519,6.678291071525667,21.0,0,0.4366520536480998,20.53616668652192,20.5,21.5
1142.0,20.25519723861567,20.56063055449188,6.679239729068827,21.0,0,0.4393694455081203,20.533456635891675,20.5,21.5
1143.0,20.25248204711376,20.557913896352687,6.680187107797884,21.0,0,0.4420861036473127,20.530747314960763,20.5,21.5
1144.0,20.249767588125895,20.555197971532102,6.681133206991369,21.0,0,0.4448020284678975,20.528038723326254,20.5,21.5
1145.0,20.247053861249668,20.552482779627844,6.682078025928785,21.0,0,0.4475172203721556,20.525330860585264,20.5,21.5
1146.0,20.244340866082602,20.549768320237572,6.6830215638906125,21.0,0,0.45023167976242817,20.522623726334846,20.5,21.5
1147.0,20.241628602222164,20.54705459295887,6.683963820158306,21.0,0,0.4529454070411312,20.51991732017184,20.5,21.5
1148.0,20.238917069265753,20.54434159738927,6.684904794014296,21.0,0,0.4556584026107302,20.51721164169328,20.5,21.5
1149.0,20.236206266810704,20.54162933312623,6.685844484741989,21.0,0,0.45837066687376904,20.514506690495843,20.5,21.5
1150.0,20.23349619445429,20.538917799767155,6.686782891625771,21.0,0,0.46108220023284474,20.5118024661764,20.5,21.5
1151.0,20.230786851793724,20.536206996909378,6.687720013951005,21.0,0,0.4637930030906219,20.509098968331607,20.5,21.5
1152.0,20.228078238426153,20.533496924150175,6.688655851004031,21.0,0,0.4665030758498254,20.50639619655814,20.5,21.5
1153.0,20.22537035394867,20.53078758108676,6.689590402072167,21.0,0,0.4692124189132407,20.503694150452606,20.5,21.5
1154.0,20.222663197958294,20.528078967316276,6.690523666443712,21.0,0,0.4719210326837242,20.50099282961144,20.5,21.5
1155.0,20.21995677005199,20.525371082435818,6.691455643407947,21.0,1,0.474628917564182,20.49829223363124,20.5,21.5
1156.0,20.237251069826662,20.526663926042406,6.692386332255128,21.0,1,0.4733360739575936,20.53959236210829,20.5,21.5
1157.0,20.25454209687915,20.531956697733005,6.693315732276497,21.0,1,0.4680433022669952,20.58488441463899,20.5,21.5
1158.0,20.271829851606228,20.541248597264516,6.6942438427642745,21.0,1,0.45875140273548354,20.634167592579633,20.5,21.5
1159.0,20.28911433440446,20.55453882455375,6.695170663011664,21.0,1,0.4454611754462512,20.687441097446072,20.5,21.5
1160.0,20.30639554567018,20.571826579677385,6.696096192312853,21.0,1,0.4281734203226151,20.744704130913746,20.5,21.5
1161.0,20.32367348579951,20.589111062871957,6.697020429963008,21.0,1,0.41088893712804264,20.76195589481768,20.5,21.5
1162.0,20.340948155188343,20.606392274533796,6.697943375258283,21.0,1,0.3936077254662038,20.779204391152184,20.5,21.5
1163.0,20.358219554232356,20.623670215059022,6.698865027495816,21.0,1,0.37632978494097813,20.79644962031128,20.5,21.5
1164.0,20.37548768332701,20.64094488484353,6.699785385973728,21.0,1,0.35905511515646893,20.813691582688623,20.5,21.5
1165.0,20.392752542867537,20.658216284283004,6.700704449991125,21.0,1,0.3417837157169963,20.83093027867773,20.5,21.5
1166.0,20.41001413324896,20.675484413772892,6.701622218848103,21.0,1,0.32451558622710763,20.84816570867178,20.5,21.5
1167.0,20.42727245486608,20.69274927370844,6.702538691845737,21.0,1,0.30725072629156003,20.865397873063916,20.5,21.5
1168.0,20.444527508113477,20.710010864484666,6.703453868286095,21.0,1,0.28998913551533434,20.882626772246923,20.5,21.5
1169.0,20.46177929338551,20.727269186496365,6.704367747472231,21.0,1,0.27273081350363526,20.899852406613356,20.5,21.5
1170.0,20.479027811076328,20.744524240138126,6.705280328708184,21.0,1,0.25547575986187354,20.917074776555744,20.5,21.5
1171.0,20.496273061579856,20.761776025804302,6.706191611298986,21.0,1,0.23822397419569796,20.934293882466058,20.5,21.5
1172.0,20.5135150452898,20.779024543889047,6.707101594550655,21.0,1,0.2209754561109527,20.9515097247365,20.5,21.5
1173.0,20.53075376259965,20.796269794786284,6.708010277770198,21.0,1,0.20373020521371643,20.968722303758646,20.5,21.5
1174.0,20.547989213902685,20.81351177888972,6.708917660265615,21.0,1,0.18648822111028096,20.985931619924074,20.5,21.5
1175.0,20.56522139959196,20.830750496592845,6.709823741345893,21.0,1,0.16924950340715483,21.003137673624106,20.5,21.5
1176.0,20.58245032006031,20.847985948288937,6.710728520321013,21.0,1,0.1520140517110633,21.020340465249852,20.5,21.5
1177.0,20.59967597570036,20.865218134371048,6.711631996501946,21.0,1,0.1347818656289519,21.037539995192162,20.5,21.5
1178.0,20.616898366904522,20.88244705523202,6.712534169200657,21.0,1,0.11755294476797928,21.054736263841747,20.5,21.5
1179.0,20.63411749406498,20.89967271126448,6.713435037730099,21.0,1,0.10032728873552088,21.071929271589063,20.5,21.5
1180.0,20.651333357573712,20.91689510286083,6.714334601404224,21.0,1,0.0831048971391688,21.089119018824352,20.5,21.5
1181.0,20.668545957822477,20.934114230413265,6.715232859537975,21.0,1,0.06588576958673542,21.1063055059376,20.5,21.5
1182.0,20.68575529520282,20.951330094313754,6.716129811447289,21.0,1,0.048669905686246295,21.123488733318645,20.5,21.5
1183.0,20.70296137010607,20.968542694954067,6.717025456449098,21.0,1,0.031457305045933026,21.1406687013572,20.5,21.5
1184.0,20.720164182923337,20.98575203272574,6.717919793861329,21.0,1,0.014247967274261697,21.15784541044245,20.5,21.5
1185.0,20.737363734045523,21.002958108020103,6.718812823002906,21.0,1,-0.0029581080201026566,21.175018860963746,20.5,21.5
1186.0,20.754560023863316,21.020160921228268,6.719704543193747,21.0,1,-0.020160921228267625,21.192189053309917,20.5,21.5
1187.0,20.77175305276718,21.03736047274114,6.72059495375477,21.0,1,-0.037360472741138295,21.209355987869845,20.5,21.5
1188.0,20.78894282114738,21.054556762949403,6.721484054007887,21.0,1,-0.05455676294940304,21.22651966503205,20.5,21.5
1189.0,20.80612932939395,21.071749792243526,6.722371843276012,21.0,1,-0.0717497922435264,21.24368008518476,20.5,21.5
1190.0,20.823312577896726,21.088939561013767,6.723258320883051,21.0,1,-0.08893956101376688,21.26083724871617,20.5,21.5
1191.0,20.840492567045324,21.106126069650166,6.724143486153917,21.0,1,-0.10612606965016624,21.27799115601416,20.5,21.5
1192.0,20.857669297229144,21.12330931854256,6.725027338414515,21.0,1,-0.12330931854256022,21.2951418074665,20.5,21.5
1193.0,20.874842768837382,21.14048930808056,6.7259098769917545,21.0,1,-0.1404893080805607,21.312289203460566,20.5,21.5
1194.0,20.892012982259015,21.157666038653574,6.726791101213543,21.0,1,-0.15766603865357354,21.329433344383702,20.5,21.5
1195.0,20.909179937882804,21.17483951065079,6.727671010408791,21.0,1,-0.1748395106507914,21.34657423062297,20.5,21.5
1196.0,20.92634363609731,21.192009724461187,6.7285496039074095,21.0,1,-0.1920097244611867,21.36371186256514,20.5,21.5
1197.0,20.94350407729087,21.20917668047353,6.72942688104031,21.0,1,-0.20917668047352933,21.380846240596956,20.5,21.5
1198.0,20.960661261851623,21.22634037907638,6.730302841139409,21.0,1,-0.2263403790763796,21.397977365104882,20.5,21.5
1199.0,20.97781519016748,21.24350082065807,6.731177483537624,21.0,1,-0.24350082065807044,21.41510523647498,20.5,21.5
1200.0,20.994965862626152,21.26065800560674,1.7320508075688767,21.0,1,-0.26065800560673935,21.43222985509343,20.5,21.5
1201.0,21.01111327961514,21.277611934310308,1.7329228125680949,21.0,1,-0.2776119343103076,21.44715122134599,20.5,21.5
1202.0,21.027257641521732,21.294362647156476,1.733793497871206,21.0,1,-0.29436264715647553,21.461869775618155,20.5,21.5
1203.0,21.043398948693003,21.31091018452475,1.7346628628151457,21.0,1,-0.31091018452475083,21.476385558207504,20.5,21.5
1204.0,21.059537201475827,21.32725458678642,1.735530906737857,21.0,1,-0.3272545867864203,21.490698609403115,20.5,21.5
1205.0,21.07567240021688,21.343395894304564,1.7363976289782848,21.0,0,-0.34339589430456385,21.504808969486,20.5,21.5
1206.0,21.071804545262633,21.35553414743406,1.7372630288763826,21.0,0,-0.3555341474340601,21.476916678729022,20.5,21.5
1207.0,21.067937636959357,21.36367014652159,1.7381271057731107,21.0,0,-0.3636701465215886,21.445030137396873,20.5,21.5
1208.0,21.06407167485312,21.36780469175361,1.738989859010438,21.0,0,-0.36780469175360864,21.40915014407381,20.5,21.5
1209.0,21.060206658489953,21.367938583156434,1.739851287931339,21.0,0,-0.3679385831564339,21.369277497184687,20.5,21.5
1210.0,21.05634258741584,21.364072620596225,1.740711391879799,21.0,0,-0.36407262059622525,21.32541299499414,20.5,21.5
1211.0,21.052479461176734,21.360207603779045,1.741570170200811,21.0,0,-0.36020760377904537,21.321557435607247,20.5,21.5
1212.0,21.048617279318538,21.356343532250882,1.7424276222403785,21.0,0,-0.35634353225088233,21.317702816969252,20.5,21.5
1213.0,21.04475604138712,21.35248040555768,1.7432837473455143,21.0,0,-0.35248040555768156,21.313849138625674,20.5,21.5
1214.0,21.040895746928314,21.348618223245357,1.7441385448642412,21.0,0,-0.3486182232453565,21.309996400122106,20.5,21.5
1215.0,21.037036395487902,21.34475698485977,1.744992014145594,21.0,0,-0.3447569848597709,21.306144601003915,20.5,21.5
1216.0,21.033177986611634,21.340896689946753,1.7458441545396193,21.0,0,-0.34089668994675293,21.302293740816573,20.5,21.5
1217.0,21.029320519845218,21.33703733805209,1.7466949653973742,21.0,0,-0.3370373380520917,21.29844381910548,20.5,21.5
1218.0,21.025463994734327,21.33317892872153,1.7475444460709308,21.0,0,-0.3331789287215301,21.294594835415914,20.5,21.5
1219.0,21.021608410824594,21.32932146150079,1.7483925959133702,21.0,0,-0.3293214615007898,21.290746789293387,20.5,21.5
1220.0,21.017753767661613,21.325464935935532,1.749239414278792,21.0,0,-0.32546493593553194,21.286899680282954,20.5,21.5
1221.0,21.01390006479094,21.321609351571393,1.750084900522305,21.0,0,-0.3216093515713929,21.283053507930003,20.5,21.5
1222.0,21.010047301758085,21.31775470795397,1.7509290540000357,21.0,0,-0.31775470795397,21.27920827177974,20.5,21.5
1223.0,21.006195478108534,21.31390100462881,1.7517718740691244,21.0,0,-0.31390100462881065,21.275363971377217,20.5,21.5
1224.0,21.002344593387726,21.310048241141438,1.752613360087727,21.0,0,-0.3100482411414376,21.271520606267707,20.5,21.5
1225.0,20.998494647141065,21.306196417037327,1.7534535114150156,21.0,0,-0.30619641703732725,21.267678175996224,20.5,21.5
1226.0,20.99464563891392,21.302345531861924,1.7542923274111777,21.0,0,-0.30234553186192414,21.263836680107893,20.5,21.5
1227.0,20.99079756825162,21.29849558516063,1.7551298074374184,21.0,0,-0.29849558516063013,21.25999611814769,20.5,21.5
1228.0,20.986950434699455,21.294646576478815,1.7559659508559609,21.0,0,-0.2946465764788151,21.256156489660665,20.5,21.5
1229.0,20.983104237802685,21.290798505361806,1.756800757030046,21.0,0,-0.2907985053618063,21.25231779419172,20.5,21.5
1230.0,20.979258977106532,21.2869513713549,1.7576342253239305,21.0,0,-0.286951371354899,21.248480031285826,20.5,21.5
1231.0,20.975414652156175,21.28310517400335,1.758466355102894,21.0,0,-0.28310517400334945,21.244643200487854,20.5,21.5
1232.0,20.971571262496763,21.27925991285238,1.7592971457332327,21.0,0,-0.2792599128523783,21.240807301342667,20.5,21.5
1233.0,20.96772880767341,21.275415587447167,1.7601265965822641,21.0,0,-0.2754155874471671,21.236972333395055,20.5,21.5
1234.0,20.96388728723119,21.27157219733287,1.7609547070183238,21.0,0,-0.2715721973328691,21.23313829618989,20.5,21.5
1235.0,20.96004670071515,21.26772974205459,1.7617814764107713,21.0,0,-0.2677297420545912,21.229305189271813,20.5,21.5
1236.0,20.95620704767029,21.263888221157416,1.762606904129984,21.0,0,-0.2638882211574156,21.22547301218566,20.5,21.5
1237.0,20.952368327641583,21.260047634186378,1.7634309895473645,21.0,0,-0.2600476341863782,21.221641764476004,20.5,21.5
1238.0,20.948530540173966,21.25620798068649,1.7642537320353355,21.0,0,-0.2562079806864901,21.21781144568761,20.5,21.5
1239.0,20.94469368481234,21.252369260202716,1.7650751309673423,21.0,0,-0.2523692602027161,21.213982055364976,20.5,21.5
1240.0,20.94085776110157,21.24853147228,1.765895185717854,21.0,0,-0.24853147227999983,21.210153593052837,20.5,21.5
1241.0,20.93702276858649,21.244694616463242,1.7667138956623631,21.0,0,-0.2446946164632422,21.206326058295666,20.5,21.5
1242.0,20.933188706811908,21.2408586922973,1.7675312601773872,21.0,0,-0.2408586922973015,21.202499450637895,20.5,21.5
1243.0,20.92935557532258,21.23702369932703,1.7683472786404666,21.0,0,-0.23702369932702894,21.198673769624303,20.5,21.5
1244.0,20.925523373663246,21.23318963709721,1.7691619504301679,21.0,0,-0.23318963709721174,21.19484901479904,20.5,21.5
1245.0,20.9216921013786,21.22935650515262,1.7699752749260833,21.0,0,-0.2293565051526194,21.191025185706696,20.5,21.5
1246.0,20.91786175801331,21.225524303037986,1.7707872515088319,21.0,0,-0.22552430303798587,21.18720228189165,20.5,21.5
1247.0,20.91403234311201,21.221693030298006,1.7715978795600567,21.0,0,-0.22169303029800602,21.183380302898208,20.5,21.5
1248.0,20.910203856219297,21.21786268647735,1.7724071584624292,21.0,0,-0.21786268647734985,21.179559248270788,20.5,21.5
1249.0,20.906376296879746,21.21403327112065,1.7732150875996489,21.0,0,-0.2140332711206483,21.175739117553633,20.5,21.5
1250.0,20.90254966463789,21.210204783772504,1.7740216663564432,21.0,0,-0.21020478377250384,21.17191991029106,20.5,21.5
1251.0,20.898723959038232,21.206377223977487,1.7748268941185668,21.0,0,-0.20637722397748703,21.16810162602732,20.5,21.5
1252.0,20.89489917962525,21.202550591280136,1.7756307702728025,21.0,0,-0.20255059128013642,21.16428426430663,20.5,21.5
1253.0,20.89107532594338,21.198724885224955,1.7764332942069654,21.0,0,-0.19872488522495502,21.16046782467314,20.5,21.5
1254.0,20.887252397537033,21.194900105356414,1.7772344653098973,21.0,0,-0.1949001053564139,21.156652306671003,20.5,21.5
1255.0,20.883430393950587,21.191076251218952,1.7780342829714728,21.0,0,-0.1910762512189521,21.152837709844334,20.5,21.5
1256.0,20.87960931472839,21.187253322356987,1.7788327465825953,21.0,0,-0.18725332235698744,21.14902403373734,20.5,21.5
1257.0,20.87578915941476,21.183431318314888,1.7796298555352,21.0,0,-0.1834313183148879,21.145211277893893,20.5,21.5
1258.0,20.871969927553987,21.179610238637007,1.7804256092222532,21.0,0,-0.1796102386370073,21.1413994418582,20.5,21.5
1259.0,20.86815161869032,21.175790082867664,1.7812200070377546,21.0,0,-0.17579008286766395,21.13758852517423,20.5,21.5
1260.0,20.864334232367987,21.171970850551144,1.7820130483767356,21.0,0,-0.17197085055114414,21.133778527385946,20.5,21.5
1261.0,20.86051776813119,21.168152541231702,1.7828047326352614,21.0,0,-0.1681525412317022,21.129969448037283,20.5,21.5
1262.0,20.85670222552409,21.164335154453568,1.7835950592104286,21.0,0,-0.1643351544535676,21.12616128667222,20.5,21.5
1263.0,20.852887604090824,21.160518689760934,1.7843840275003693,21.0,0,-0.1605186897609343,21.1223540428346,20.5,21.5
1264.0,20.849073903375505,21.15670314669797,1.7851716369042512,21.0,0,-0.15670314669797136,21.118547716068342,20.5,21.5
1265.0,20.84526112292221,21.152888524808816,1.785957886822274,21.0,0,-0.15288852480881587,21.11474230591726,20.5,21.5
1266.0,20.84144926227499,21.149074823637577,1.7867427766556752,21.0,0,-0.14907482363757651,21.110937811925183,20.5,21.5
1267.0,20.837638320977863,21.145262042728334,1.7875263058067263,21.0,0,-0.14526204272833354,21.107134233635904,20.5,21.5
1268.0,20.83382829857483,21.141450181625135,1.788308473678736,21.0,0,-0.14145018162513523,21.103331570593152,20.5,21.5
1269.0,20.83001919460985,21.137639239872,1.78908927967605,21.0,0,-0.13763923987200144,21.099529822340664,20.5,21.5
1270.0,20.826211008626863,21.133829217012934,1.7898687232040498,21.0,0,-0.13382921701293427,21.095728988422263,20.5,21.5
1271.0,20.82240374016978,21.130020112591893,1.7906468036691559,21.0,0,-0.13002011259189317,21.091929068381482,20.5,21.5
1272.0,20.81859738878248,21.126211926152813,1.7914235204788262,21.0,0,-0.12621192615281274,21.08813006176201,20.5,21.5
1273.0,20.814791954008818,21.122404657239613,1.7921988730415555,21.0,0,-0.12240465723961336,21.08433196810762,20.5,21.5
1274.0,20.810987435392626,21.11859830539617,1.7929728607668807,21.0,0,-0.11859830539616922,21.080534786961728,20.5,21.5
1275.0,20.8071838324777,21.114792870166337,1.7937454830653765,21.0,0,-0.11479287016633677,21.076738517868012,20.5,21.5
1276.0,20.80338114480782,21.110988351093948,1.7945167393486567,21.0,0,-0.11098835109394756,21.072943160370055,20.5,21.5
1277.0,20.799579371926725,21.107184747722798,1.795286629029377,21.0,0,-0.10718474772279762,21.0691487140113,20.5,21.5
1278.0,20.795778513378146,21.10338205959666,1.796055151521231,21.0,0,-0.10338205959666169,21.065355178335302,20.5,21.5
1279.0,20.791978568705773,21.09958028625929,1.7968223062389574,21.0,0,-0.09958028625928961,21.06156255288557,20.5,21.5
1280.0,20.788179537453278,21.095779427254406,1.7975880925983336,21.0,0,-0.09577942725440636,21.057770837205574,20.5,21.5
1281.0,20.78438141916431,21.0919794821257,1.7983525100161808,21.0,0,-0.0919794821257014,21.05398003083865,20.5,21.5
1282.0,20.78058421338248,21.088180450416854,1.7991155579103602,21.0,0,-0.08818045041685352,21.050190133328375,20.5,21.5
1283.0,20.776787919651383,21.0843823316715,1.7998772356997792,21.0,0,-0.08438233167149889,21.046401144217953,20.5,21.5
1284.0,20.772992537514593,21.080585125433267,1.8006375428043873,21.0,0,-0.08058512543326657,21.042613063050943,20.5,21.5
1285.0,20.769198066515653,21.07678883124574,1.8013964786451755,21.0,0,-0.07678883124573943,21.038825889370468,20.5,21.5
1286.0,20.765404506198077,21.072993448652493,1.802154042644183,21.0,0,-0.07299344865249324,21.03503962272003,20.5,21.5
1287.0,20.761611856105368,21.069198977197072,1.8029102342244911,21.0,0,-0.0691989771970718,21.031254262642857,20.5,21.5
1288.0,20.75782011578099,21.065405416422998,1.8036650528102278,21.0,0,-0.06540541642299758,21.027469808682255,20.5,21.5
1289.0,20.754029284768396,21.061612765873754,1.804418497826564,21.0,0,-0.06161276587375397,21.023686260381318,20.5,21.5
1290.0,20.75023936261101,21.057821025092828,1.8051705686997206,21.0,0,-0.05782102509282794,21.019903617283568,20.5,21.5
1291.0,20.746450348852225,21.054030193623653,1.8059212648569627,21.0,0,-0.05403019362365313,21.016121878931905,20.5,21.5
1292.0,20.742662243035426,21.050240271009663,1.8066705857266019,21.0,0,-0.05024027100966322,21.012341044869764,20.5,21.5
1293.0,20.738875044703963,21.046451256794256,1.8074185307379969,21.0,0,-0.046451256794256324,21.008561114640187,20.5,21.5
1294.0,20.735088753401172,21.04266315052081,1.8081650993215561,21.0,0,-0.04266315052080927,21.00478208778634,20.5,21.5
1295.0,20.731303368670357,21.03887595173268,1.8089102909087362,21.0,0,-0.0388759517326811,21.0010039638514,20.5,21.5
1296.0,20.727518890054803,21.0350896599732,1.8096541049320392,21.0,0,-0.035089659973198906,20.997226742378377,20.5,21.5
1297.0,20.723735317097777,21.03130427478567,1.8103965408250193,21.0,0,-0.03130427478566844,20.993450422910364,20.5,21.5
1298.0,20.719952649342524,21.02751979571338,1.8111375980222792,21.0,0,-0.027519795713381257,20.98967500499051,20.5,21.5
1299.0,20.71617088633226,21.023736222299597,1.8118772759594721,21.0,0,-0.023736222299596932,20.985900488161754,20.5,21.5
1300.0,20.712390027610187,21.01995355408756,1.8126155740733,21.0,0,-0.019953554087560832,20.9821268719672,20.5,21.5
1301.0,20.70861007271948,21.016171790620497,1.8133524918015178,21.0,0,-0.016171790620497006,20.97835415594986,20.5,21.5
1302.0,20.704831021203297,21.0123909314416,1.8140880285829297,21.0,0,-0.012390931441601083,20.974582339652642,20.5,21.5
1303.0,20.701052872604773,21.00861097609405,1.8148221838573937,21.0,0,-0.008610976094050926,20.97081142261855,20.5,21.5
1304.0,20.697275626467025,21.004831924121003,1.8155549570658174,21.0,0,-0.004831924121003084,20.967041404390525,20.5,21.5
1305.0,20.693499282333146,21.001053775065593,1.8162863476501627,21.0,0,-0.001053775065592788,20.96327228451149,20.5,21.5
1306.0,20.68972383974621,20.99727652847094,1.8170163550534433,21.0,0,0.0027234715290589406,20.959504062524424,20.5,21.5
1307.0,20.685949298249273,20.993500183880133,1.8177449787197277,21.0,0,0.006499816119866608,20.955736737972057,20.5,21.5
1308.0,20.68217565738537,20.98972474083625,1.8184722180941373,21.0,0,0.010275259163748274,20.951970310397435,20.5,21.5
1309.0,20.67840291669751,20.985950198882346,1.8191980726228465,21.0,0,0.01404980111765397,20.94820477934329,20.5,21.5
1310.0,20.674631075728698,20.982176557561456,1.8199225417530869,21.0,0,0.01782344243854439,20.94444014435255,20.5,21.5
1311.0,20.670860134021904,20.978403816416595,1.8206456249331424,21.0,0,0.021596183583405093,20.940676404967988,20.5,21.5
1312.0,20.667090091120087,20.974631974990757,1.821367321612354,21.0,0,0.025368025009242956,20.93691356073238,20.5,21.5
1313.0,20.663320946566184,20.97086103282692,1.8220876312411196,21.0,0,0.029138967173079067,20.93315161118856,20.5,21.5
1314.0,20.65955269990312,20.96709098946804,1.8228065532708904,21.0,0,0.03290901053195938,20.929390555879237,20.5,21.5
1315.0,20.655785350673792,20.96332184445706,1.8235240871541771,21.0,0,0.036678155542940516,20.925630394347248,20.5,21.5
1316.0,20.652018898421087,20.959553597336896,1.824240232344546,21.0,0,0.04044640266310395,20.92187112613526,20.5,21.5
1317.0,20.648253342687873,20.955786247650455,1.8249549882966214,21.0,0,0.04421375234954539,20.91811275078604,20.5,21.5
1318.0,20.644488683016995,20.952019794940618,1.8256683544660852,21.0,0,0.04798020505938183,20.914355267842254,20.5,21.5
1319.0,20.640724918951285,20.948254238750252,1.8263803303096795,21.0,0,0.05174576124974806,20.91059867684659,20.5,21.5
1320.0,20.636962050033556,20.944489578622203,1.8270909152852015,21.0,0,0.055510421377796604,20.906842977341718,20.5,21.5
1321.0,20.633200075806606,20.94072581409931,6.827800108851512,21.0,0,0.05927418590069067,20.90308816887037,20.5,21.5
1322.0,20.630438995813215,20.937162944724378,6.828507910468527,21.0,0,0.06283705527562233,20.90153425097506,20.5,21.5
1323.0,20.627678609596146,20.933800930040206,6.829214319597227,21.0,0,0.06619906995979363,20.900180783198493,20.5,21.5
1324.0,20.624918916738146,20.93063972959758,6.82991933569965,21.0,0,0.0693602704024201,20.899027725171315,20.5,21.5
1325.0,20.62215991682194,20.927679302955255,6.830622958238894,21.0,0,0.07232069704474497,20.898075036532006,20.5,21.5
1326.0,20.619401609430223,20.92491960967998,6.831325186679122,21.0,0,0.07508039032002145,20.897322676927214,20.5,21.5
1327.0,20.616643994145672,20.92216060934647,6.832026020485555,21.0,0,0.07783939065352996,20.894570606011385,20.5,21.5
1328.0,20.61388707055094,20.919402301537428,6.832725459124479,21.0,0,0.08059769846257225,20.891819223447005,20.5,21.5
1329.0,20.611130838228657,20.91664468583553,6.833423502063241,21.0,0,0.0833553141644714,20.889068528816537,20.5,21.5
1330.0,20.608375296761423,20.913887761823425,6.834120148770248,21.0,0,0.08611223817657532,20.886318521702385,20.5,21.5
1331.0,20.605620445731827,20.911131529083747,6.8348153987149765,21.0,0,0.08886847091625327,20.883569201686967,20.5,21.5
1332.0,20.602866284722424,20.908375987199097,6.835509251367962,21.0,0,0.09162401280090293,20.8808205683526,20.5,21.5
1333.0,20.600112813315754,20.90562113575206,6.836201706200806,21.0,0,0.09437886424793973,20.878072621281692,20.5,21.5
1334.0,20.59736003109433,20.902866974325192,6.836892762686174,21.0,0,0.09713302567480753,20.875325360056515,20.5,21.5
1335.0,20.594607937640646,20.900113502501036,6.837582420297797,21.0,0,0.09988649749896439,20.872578784259467,20.5,21.5
1336.0,20.59185653253718,20.897360719862107,6.838270678510469,21.0,0,0.10263928013789325,20.869832893472818,20.5,21.5
1337.0,20.589105815366374,20.894608625990898,6.838957536800052,21.0,0,0.10539137400910192,20.86708768727881,20.5,21.5
1338.0,20.58635578571066,20.89185722046988,6.839642994643475,21.0,0,0.10814277953011953,20.864343165259704,20.5,21.5
1339.0,20.583606443152444,20.889106502881504,6.840327051518731,21.0,0,0.1108934971184965,20.861599326997734,20.5,21.5
1340.0,20.580857787274116,20.8863564728082,6.841009706904881,21.0,0,0.11364352719180104,20.858856172075154,20.5,21.5
1341.0,20.578109817658042,20.883607129832374,6.841690960282053,21.0,0,0.11639287016762623,20.856113700074122,20.5,21.5
1342.0,20.575362533886565,20.88085847353641,6.842370811131442,21.0,0,0.11914152646359,20.853371910576772,20.5,21.5
1343.0,20.572615935542014,20.87811050350268,6.843049258935315,21.0,0,0.12188949649732095,20.85063080316537,20.5,21.5
1344.0,20.569870022206693,20.87536321931353,6.843726303177001,21.0,0,0.124636780686469,20.84789037742205,20.5,21.5
1345.0,20.567124793462888,20.872616620551288,6.844401943340904,21.0,0,0.12738337944871247,20.845150632928853,20.5,21.5
1346.0,20.564380248892864,20.869870706798253,6.8450761789124925,21.0,0,0.1301292932017475,20.842411569267902,20.5,21.5
1347.0,20.561636388078867,20.867125477636712,6.845749009378308,21.0,0,0.1328745223632879,20.839673186021308,20.5,21.5
1348.0,20.558893210603127,20.864380932648935,6.846420434225962,21.0,0,0.13561906735106533,20.83693548277116,20.5,21.5
1349.0,20.556150716047853,20.861637071417164,6.847090452944133,21.0,0,0.13836292858283628,20.834198459099454,20.5,21.5
1350.0,20.553408903995233,20.858893893523632,6.847759065022574,21.0,0,0.1411061064763679,20.831462114588316,20.5,21.5
1351.0,20.55066777402744,20.856151398550548,6.848426269952107,21.0,0,0.14384860144945222,20.828726448819705,20.5,21.5
1352.0,20.547927325726622,20.8534095860801,6.8490920672246265,21.0,0,0.14659041391989902,20.825991461375633,20.5,21.5
1353.0,20.54518755867492,20.85066845569446,6.8497564563330995,21.0,0,0.1493315443055394,20.823257151838057,20.5,21.5
1354.0,20.542448472454453,20.84792800697578,6.850419436771564,21.0,0,0.1520719930242187,20.82052351978899,20.5,21.5
1355.0,20.539710066647316,20.845188239506196,6.851081008035132,21.0,0,0.15481176049380352,20.81779056481035,20.5,21.5
1356.0,20.536972340835593,20.84244915286783,6.85174116961999,21.0,0,0.15755084713217116,20.815058286484152,20.5,21.5
1357.0,20.53423529460135,20.839710746642773,6.852399921023393,21.0,0,0.16028925335722732,20.81232668439221,20.5,21.5
1358.0,20.531498927526634,20.836973020413115,6.8530572617436745,21.0,0,0.16302697958688483,20.80959575811654,20.5,21.5
1359.0,20.528763239193477,20.83423597376092,6.853713191280241,21.0,0,0.16576402623908137,20.806865507238953,20.5,21.5
1360.0,20.526028229183893,20.831499606268235,6.854367709133575,21.0,0,0.16850039373176529,20.804135931341396,20.5,21.5
1361.0,20.523293897079885,20.828763917517097,6.85502081480523,21.0,0,0.17123608248290267,20.801407030005723,20.5,21.5
1362.0,20.52056024246343,20.826028907089512,6.8556725077978395,21.0,0,0.17397109291048807,20.798678802813658,20.5,21.5
1363.0,20.517827264916495,20.823294574567484,6.856322787615111,21.0,0,0.176705425432516,20.795951249347205,20.5,21.5
1364.0,20.515094964021035,20.820560919532994,6.856971653761827,21.0,0,0.17943908046700585,20.793224369188096,20.5,21.5
1365.0,20.512363339358984,20.817827941568012,6.857619105743848,21.0,0,0.1821720584319877,20.790498161918194,20.5,21.5
1366.0,20.509632390512262,20.815095640254487,6.858265143068112,21.0,0,0.1849043597455129,20.787772627119235,20.5,21.5
1367.0,20.506902117062772,20.812364015174357,6.8589097652426325,21.0,0,0.18763598482564348,20.78504776437305,20.5,21.5
1368.0,20.50417251859241,20.809633065909537,6.859552971776503,21.0,0,0.1903669340904628,20.782323573261344,20.5,21.5
1369.0,20.501443594683046,20.80690279204194,6.860194762179892,21.0,0,0.1930972079580613,20.779600053365954,20.5,21.5
1370.0,20.498715344916544,20.804173193153453,6.860835135964049,21.0,0,0.19582680684654719,20.776877204268594,20.5,21.5
1371.0,20.495987768874752,20.80144426882595,6.861474092641302,21.0,0,0.19855573117405,20.77415502555092,20.5,21.5
1372.0,20.493260866139504,20.798716018641294,6.862111631725057,21.0,0,0.2012839813587064,20.77143351679473,20.5,21.5
1373.0,20.490534636292622,20.795988442181336,6.8627477527298,21.0,0,0.20401155781866365,20.768712677581764,20.5,21.5
1374.0,20.48780907891591,20.79326153902791,6.863382455171098,21.0,0,0.20673846097209037,20.765992507493642,20.5,21.5
1375.0,20.48508419359116,20.790535308762834,6.864015738565596,21.0,0,0.20946469123716582,20.76327300611208,20.5,21.5
1376.0,20.482359979900153,20.787809750967913,6.864647602431025,21.0,0,0.21219024903208705,20.7605541730187,20.5,21.5
1377.0,20.47963643742466,20.785084865224942,6.865278046286188,21.0,0,0.2149151347750582,20.75783600779523,20.5,21.5
1378.0,20.476913565746433,20.782360651115702,6.865907069650978,21.0,0,0.2176393488842976,20.75511851002331,20.5,21.5
1379.0,20.474191364447215,20.779637108221966,6.866534672046365,21.0,0,0.22036289177803425,20.7524016792846,20.5,21.5
1380.0,20.471469833108735,20.77691423612548,6.867160852994403,21.0,0,0.2230857638745185,20.74968551516064,20.5,21.5
1381.0,20.468748971312714,20.774192034407996,6.867785612018229,21.0,0,0.22580796559200422,20.74697001723314,20.5,21.5
1382.0,20.466028778640855,20.771470502651233,6.868408948642059,21.0,0,0.2285294973487666,20.74425518508361,20.5,21.5
1383.0,20.463309254674854,20.76874964043692,6.869030862391197,21.0,0,0.23125035956308082,20.741541018293777,20.5,21.5
1384.0,20.4605903989964,20.766029447346757,6.869651352792029,21.0,0,0.2339705526532434,20.73882751644513,20.5,21.5
1385.0,20.45787221118716,20.763309922962442,6.870270419372023,21.0,0,0.23669007703755796,20.736114679119297,20.5,21.5
1386.0,20.455154690828795,20.760591066865654,6.870888061659734,21.0,0,0.23940893313434586,20.733402505897775,20.5,21.5
1387.0,20.452437837502963,20.757872878638075,6.871504279184801,21.0,0,0.24212712136192494,20.730690996362284,20.5,21.5
1388.0,20.4497216507913,20.755155357861366,6.872119071477947,21.0,0,0.24484464213863433,20.72798015009427,20.5,21.5
1389.0,20.447006130275437,20.752438504117173,6.8727324380709796,21.0,0,0.2475614958828274,20.725269966675242,20.5,21.5
1390.0,20.444291275536997,20.74972231698714,6.873344378496795,21.0,0,0.250277683012861,20.722560445686803,20.5,21.5
1391.0,20.44157708615759,20.747006796052897,6.873954892289374,21.0,0,0.2529932039471028,20.71985158671048,20.5,21.5
1392.0,20.438863561718815,20.74429194089607,6.874563978983783,21.0,0,0.2557080591039309,20.717143389327788,20.5,21.5
1393.0,20.43615070180227,20.741577751098262,6.875171638116177,21.0,0,0.2584222489017378,20.714435853120193,20.5,21.5
1394.0,20.433438505989532,20.73886422624108,6.875777869223795,21.0,0,0.2611357737589195,20.711728977669264,20.5,21.5
1395.0,20.43072697386218,20.736151365906117,6.8763826718449685,21.0,0,0.2638486340938826,20.709022762556486,20.5,21.5
1396.0,20.428016105001774,20.733439169674952,6.876986045519112,21.0,0,0.26656083032504796,20.7063172073633,20.5,21.5
1397.0,20.425305898989876,20.730727637129164,6.877587989786731,21.0,0,0.26927236287083645,20.70361231167128,20.5,21.5
1398.0,20.422596355408036,20.728016767850317,6.878188504189418,21.0,0,0.2719832321496831,20.70090807506185,20.5,21.5
1399.0,20.419887473837793,20.725306561419966,6.878787588269857,21.0,0,0.2746934385800337,20.69820449711646,20.5,21.5
1400.0,20.41717925386068,20.722597017419666,6.879385241571817,21.0,0,0.2774029825803339,20.695501577416664,20.5,21.5
1401.0,20.41447169505822,20.719888135430956,6.87998146364016,21.0,0,0.2801118645690437,20.69279931554386,20.5,21.5
1402.0,20.411764797011937,20.71717991503537,6.880576254020838,21.0,0,0.28282008496463007,20.690097711079506,20.5,21.5
1403.0,20.40905855930334,20.714472355814433,6.881169612260891,21.0,0,0.2855276441855672,20.68739676360506,20.5,21.5
1404.0,20.40635298151393,20.711765457349664,6.881761537908451,21.0,0,0.2882345426503363,20.684696472701972,20.5,21.5
1405.0,20.40364806322521,20.70905921922257,6.882352030512742,21.0,0,0.29094078077742935,20.68199683795164,20.5,21.5
1406.0,20.400943804018667,20.70635364101466,6.882941089624076,21.0,0,0.29364635898534175,20.679297858935534,20.5,21.5
1407.0,20.398240203475787,20.703648722307427,6.883528714793861,21.0,0,0.2963512776925725,20.67659953523512,20.5,21.5
1408.0,20.39553726117805,20.70094446268237,6.884114905574593,21.0,0,0.29905553731763135,20.67390186643178,20.5,21.5
1409.0,20.39283497670693,20.69824086172097,6.884699661519864,21.0,0,0.30175913827903145,20.671204852106968,20.5,21.5
1410.0,20.390133349643893,20.695537919004703,6.885282982184357,21.0,0,0.3044620809952967,20.66850849184205,20.5,21.5
1411.0,20.387432379570402,20.69283563411505,6.885864867123846,21.0,0,0.307164365884951,20.665812785218506,20.5,21.5
1412.0,20.38473206606791,20.690134006633475,6.886445315895202,21.0,0,0.3098659933665253,20.66311773181773,20.5,21.5
1413.0,20.382032408717876,20.68743303614144,6.887024328056388,21.0,0,0.3125669638585613,20.66042333122108,20.5,21.5
1414.0,20.379333407101743,20.6847327222204,6.887601903166459,21.0,0,0.3152672777796006,20.657729583010006,20.5,21.5
1415.0,20.376635060800957,20.682033064451815,6.888178040785569,21.0,0,0.3179669355481849,20.655036486765972,20.5,21.5
1416.0,20.373937369396955,20.679334062417126,6.8887527404749616,21.0,0,0.32066593758287354,20.65234404207024,20.5,21.5
1417.0,20.37124033247117,20.676635715697778,6.889326001796981,21.0,0,0.3233642843022224,20.64965224850429,20.5,21.5
1418.0,20.368543949605037,20.673938023875213,6.889897824315062,21.0,0,0.3260619761247874,20.646961105649563,20.5,21.5
1419.0,20.36584822037998,20.671240986530858,6.890468207593736,21.0,0,0.32875901346914205,20.64427061308731,20.5,21.5
1420.0,20.363153144377424,20.66854460324615,6.891037151198633,21.0,0,0.3314553967538494,20.641580770399077,20.5,21.5
1421.0,20.360458721178787,20.665848873602517,6.8916046546964775,21.0,0,0.334151126397483,20.63889157716618,20.5,21.5
1422.0,20.357764950365492,20.66315379718138,6.892170717655091,21.0,0,0.3368462028186201,20.63620303297001,20.5,21.5
1423.0,20.355071831518952,20.660459373564162,6.892735339643391,21.0,0,0.3395406264358378,20.633515137391985,20.5,21.5
1424.0,20.352379364220578,20.657765602332283,6.893298520231393,21.0,0,0.3422343976677169,20.630827890013492,20.5,21.5
1425.0,20.34968754805178,20.65507248306715,6.893860258990211,21.0,0,0.34492751693284873,20.628141290415833,20.5,21.5
1426.0,20.346996382593968,20.65238001535019,6.894420555492058,21.0,0,0.3476199846498105,20.625455338180572,20.5,21.5
1427.0,20.34430586742855,20.649688198762803,6.894979409310242,21.0,0,0.3503118012371971,20.622770032888937,20.5,21.5
1428.0,20.341616002136924,20.646997032886397,6.895536820019172,21.0,0,0.35300296711360346,20.620085374122333,20.5,21.5
1429.0,20.3389267863005,20.644306517302383,6.8960927871943545,21.0,0,0.35569348269761747,20.617401361462242,20.5,21.5
1430.0,20.33623821950068,20.641616651592166,6.896647310412399,21.0,0,0.35838334840783403,20.61471799449,20.5,21.5
1431.0,20.333550301318862,20.638927435337145,6.897200389251009,21.0,0,0.3610725646628552,20.612035272786933,20.5,21.5
1432.0,20.33086303133645,20.63623886811872,6.897752023288993,21.0,0,0.36376113188127945,20.609353195934478,20.5,21.5
1433.0,20.32817640913484,20.633550949518302,6.898302212106257,21.0,0,0.3664490504816982,20.606671763514115,20.5,21.5
1434.0,20.325490434295435,20.63086367911729,6.898850955283807,21.0,0,0.36913632088270987,20.603990975107173,20.5,21.5
1435.0,20.322805106399635,20.628177056497083,6.8993982524037545,21.0,0,0.37182294350291656,20.601310830295017,20.5,21.5
1436.0,20.320120425028836,20.625491081239076,6.899944103049305,21.0,0,0.37450891876092385,20.598631328659003,20.5,21.5
1437.0,20.317436389764442,20.622805752924677,6.900488506804772,21.0,0,0.3771942470753231,20.595952469780684,20.5,21.5
1438.0,20.31475300018785,20.62012107113528,6.901031463255567,21.0,0,0.37987892886471997,20.59327425324131,20.5,21.5
1439.0,20.312070255880464,20.617437035452287,6.901572971988207,21.0,0,0.3825629645477129,20.590596678622358,20.5,21.5
1440.0,20.309388156423687,20.614753645457096,6.902113032590307,21.0,0,0.3852463545429039,20.587919745505186,20.5,21.5
1441.0,20.30670670139892,20.612070900731112,6.9026516446505894,21.0,0,0.38792909926888797,20.58524345347127,20.5,21.5
1442.0,20.30402589038757,20.609388800855736,6.903188807758877,21.0,0,0.39061119914426357,20.58256780210198,20.5,21.5
1443.0,20.301345722971046,20.606707345412378,6.903724521506096,21.0,0,0.3932926545876221,20.579892790978793,20.5,21.5
1444.0,20.298666198730754,20.604026533982434,6.904258785484277,21.0,0,0.39597346601756556,20.577218419683,20.5,21.5
1445.0,20.295987317248105,20.601346366147318,6.904791599286557,21.0,0,0.3986536338526818,20.574544687796156,20.5,21.5
1446.0,20.293309078104514,20.598666841488434,6.905322962507173,21.0,0,0.4013331585115658,20.571871594899594,20.5,21.5
1447.0,20.290631480881395,20.595987959587198,6.905852874741469,21.0,0,0.4040120404128018,20.56919914057484,20.5,21.5
1448.0,20.287954525160167,20.593309720025026,6.906381335585894,21.0,0,0.4066902799749741,20.566527324403303,20.5,21.5
1449.0,20.285278210522254,20.590632122383326,6.906908344638003,21.0,0,0.40936787761667404,20.563856145966326,20.5,21.5
1450.0,20.282602536549078,20.58795516624352,6.907433901496454,21.0,0,0.4120448337564788,20.561185604845473,20.5,21.5
1451.0,20.279927502822066,20.58527885118703,6.907958005761014,21.0,0,0.4147211488129692,20.558515700622127,20.5,21.5
1452.0,20.277253108922654,20.58260317679528,6.908480657032554,21.0,0,0.4173968232047187,20.555846432877786,20.5,21.5
1453.0,20.274579354432277,20.579928142649702,6.909001854913052,21.0,0,0.4200718573502975,20.553177801193915,20.5,21.5
1454.0,20.271906238932374,20.577253748331724,6.909521599005595,21.0,0,0.4227462516682756,20.550509805151943,20.5,21.5
1455.0,20.26923376200439,20.574579993422788,6.9100398889143735,21.0,0,0.42542000657721246,20.54784244433342,20.5,21.5
1456.0,20.266561923229773,20.57190687750433,6.910556724244687,21.0,0,0.428093122495671,20.545175718319744,20.5,21.5
1457.0,20.263890722189977,20.569234400157796,6.911072104602944,21.0,0,0.43076559984220353,20.54250962669247,20.5,21.5
1458.0,20.26122015846646,20.566562560964634,6.91158602959666,21.0,0,0.4334374390353659,20.53984416903301,20.5,21.5
1459.0,20.258550231640687,20.563891359506293,6.9120984988344585,21.0,0,0.4361086404937069,20.537179344922883,20.5,21.5
1460.0,20.255880941294127,20.561220795364243,6.912609511926071,21.0,0,0.4387792046357575,20.534515153943737,20.5,21.5
1461.0,20.253212287008253,20.55855086811994,6.91311906848234,21.0,0,0.4414491318800593,20.531851595676923,20.5,21.5
1462.0,20.250544268364546,20.555881577354853,6.913627168115215,21.0,0,0.4441184226451469,20.529188669703977,20.5,21.5
1463.0,20.247876884944496,20.55321292265046,6.9141338104377565,21.0,0,0.4467870773495406,20.526526375606522,20.5,21.5
1464.0,20.245210136329593,20.55054490358824,6.914638995064134,21.0,0,0.44945509641176074,20.523864712966038,20.5,21.5
1465.0,20.24254402210134,20.547877519749683,6.915142721609628,21.0,0,0.452122480250317,20.52120368136412,20.5,21.5
1466.0,20.239878541841243,20.54521077071628,6.91564498969063,21.0,0,0.454789229283719,20.51854328038226,20.5,21.5
1467.0,20.237213695130812,20.542544656069534,6.916145798924639,21.0,0,0.45745534393046583,20.515883509602066,20.5,21.5
1468.0,20.23454948155157,20.539879175390947,6.916645148930266,21.0,0,0.4601208246090529,20.513224368605076,20.5,21.5
1469.0,20.231885900685047,20.537214328262042,6.917143039327238,21.0,0,0.4627856717379579,20.510565856972992,20.5,21.5
1470.0,20.229222952112774,20.534550114264327,6.917639469736386,21.0,0,0.4654498857356728,20.50790797428718,20.5,21.5
1471.0,20.2265606354163,20.53188653297934,6.918134439779659,21.0,0,0.46811346702066103,20.505250720129457,20.5,21.5
1472.0,20.223898950177173,20.52922358398861,6.918627949080115,21.0,0,0.47077641601138964,20.502594094081324,20.5,21.5
1473.0,20.22123789597695,20.52656126687369,6.919119997261925,21.0,1,0.47343873312631146,20.49993809572447,20.5,21.5
1474.0,20.238577472397207,20.527899581216122,6.919610583950374,21.0,1,0.472100418783878,20.541282724640457,20.5,21.5
1475.0,20.255913679019518,20.53323772659747,6.920099708771858,21.0,1,0.46676227340253007,20.58661918041095,20.5,21.5
1476.0,20.27324651622547,20.542574902759302,6.920587371353886,21.0,1,0.4574250972406979,20.635946664377624,20.5,21.5
1477.0,20.290575984396497,20.555910309603167,6.921073571325084,21.0,1,0.444089690396833,20.689264378041816,20.5,21.5
1478.0,20.307902083913884,20.573243147190553,6.921558308315188,21.0,1,0.4267568528094472,20.74657152306441,20.5,21.5
1479.0,20.325224815158766,20.590572615742865,6.9220415819550505,21.0,1,0.40942738425713543,20.763867301265982,20.5,21.5
1480.0,20.342544178512124,20.607898715641387,6.922523391876638,21.0,1,0.39210128435861336,20.781159714626607,20.5,21.5
1481.0,20.359860174354797,20.625221447267254,6.92300373771303,21.0,1,0.37477855273274585,20.79844876352593,20.5,21.5
1482.0,20.377172803067467,20.642540811001446,6.923482619098422,21.0,1,0.3574591889985541,20.815734448343363,20.5,21.5
1483.0,20.394482065030672,20.659856807224806,6.923960035668127,21.0,1,0.34014319277519434,20.833016769458403,20.5,21.5
1484.0,20.4117879606248,20.677169436318014,6.924435987058571,21.0,1,0.32283056368198615,20.850295727250096,20.5,21.5
1485.0,20.429090490230088,20.694478698661605,6.924910472907294,21.0,1,0.30552130133839484,20.86757132209752,20.5,21.5
1486.0,20.446389654226625,20.71178459463597,6.925383492852958,21.0,1,0.28821540536403134,20.884843554379604,20.5,21.5
1487.0,20.46368545299435,20.729087124621348,6.925855046535334,21.0,1,0.2709128753786523,20.90211242447514,20.5,21.5
1488.0,20.48097788691306,20.746386288997826,6.926325133595316,21.0,1,0.2536137110021741,20.919377932762607,20.5,21.5
1489.0,20.498266956362396,20.763682088145345,6.926793753674912,21.0,1,0.23631791185465545,20.93664007962053,20.5,21.5
1490.0,20.51555266172186,20.780974522443696,6.927260906417246,21.0,1,0.21902547755630408,20.95389886542721,20.5,21.5
1491.0,20.5328350033708,20.79826359227253,6.927726591466562,21.0,1,0.20173640772746992,20.97115429056087,20.5,21.5
1492.0,20.55011398168842,20.815549298011344,6.92819080846822,21.0,1,0.18445070198865565,20.988406355399487,20.5,21.5
1493.0,20.567389597053776,20.832831640039487,6.928653557068699,21.0,1,0.16716835996051316,21.005655060320912,20.5,21.5
1494.0,20.58466184984578,20.850110618736164,6.929114836915597,21.0,1,0.14988938126383644,21.02290040570293,20.5,21.5
1495.0,20.601930740443194,20.86738623448043,6.929574647657626,21.0,1,0.13261376551956872,21.04014239192311,20.5,21.5
1496.0,20.619196269224638,20.8846584876512,6.930032988944623,21.0,1,0.11534151234879886,21.0573810193589,20.5,21.5
1497.0,20.63645843656858,20.90192737862723,6.9304898604275404,21.0,1,0.09807262137276851,21.074616288387535,20.5,21.5
1498.0,20.653717242853354,20.91919290778715,6.93094526175845,21.0,1,0.08080709221285076,21.091848199386327,20.5,21.5
1499.0,20.670972688457134,20.93645507550942,6.931399192590545,21.0,1,0.06354492449057858,21.109076752732143,20.5,21.5
1500.0,20.68822477375796,20.953713882172373,6.931851652578136,21.0,1,0.04628611782762704,21.12630194880189,20.5,21.5
1501.0,20.705473499133724,20.97096932815419,6.932302641376657,21.0,1,0.029030671845809763,21.143523787972363,20.5,21.5
1502.0,20.72271886496217,20.98822141383291,6.932752158642659,21.0,1,0.0117785861670896,21.160742270620112,20.5,21.5
1503.0,20.73996087162091,21.005470139586418,6.933200204033815,21.0,1,-0.005470139586417844,21.177957397121492,20.5,21.5
1504.0,20.75719951948739,21.02271550579247,6.933646777208919,21.0,1,-0.02271550579246906,21.19516916785298,20.5,21.5
1505.0,20.774434808938935,21.039957512828664,6.934091877827886,21.0,1,-0.03995751282866422,21.212377583190616,20.5,21.5
1506.0,20.791666740352714,21.05719616107246,6.934535505551754,21.0,1,-0.05719616107246139,21.229582643510433,20.5,21.5
1507.0,20.808895314105754,21.074431450901177,6.934977660042679,21.0,1,-0.07443145090117653,21.246784349188328,20.5,21.5
1508.0,20.826120530574944,21.091663382691983,6.935418340963942,21.0,1,-0.09166338269198349,21.263982700600053,20.5,21.5
1509.0,20.84334239013702,21.108891956821914,6.935857547979946,21.0,1,-0.108891956821914,21.28117769812122,20.5,21.5
1510.0,20.86056089316859,21.126117173667843,6.936295280756216,21.0,1,-0.12611717366784347,21.29836934212714,20.5,21.5
1511.0,20.877776040046108,21.143339033606527,6.936731538959397,21.0,1,-0.14333903360652656,21.315557632993357,20.5,21.5
1512.0,20.89498783114589,21.160557537014554,6.937166322257262,21.0,1,-0.16055753701455444,21.332742571094833,20.5,21.5
1513.0,20.912196266844113,21.177772684268387,6.9375996303187035,21.0,1,-0.17777268426838688,21.34992415680671,20.5,21.5
1514.0,20.92940134751681,21.194984475744345,6.938031462813739,21.0,1,-0.19498447574434508,21.367102390503927,20.5,21.5
1515.0,20.94660307353987,21.2121929118186,6.938461819413509,21.0,1,-0.212192911818601,21.38427727256116,20.5,21.5
1516.0,20.963801445289043,21.229397992867188,6.938890699790278,21.0,1,-0.2293979928671881,21.40144880335306,20.5,21.5
1517.0,20.98099646313994,21.246599719265998,6.939318103617435,21.0,1,-0.24659971926599766,21.418616983254093,20.5,21.5
1518.0,20.998188127468037,21.263798091390782,6.939744030569494,21.0,1,-0.2637980913907825,21.43578181263863,20.5,21.5
1519.0,21.01537643864866,21.28099310961715,6.940168480322091,21.0,1,-0.28099310961714963,21.45294329188082,20.5,21.5
1520.0,21.032561397056995,21.298184774320575,6.940591452551993,21.0,1,-0.2981847743205748,21.470101421354826,20.5,21.5
1521.0,21.049743003068095,21.315373085876384,6.941012946937085,21.0,1,-0.31537308587638435,21.48725620143448,20.5,21.5
1522.0,21.06692125705687,21.33255804465977,6.941432963156382,21.0,0,-0.3325580446597698,21.504407632493624,20.5,21.5
1523.0,21.06409615939809,21.345739651045783,6.941851500890023,21.0,0,-0.34573965104578264,21.47755571490591,20.5,21.5
1524.0,21.06127171046639,21.35491870540933,6.942268559819272,21.0,0,-0.3549187054093288,21.44670924904479,20.5,21.5
1525.0,21.05844790983626,21.360096007965183,6.942684139626523,21.0,0,-0.3600960079651827,21.411869033523722,20.5,21.5
1526.0,21.055624757082217,21.361272358768005,6.943098239995292,21.0,0,-0.3612723587680051,21.37303586679623,20.5,21.5
1527.0,21.0528022517788,21.358448557712393,6.943510860610225,21.0,0,-0.3584485577123928,21.33021054715627,20.5,21.5
1528.0,21.049980393500565,21.35562540453289,6.943922001157093,21.0,0,-0.3556254045328906,21.32739387273787,20.5,21.5
1529.0,21.047159181822096,21.352802898804033,6.944331661322793,21.0,0,-0.3528028988040326,21.324577841515453,20.5,21.5
1530.0,21.044338616317997,21.34998104010038,6.944739840795354,21.0,0,-0.34998104010038134,21.32176245306387,20.5,21.5
1531.0,21.041518696562893,21.347159827996517,6.945146539263926,21.0,0,-0.3471598279965171,21.318947706957875,20.5,21.5
1532.0,21.038699422131433,21.344339262067045,6.945551756418793,21.0,0,-0.3443392620670451,21.316133602772325,20.5,21.5
1533.0,21.03588079259829,21.34151934188659,6.945955491951364,21.0,0,-0.3415193418865883,21.31332014008202,20.5,21.5
1534.0,21.033062807538162,21.338700067029805,6.9463577455541765,21.0,0,-0.33870006702980504,21.310507318461973,20.5,21.5
1535.0,21.030245466525766,21.33588143707136,6.946758516920897,21.0,0,-0.335881437071361,21.30769513748692,20.5,21.5
1536.0,21.027428769135845,21.33306345158595,6.94715780574632,21.0,0,-0.3330634515859501,21.30488359673184,20.5,21.5
1537.0,21.024612714943167,21.330246110148302,6.947555611726371,21.0,0,-0.33024611014830185,21.30207269577182,20.5,21.5
1538.0,21.021797303522522,21.327429412333146,6.947951934558104,21.0,0,-0.3274294123331458,21.299262434181585,20.5,21.5
1539.0,21.018982534448728,21.324613357715258,6.948346773939699,21.0,0,-0.3246133577152577,21.296452811536376,20.5,21.5
1540.0,21.016168407296625,21.32179794586943,6.948740129570471,21.0,0,-0.3217979458694309,21.293643827411163,20.5,21.5
1541.0,21.01335492164108,21.318983176370477,6.949132001150861,21.0,0,-0.3189831763704767,21.290835481380935,20.5,21.5
1542.0,21.010542077056982,21.31616904879324,6.9495223883824435,21.0,0,-0.31616904879323826,21.288027773020854,20.5,21.5
1543.0,21.007729873119246,21.31335556271258,6.94991129096792,21.0,0,-0.31335556271258014,21.285220701906,20.5,21.5
1544.0,21.004918309402814,21.310542717703395,6.950298708611126,21.0,0,-0.31054271770339525,21.282414267611546,20.5,21.5
1545.0,21.002107385482656,21.3077305133406,6.950684641017025,21.0,0,-0.3077305133406014,21.279608469712663,20.5,21.5
1546.0,20.999297100933763,21.304918949199138,6.951069087891713,21.0,0,-0.30491894919913776,21.2768033077845,20.5,21.5
1547.0,20.996487455331156,21.302108024853972,6.951452048942417,21.0,0,-0.3021080248539718,21.273998781402312,20.5,21.5
1548.0,20.993678448249877,21.2992977398801,6.951833523877495,21.0,0,-0.29929773988009956,21.271194890141377,20.5,21.5
1549.0,20.990870079265004,21.29648809385254,6.952213512406438,21.0,0,-0.29648809385253827,21.268391633576925,20.5,21.5
1550.0,20.988062347951633,21.293679086346334,6.952592014239867,21.0,0,-0.29367908634633366,21.265589011284288,20.5,21.5
1551.0,20.98525525388489,21.29087071693656,6.952969029089537,21.0,0,-0.29087071693655986,21.262787022838822,20.5,21.5
1552.0,20.982448796639932,21.288062985198312,6.953344556668336,21.0,0,-0.2880629851983123,21.259985667815837,20.5,21.5
1553.0,20.97964297579194,21.285255890706726,6.9537185966902815,21.0,0,-0.2852558907067255,21.257184945790858,20.5,21.5
1554.0,20.976837790916118,21.28244943303695,6.9540911488705275,21.0,0,-0.28244943303694825,21.254384856339176,20.5,21.5
1555.0,20.97403324158771,21.279643611764165,6.954462212925358,21.0,0,-0.27964361176416475,21.25158539903633,20.5,21.5
1556.0,20.971229327381977,21.27683842646358,6.954831788572192,21.0,0,-0.2768384264635806,21.24878657345774,20.5,21.5
1557.0,20.968426047874214,21.27403387671044,6.955199875529582,21.0,0,-0.27403387671044044,21.24598837917904,20.5,21.5
1558.0,20.965623402639746,21.27122996208,6.955566473517212,21.0,0,-0.2712299620799996,21.24319081577559,20.5,21.5
1559.0,20.96282139125392,21.26842668214756,6.9559315822559045,21.0,0,-0.2684266821475596,21.24039388282316,20.5,21.5
1560.0,20.960020013292123,21.26562403648844,6.956295201467611,21.0,0,-0.2656240364884397,21.23759757989724,20.5,21.5
1561.0,20.95721926832976,21.262822024677998,6.956657330875421,21.0,0,-0.2628220246779982,21.234801906573583,20.5,21.5
1562.0,20.95441915594227,21.26002064629161,6.957017970203557,21.0,0,-0.26002064629161126,21.232006862427742,20.5,21.5
1563.0,20.95161967570512,21.257219900904683,6.957377119177376,21.0,0,-0.2572199009046834,21.229212447035405,20.5,21.5
1564.0,20.948820827193817,21.254419788092665,6.95773477752337,21.0,0,-0.2544197880926653,21.226418659972484,20.5,21.5
1565.0,20.94602260998388,21.25162030743102,6.958090944969168,21.0,0,-0.2516203074310184,21.22362550081455,20.5,21.5
1566.0,20.94322502365088,21.24882145849524,6.9584456212435315,21.0,0,-0.2488214584952395,21.22083296913745,20.5,21.5
1567.0,20.940428067770398,21.246023240860865,6.95879880607636,21.0,0,-0.2460232408608647,21.218041064517116,20.5,21.5
1568.0,20.93763174191806,21.24322565410345,6.959150499198688,21.0,0,-0.2432256541034512,21.215249786529316,20.5,21.5
1569.0,20.934836045669517,21.240428697798592,6.959500700342685,21.0,0,-0.24042869779859188,21.21245913475,20.5,21.5
1570.0,20.93204097860045,21.237632371521904,6.959849409241659,21.0,0,-0.23763237152190442,21.20966910875503,20.5,21.5
1571.0,20.92924654028658,21.234836674849046,6.9601966256300525,21.0,0,-0.23483667484904558,21.206879708120457,20.5,21.5
1572.0,20.926452730303648,21.232041607355697,6.960542349243443,21.0,0,-0.232041607355697,21.20409093242221,20.5,21.5
1573.0,20.923659548227437,21.229247168617572,6.960886579818551,21.0,0,-0.22924716861757233,21.201302781236326,20.5,21.5
1574.0,20.920866993633755,21.22645335821042,6.961229317093226,21.0,0,-0.22645335821042067,21.198515254138904,20.5,21.5
1575.0,20.918075066098446,21.22366017571002,6.961570560806461,21.0,0,-0.22366017571001962,21.19572835070601,20.5,21.5
1576.0,20.915283765197387,21.220867620692182,6.961910310698383,21.0,0,-0.22086762069218224,21.19294207051381,20.5,21.5
1577.0,20.912493090506487,21.218075692732747,6.962248566510258,21.0,0,-0.21807569273274652,21.19015641313839,20.5,21.5
1578.0,20.909703041601688,21.215284391407597,6.96258532798449,21.0,0,-0.2152843914075966,21.187371378156097,20.5,21.5
1579.0,20.906913618058965,21.212493716292634,6.96292059486462,21.0,0,-0.21249371629263436,21.184586965143012,20.5,21.5
1580.0,20.904124819454328,21.20970366696381,6.9632543668953275,21.0,0,-0.20970366696381149,21.181803173675583,20.5,21.5
1581.0,20.901336645363816,21.206914242997097,6.963586643822431,21.0,0,-0.20691424299709738,21.179020003329956,20.5,21.5
1582.0,20.898549095363506,21.2041254439685,6.9639174253928875,21.0,0,-0.20412544396850052,21.176237453682532,20.5,21.5
1583.0,20.895762169029513,21.201337269454065,6.964246711354791,21.0,0,-0.20133726945406494,21.17345552430971,20.5,21.5
1584.0,20.892975865937977,21.19854971902987,6.964574501457378,21.0,0,-0.19854971902987018,21.170674214787923,20.5,21.5
1585.0,20.89019018566508,21.195762792272017,6.964900795451019,21.0,0,-0.1957627922720171,21.167893524693486,20.5,21.5
1586.0,20.887405127787037,21.19297648875666,6.96522559308723,21.0,0,-0.19297648875665985,21.165113453603087,20.5,21.5
1587.0,20.884620691880098,21.190190808059977,6.965548894118663,21.0,0,-0.19019080805997746,21.162334001093154,20.5,21.5
1588.0,20.881836877520545,21.187405749758188,6.965870698299108,21.0,0,-0.18740574975818802,21.159555166740294,20.5,21.5
1589.0,20.8790536842847,21.18462131342753,6.9661910053835,21.0,0,-0.18462131342753096,21.15677695012096,20.5,21.5
1590.0,20.87627111174892,21.181837498644295,6.966509815127909,21.0,0,-0.18183749864429544,21.15399935081194,20.5,21.5
1591.0,20.873489159489598,21.17905430498481,6.966827127289549,21.0,0,-0.17905430498480968,21.151222368389952,20.5,21.5
1592.0,20.87070782708316,21.176271732025423,6.967142941626772,21.0,0,-0.17627173202542323,21.14844600243156,20.5,21.5
1593.0,20.867927114106067,21.173489779342525,6.967457257899071,21.0,0,-0.17348977934252474,21.14567025251354,20.5,21.5
1594.0,20.865147020134824,21.170708446512553,6.967770075867083,21.0,0,-0.17070844651255257,21.14289511821283,20.5,21.5
1595.0,20.86236754474597,21.167927733111963,6.9680813952925815,21.0,0,-0.16792773311196285,21.140120599106066,20.5,21.5
1596.0,20.85958868751608,21.165147638717258,6.9683912159384835,21.0,0,-0.1651476387172579,21.13734669477021,20.5,21.5
1597.0,20.856810448021765,21.162368162904976,6.968699537568848,21.0,0,-0.16236816290497558,21.134573404782152,20.5,21.5
1598.0,20.854032825839674,21.1595893052517,6.969006359948873,21.0,0,-0.1595893052516999,21.131800728718943,20.5,21.5
1599.0,20.851255820546495,21.156811065334033,6.969311682844902,21.0,0,-0.15681106533403266,21.12902866615736,20.5,21.5
1600.0,20.848479431718953,21.15403344272863,6.969615506024416,21.0,0,-0.15403344272862896,21.126257216674592,20.5,21.5
1601.0,20.845703658933814,21.151256437012176,6.969917829256042,21.0,0,-0.15125643701217584,21.123486379847645,20.5,21.5
1602.0,20.84292850176788,21.1484800477614,6.970218652309548,21.0,0,-0.14848004776139945,21.120716155253636,20.5,21.5
1603.0,20.840153959797988,21.14570427455306,6.970517974955843,21.0,0,-0.14570427455306145,21.11794654246968,20.5,21.5
1604.0,20.83738003260102,21.142929116963963,6.97081579696698,21.0,0,-0.1429291169639626,21.115177541072974,20.5,21.5
1605.0,20.834606719753893,21.14015457457095,6.971112118116156,21.0,0,-0.14015457457094982,21.112409150640822,20.5,21.5
1606.0,20.831834020833565,21.137380646950902,6.971406938177707,21.0,0,-0.13738064695090202,21.109641370750424,20.5,21.5
1607.0,20.829061935417034,21.134607333680734,6.971700256927117,21.0,0,-0.13460733368073363,21.10687420097905,20.5,21.5
1608.0,20.826290463081335,21.1318346343374,6.97199207414101,21.0,0,-0.13183463433740172,21.104107640904083,20.5,21.5
1609.0,20.823519603403547,21.12906254849791,6.972282389597154,21.0,0,-0.12906254849790955,21.101341690102988,20.5,21.5
1610.0,20.820749355960785,21.12629107573929,6.972571203074462,21.0,0,-0.12629107573928877,21.09857634815308,20.5,21.5
1611.0,20.817979720330207,21.123520215638617,6.972858514352991,21.0,0,-0.12352021563861726,21.095811614631902,20.5,21.5
1612.0,20.81521069608901,21.120749967773015,6.973144323213939,21.0,0,-0.1207499677730155,21.093047489116998,20.5,21.5
1613.0,20.812442282814438,21.117980331719636,6.973428629439651,21.0,0,-0.11798033171963596,21.09028397118584,20.5,21.5
1614.0,20.809674480083764,21.11521130705568,6.973711432813614,21.0,0,-0.11521130705568083,21.08752106041613,20.5,21.5
1615.0,20.80690728747431,21.112442893358384,6.973992733120464,21.0,0,-0.11244289335838431,21.08475875638542,20.5,21.5
1616.0,20.80414070456344,21.109675090205034,6.974272530145976,21.0,0,-0.10967509020503385,21.08199705867153,20.5,21.5
1617.0,20.801374730928558,21.106907897172942,6.974550823677073,21.0,0,-0.1069078971729418,21.07923596685202,20.5,21.5
1618.0,20.798609366147108,21.104141313839477,6.974827613501823,21.0,0,-0.10414131383947733,21.076475480504833,20.5,21.5
1619.0,20.79584460979658,21.10137533978204,6.975102899409437,21.0,0,-0.1013753397820416,21.073715599207684,20.5,21.5
1620.0,20.7930804614545,21.09860997457808,6.9753766811902755,21.0,0,-0.09860997457807841,21.070956322538446,20.5,21.5
1621.0,20.790316920698448,21.095845217805085,6.975648958635839,21.0,0,-0.09584521780508481,21.06819765007515,20.5,21.5
1622.0,20.787553987106037,21.09308106904058,6.975919731538778,21.0,0,-0.09308106904057922,21.065439581395523,20.5,21.5
1623.0,20.784791660254925,21.09031752786214,6.976188999692887,21.0,0,-0.09031752786214042,21.062682116077752,20.5,21.5
1624.0,20.78202993972281,21.087554593847386,6.976456762893106,21.0,0,-0.08755459384738629,21.059925253699845,20.5,21.5
1625.0,20.779268825087446,21.084792266573974,6.9767230209355215,21.0,0,-0.08479226657397376,21.05716899383985,20.5,21.5
1626.0,20.776508315926616,21.08203054561961,6.976987773617367,21.0,0,-0.08203054561960954,21.054413336075967,20.5,21.5
1627.0,20.773748411818154,21.079269430562032,6.977251020737022,21.0,0,-0.07926943056203228,21.05165827998626,20.5,21.5
1628.0,20.770989112339937,21.076508920979034,6.977512762094012,21.0,0,-0.07650892097903395,21.04890382514905,20.5,21.5
1629.0,20.768230417069887,21.07374901644845,6.977772997489009,21.0,0,-0.07374901644844911,21.0461499711426,20.5,21.5
1630.0,20.76547232558597,21.070989716548155,6.978031726723834,21.0,0,-0.070989716548155,21.043396717545214,20.5,21.5
1631.0,20.7627148374662,21.06823102085607,6.978288949601452,21.0,0,-0.06823102085607147,21.040644063935236,20.5,21.5
1632.0,20.759957952288627,21.065472928950165,6.978544665925977,21.0,0,-0.06547292895016454,21.037892009891095,20.5,21.5
1633.0,20.757201669631353,21.062715440408446,6.97879887550267,21.0,0,-0.06271544040844645,21.035140554991266,20.5,21.5
1634.0,20.75444598907253,21.05995855480898,6.979051578137939,21.0,0,-0.05995855480897916,21.032389698814306,20.5,21.5
1635.0,20.75169091019034,21.057202271729853,6.979302773639341,21.0,0,-0.05720227172985304,21.029639440938592,20.5,21.5
1636.0,20.74893643256303,21.05444659074922,6.979552461815578,21.0,0,-0.05444659074921887,21.026889780942877,20.5,21.5
1637.0,20.746182555768883,21.05169151144527,6.979800642476503,21.0,0,-0.051691511445270066,21.024140718405782,20.5,21.5
1638.0,20.743429279386223,21.048937033396243,6.980047315433115,21.0,0,-0.04893703339624267,21.02139225290597,20.5,21.5
1639.0,20.74067660299343,21.046183156180422,6.980292480497562,21.0,0,-0.04618315618042246,21.01864438402222,20.5,21.5
1640.0,20.737924526168932,21.04342987937614,6.98053613748314,21.0,0,-0.0434298793761414,21.01589711133333,20.5,21.5
1641.0,20.735173048491195,21.040677202561774,6.980778286204295,21.0,0,-0.040677202561774095,21.0131504344181,20.5,21.5
1642.0,20.732422169538737,21.037925125315745,6.981018926476618,21.0,0,-0.03792512531574488,21.010404352855453,20.5,21.5
1643.0,20.729671888890124,21.03517364721652,6.981258058116851,21.0,0,-0.03517364721652072,21.00765886622428,20.5,21.5
1644.0,20.72692220612397,21.03242276784263,6.981495680942887,21.0,0,-0.032422767842628986,21.00491397410371,20.5,21.5
1645.0,20.724173120818932,21.02967248677263,6.981731794773765,21.0,0,-0.029672486772629014,21.00216967607263,20.5,21.5
1646.0,20.721424632553724,21.02692280358513,6.981966399429672,21.0,0,-0.026922803585129884,20.99942597171014,20.5,21.5
1647.0,20.7186767409071,21.024173717858805,6.982199494731949,21.0,0,-0.024173717858804622,20.996682860595552,20.5,21.5
1648.0,20.715929445457864,21.02142522917235,6.982431080503083,21.0,0,-0.021425229172351123,20.993940342307816,20.5,21.5
1649.0,20.713182745784874,21.01867733710453,6.982661156566712,21.0,0,-0.018677337104531233,20.991198416426332,20.5,21.5
1650.0,20.71043664146703,21.015930041234153,6.982889722747621,21.0,0,-0.01593004123415298,20.98845708253037,20.5,21.5
1651.0,20.707691132083287,21.013183341140063,6.983116778871748,21.0,0,-0.013183341140063476,20.98571634019917,20.5,21.5
1652.0,20.704946217212644,21.010437236401174,6.9833423247661806,21.0,0,-0.010437236401173777,20.982976189012277,20.5,21.5
1653.0,20.702201896434154,21.00769172659643,6.983566360259156,21.0,0,-0.00769172659643047,20.980236628548997,20.5,21.5
1654.0,20.69945816932692,21.00494681130484,6.98378888518006,21.0,0,-0.004946811304840537,20.97749765838894,20.5,21.5
1655.0,20.696715035470092,21.002202490105454,6.98400989935943,21.0,0,-0.0022024901054535917,20.974759278111584,20.5,21.5
1656.0,20.69397249444287,20.99945876257737,6.984229402628956,21.0,0,0.0005412374226310135,20.972021487296523,20.5,21.5
1657.0,20.69123054582451,20.996715628299743,6.9844473948214745,21.0,0,0.0032843717002570827,20.969284285523482,20.5,21.5
1658.0,20.68848918919431,20.993973086851774,6.984663875770977,21.0,0,0.006026913148225788,20.966547672372087,20.5,21.5
1659.0,20.685748424131624,20.99123113781271,6.984878845312603,21.0,0,0.008768862187288562,20.963811647422084,20.5,21.5
1660.0,20.68300825021586,20.988489780761867,6.985092303282644,21.0,0,0.01151021923813289,20.961076210253424,20.5,21.5
1661.0,20.68026866702647,20.985749015278586,6.985304249518542,21.0,0,0.014250984721414284,20.958341360445772,20.5,21.5
1662.0,20.67752967414297,20.98300884094228,6.9855146838588915,21.0,0,0.01699115905772075,20.955607097579215,20.5,21.5
1663.0,20.674791271144915,20.9802692573324,6.985723606143436,21.0,0,0.01973074266760122,20.952873421233594,20.5,21.5
1664.0,20.672053457611916,20.977530264028456,6.985931016213074,21.0,0,0.022469735971544225,20.950140330989026,20.5,21.5
1665.0,20.669316233123638,20.97479186061001,6.986136913909853,21.0,0,0.02520813938998856,20.947407826425568,20.5,21.5
1666.0,20.666579597259794,20.972054046656677,6.986341299076972,21.0,0,0.027945953343323282,20.94467590712333,20.5,21.5
1667.0,20.66384354960016,20.969316821748116,6.986544171558784,21.0,0,0.030683178251884158,20.941944572662507,20.5,21.5
1668.0,20.66110808972455,20.96658018546404,6.986745531200793,21.0,0,0.03341981453596077,20.939213822623273,20.5,21.5
1669.0,20.658373217212844,20.963844137384225,6.986945377849654,21.0,0,0.03615586261577519,20.93648365658608,20.5,21.5
1670.0,20.655638931644972,20.961108677088493,6.987143711353175,21.0,0,0.038891322911506876,20.933754074131176,20.5,21.5
1671.0,20.652905232600915,20.958373804156714,6.987340531560317,21.0,0,0.04162619584328553,20.931025074838928,20.5,21.5
1672.0,20.650172119660706,20.955639518168827,6.987535838321193,21.0,0,0.04436048183117336,20.92829665828995,20.5,21.5
1673.0,20.64743959240444,20.952905818704803,6.987729631487067,21.0,0,0.047094181295197046,20.925568824064566,20.5,21.5
1674.0,20.644707650412254,20.950172705344688,6.98792191091036,21.0,0,0.049827294655312215,20.922841571743536,20.5,21.5
1675.0,20.641976293264353,20.947440177668565,6.988112676444639,21.0,0,0.05255982233143541,20.920114900907333,20.5,21.5
1676.0,20.63924552054099,20.94470823525658,6.988301927944631,21.0,0,0.055291764743419236,20.917388811136743,20.5,21.5
1677.0,20.63651533182247,20.941976877688937,6.9884896652662105,21.0,0,0.05802312231106299,20.9146633020125,20.5,21.5
1678.0,20.63378572668916,20.93924610454588,6.9886758882664095,21.0,0,0.0607538954541198,20.911938373115312,20.5,21.5
1679.0,20.631056704721473,20.93651591540772,6.988860596803409,21.0,0,0.06348408459227883,20.90921402402613,20.5,21.5
1680.0,20.62832826549989,20.933786309854828,6.989043790736547,21.0,0,0.06621369014517242,20.90649025432589,20.5,21.5
1681.0,20.625600408604935,20.931057287467617,6.989225469926312,21.0,0,0.06894271253238315,20.90376706359551,20.5,21.5
1682.0,20.6228731336172,20.92832884782656,6.989405634234348,21.0,0,0.07167115217344033,20.901044451415988,20.5,21.5
1683.0,20.620146440117324,20.92560099051219,6.9895842835234525,21.0,0,0.07439900948780931,20.8983224173685,20.5,21.5
1684.0,20.617420327686006,20.922873715105098,6.989761417657577,21.0,0,0.07712628489490214,20.89560096103417,20.5,21.5
1685.0,20.614694795904,20.92014702118592,6.989937036501823,21.0,0,0.07985297881408115,20.89288008199413,20.5,21.5
1686.0,20.61196984435212,20.917420908335355,6.990111139922453,21.0,0,0.08257909166464472,20.89015977982972,20.5,21.5
1687.0,20.609245472611235,20.914695376134162,6.990283727786877,21.0,0,0.08530462386583793,20.88744005412223,20.5,21.5
1688.0,20.60652168026227,20.91197042416315,6.990454799963662,21.0,0,0.088029575836849,20.88472090445304,20.5,21.5
1689.0,20.603798466886207,20.909246052003194,6.990624356322531,21.0,0,0.0907539479968058,20.882002330403626,20.5,21.5
1690.0,20.601075832064094,20.906522259235214,6.990792396734357,21.0,0,0.09347774076478643,20.879284331555407,20.5,21.5
1691.0,20.598353775377028,20.903799045440195,6.990958921071172,21.0,0,0.09620095455980504,20.87656690749001,20.5,21.5
1692.0,20.595632296406166,20.90107641019918,6.99112392920616,21.0,0,0.09892358980081895,20.873850057789042,20.5,21.5
1693.0,20.592911394732724,20.89835435309327,6.991287421013659,21.0,0,0.10164564690672862,20.871133782034175,20.5,21.5
1694.0,20.59019106993798,20.895632873703626,6.991449396369164,21.0,0,0.10436712629637412,20.86841807980717,20.5,21.5
1695.0,20.587471321603267,20.89291197161146,6.991609855149323,21.0,0,0.1070880283885387,20.865702950689816,20.5,21.5
1696.0,20.584752149309978,20.890191646398048,6.9917687972319404,21.0,0,0.10980835360195229,20.862988394263912,20.5,21.5
1697.0,20.58203355263956,20.887471897644726,6.991926222495975,21.0,0,0.11252810235527377,20.86027441011151,20.5,21.5
1698.0,20.579315531173535,20.884752724932888,6.992082130821539,21.0,0,0.1152472750671123,20.857560997814502,20.5,21.5
1699.0,20.576598084493465,20.882034127843987,6.992236522089903,21.0,0,0.11796587215601306,20.85484815695498,20.5,21.5
1700.0,20.573881212180986,20.87931610595953,6.992389396183491,21.0,0,0.12068389404047153,20.852135887114944,20.5,21.5
1701.0,20.571164913817785,20.87659865886109,6.9925407529858825,21.0,0,0.12340134113890855,20.84942418787672,20.5,21.5
1702.0,20.568449188985618,20.873881786130305,6.992690592381813,21.0,0,0.12611821386969524,20.846713058822438,20.5,21.5
1703.0,20.565734037266296,20.871165487348858,6.992838914257173,21.0,0,0.12883451265114232,20.844002499534387,20.5,21.5
1704.0,20.563019458241694,20.868449762098503,6.992985718499009,21.0,0,0.13155023790149656,20.84129250959496,20.5,21.5
1705.0,20.560305451493747,20.865734609961056,6.993131004995523,21.0,0,0.13426539003894433,20.838583088586578,20.5,21.5
1706.0,20.55759201660445,20.863020030518392,6.993274773636073,21.0,0,0.13697996948160807,20.835874236091755,20.5,21.5
1707.0,20.554879153155856,20.860306023352436,6.9934170243111735,21.0,0,0.139693976647564,20.833165951692877,20.5,21.5
1708.0,20.552166860730086,20.857592588045197,6.9935577569124945,21.0,0,0.1424074119548031,20.830458234972806,20.5,21.5
1709.0,20.549455138909323,20.854879724178723,6.993696971332861,21.0,0,0.1451202758212773,20.82775108551398,20.5,21.5
1710.0,20.546743987275807,20.852167431335133,6.993834667466256,21.0,0,0.14783256866486738,20.82504450289923,20.5,21.5
1711.0,20.544033405411845,20.84945570909661,6.9939708452078175,21.0,0,0.15054429090339028,20.82233848671138,20.5,21.5
1712.0,20.541323392899805,20.8467445570454,6.994105504453841,21.0,0,0.15325544295459892,20.819633036533315,20.5,21.5
1713.0,20.538613949322116,20.844033974763807,6.994238645101776,21.0,0,0.15596602523619296,20.816928151947867,20.5,21.5
1714.0,20.535905074261272,20.8413239618342,6.994370267050232,21.0,0,0.158676038165801,20.81422383253812,20.5,21.5
1715.0,20.53319676729983,20.838614517839005,6.994500370198971,21.0,0,0.1613854821609948,20.811520077887067,20.5,21.5
1716.0,20.530489028020412,20.835905642360718,6.994628954448916,21.0,0,0.16409435763928215,20.808816887577844,20.5,21.5
1717.0,20.5277818560057,20.833197334981897,6.994756019702144,21.0,0,0.16680266501810337,20.806114261193684,20.5,21.5
1718.0,20.525075250838437,20.83048959528516,6.994881565861888,21.0,0,0.16951040471483836,20.80341219831781,20.5,21.5
1719.0,20.52236921210144,20.827782422853197,6.99500559283254,21.0,0,0.17221757714680308,20.80071069853355,20.5,21.5
1720.0,20.519663739377588,20.825075817268747,6.995128100519649,21.0,0,0.1749241827312531,20.798009761424247,20.5,21.5
1721.0,20.516958832249816,20.822369778114627,6.995249088829918,21.0,0,0.17763022188537292,20.79530938657343,20.5,21.5
1722.0,20.514254490301134,20.819664304973717,6.995368557671211,21.0,0,0.1803356950262831,20.792609573564615,20.5,21.5
1723.0,20.51155071311461,20.816959397428953,6.995486506952545,21.0,0,0.18304060257104737,20.78991032198131,20.5,21.5
1724.0,20.508847500273376,20.814255055063335,6.9956029365841,21.0,0,0.1857449449366655,20.787211631407153,20.5,21.5
1725.0,20.506144851360638,20.811551277459948,6.995717846477207,21.0,0,0.18844872254005196,20.784513501426083,20.5,21.5
1726.0,20.50344276595966,20.808848064201914,6.995831236544358,21.0,0,0.19115193579808576,20.781815931621576,20.5,21.5
1727.0,20.500741243653778,20.80614541487244,6.995943106699201,21.0,0,0.1938545851275606,20.77911892157769,20.5,21.5
1728.0,20.498040284026388,20.803443329054794,6.996053456856544,21.0,0,0.19655667094520624,20.776422470878337,20.5,21.5
1729.0,20.495339886660954,20.80074180633231,6.996162286932347,21.0,0,0.1992581936676885,20.77372657910749,20.5,21.5
1730.0,20.49264005114101,20.798040846288384,6.996269596843733,21.0,0,0.20195915371161632,20.771031245849105,20.5,21.5
1731.0,20.48994077705015,20.795340448506483,6.996375386508983,21.0,0,0.204659551493517,20.768336470687476,20.5,21.5
1732.0,20.487242063972044,20.792640612570136,6.99647965584753,21.0,0,0.20735938742986448,20.76564225320666,20.5,21.5
1733.0,20.48454391149042,20.789941338062942,6.996582404779971,21.0,0,0.21005866193705813,20.762948592991005,20.5,21.5
1734.0,20.481846319189078,20.787242624568567,6.996683633228057,21.0,0,0.21275737543143336,20.760255489624814,20.5,21.5
1735.0,20.479149286651886,20.784544471670742,6.996783341114698,21.0,0,0.21545552832925807,20.757562942692495,20.5,21.5
1736.0,20.476452813462778,20.781846878953267,6.9968815283639625,21.0,0,0.21815312104673268,20.75487095177852,20.5,21.5
1737.0,20.473756899205757,20.77914984600001,6.996978194901076,21.0,0,0.22085015399999008,20.752179516467436,20.5,21.5
1738.0,20.471061543464895,20.776453372394904,6.997073340652424,21.0,0,0.2235466276050957,20.749488636343848,20.5,21.5
1739.0,20.468366745824333,20.773757457721956,6.9971669655455475,21.0,0,0.22624254227804386,20.746798310992475,20.5,21.5
1740.0,20.465672505868277,20.771062101565235,6.9972590695091474,21.0,0,0.22893789843476497,20.744108539998024,20.5,21.5
1741.0,20.462978823181004,20.768367303508878,6.997349652473083,21.0,0,0.23163269649112195,20.74141932294531,20.5,21.5
1742.0,20.460285697346862,20.765673063137097,6.997438714368372,21.0,0,0.23432693686290307,20.738730659419286,20.5,21.5
1743.0,20.457593127950265,20.76297938003417,6.997526255127189,21.0,0,0.23702061996582913,20.73604254900491,20.5,21.5
1744.0,20.4549011145757,20.760286253784443,6.997612274682868,21.0,0,0.23971374621555697,20.733354991287165,20.5,21.5
1745.0,20.452209656807725,20.75759368397233,6.997696772969901,21.0,0,0.24240631602766882,20.730667985851213,20.5,21.5
1746.0,20.449518754230958,20.754901670182324,6.99777974992394,21.0,0,0.24509832981767588,20.727981532282254,20.5,21.5
1747.0,20.446828406430097,20.75221021199897,6.997861205481794,21.0,0,0.2477897880010289,20.72529563016544,20.5,21.5
1748.0,20.444138612989907,20.7495193090069,6.99794113958143,21.0,0,0.25048069099310055,20.722610279086183,20.5,21.5
1749.0,20.441449373495225,20.746828960790804,6.998019552161975,21.0,0,0.2531710392091959,20.71992547862985,20.5,21.5
1750.0,20.43876068753096,20.74413916693545,6.998096443163716,21.0,0,0.2558608330645491,20.71724122838192,20.5,21.5
1751.0,20.436072554682085,20.741449927025677,6.998171812528096,21.0,0,0.2585500729743231,20.714557527927937,20.5,21.5
1752.0,20.433384974533652,20.738761240646387,6.998245660197717,21.0,0,0.2612387593536134,20.711874376853483,20.5,21.5
1753.0,20.430697946670787,20.73607310738256,6.9983179861163425,21.0,0,0.26392689261744096,20.709191774744284,20.5,21.5
1754.0,20.428011470678676,20.73338552681925,6.998388790228892,21.0,0,0.2666144731807485,20.706509721186176,20.5,21.5
1755.0,20.425325546142584,20.730698498541578,6.998458072481446,21.0,0,0.2693015014584219,20.703828215764844,20.5,21.5
1756.0,20.422640172647853,20.72801202213473,6.998525832821242,21.0,0,0.27198797786526896,20.70114725806626,20.5,21.5
1757.0,20.419955349779887,20.72532609718398,6.998592071196679,21.0,0,0.2746739028160192,20.698466847676478,20.5,21.5
1758.0,20.41727107712417,20.722640723274658,6.998656787557312,21.0,0,0.2773592767253419,20.69578698418143,20.5,21.5
1759.0,20.414587354266256,20.719955899992172,6.998719981853858,21.0,0,0.280044100007828,20.69310766716731,20.5,21.5
1760.0,20.411904180791772,20.71727162692201,6.998781654038192,21.0,0,0.28272837307799037,20.690428896220386,20.5,21.5
1761.0,20.409221556286422,20.714587903649722,6.998841804063346,21.0,0,0.285412096350278,20.687750670926846,20.5,21.5
1762.0,20.406539480335976,20.711904729760942,6.998900431883515,21.0,0,0.288095270239058,20.68507299087314,20.5,21.5
1763.0,20.403857952526284,20.709222104841366,6.99895753745405,21.0,0,0.2907778951586337,20.68239585564561,20.5,21.5
1764.0,20.40117697244327,20.70654002847677,6.999013120731464,21.0,0,0.2934599715232302,20.679719264830805,20.5,21.5
1765.0,20.398496539672927,20.703858500253,6.999067181673426,21.0,0,0.29614149974700155,20.677043218015285,20.5,21.5
1766.0,20.395816653801326,20.70117751975598,6.9991197202387685,21.0,0,0.29882248024402003,20.674367714785795,20.5,21.5
1767.0,20.393137314414613,20.69849708657171,6.999170736387479,21.0,0,0.3015029134282905,20.671692754729005,20.5,21.5
1768.0,20.390458521099006,20.69581720028625,6.9992202300807085,21.0,0,0.3041827997137503,20.669018337431652,20.5,21.5
1769.0,20.387780273440804,20.693137860485756,6.999268201280764,21.0,0,0.30686213951424435,20.666344462480815,20.5,21.5
1770.0,20.385102571026373,20.690459066756446,6.999314649951114,21.0,0,0.3095409332435537,20.663671129463353,20.5,21.5
1771.0,20.382425413442157,20.68778081868461,6.999359576056387,21.0,0,0.3122191813153883,20.660998337966266,20.5,21.5
1772.0,20.37974880027468,20.685103115856627,6.999402979562366,21.0,0,0.3148968841433728,20.658326087576782,20.5,21.5
1773.0,20.377072731110538,20.682425957858932,6.999444860436001,21.0,0,0.317574042141068,20.65565437788198,20.5,21.5
1774.0,20.374397205536404,20.679749344278054,6.999485218645397,21.0,0,0.3202506557219458,20.652983208469276,20.5,21.5
1775.0,20.371722223139027,20.677073274700582,6.999524054159818,21.0,0,0.3229267252994177,20.650312578925863,20.5,21.5
1776.0,20.36904778350523,20.674397748713197,6.999561366949691,21.0,0,0.32560225128680287,20.647642488839345,20.5,21.5
1777.0,20.36637388622192,20.671722765902647,6.999597156986599,21.0,0,0.328277234097353,20.644972937797146,20.5,21.5
1778.0,20.36370053087607,20.66904832585575,6.999631424243288,21.0,0,0.33095167414424864,20.642303925386795,20.5,21.5
1779.0,20.361027717054743,20.666374428159422,6.999664168693662,21.0,0,0.33362557184057806,20.639635451196128,20.5,21.5
1780.0,20.35835544434507,20.66370107240063,6.999695390312782,21.0,0,0.3362989275993691,20.63696751481272,20.5,21.5
1781.0,20.35568371233426,20.661028258166436,6.9997250890768745,21.0,0,0.33897174183356427,20.634300115824484,20.5,21.5
1782.0,20.35301252060961,20.658355985043976,6.999753264963321,21.0,0,0.3416440149560245,20.631633253819373,20.5,21.5
1783.0,20.35034186875848,20.655684252620453,6.999779917950665,21.0,0,0.3443157473795466,20.628966928385232,20.5,21.5
1784.0,20.347671756368317,20.65301306048317,6.999805048018608,21.0,0,0.3469869395168317,20.626301139110318,20.5,21.5
1785.0,20.345002183026647,20.650342408219483,6.999828655148014,21.0,0,0.3496575917805167,20.623635885582633,20.5,21.5
1786.0,20.34233314832107,20.647672295416847,6.9998507393209035,21.0,0,0.35232770458315343,20.62097116739048,20.5,21.5
1787.0,20.33966465183927,20.645002721662777,6.99987130052046,21.0,0,0.3549972783372226,20.618306984122086,20.5,21.5
1788.0,20.33699669316901,20.642333686544884,6.999890338731024,21.0,0,0.3576663134551161,20.61564333536595,20.5,21.5
1789.0,20.33432927189812,20.639665189650845,6.9999078539380974,21.0,0,0.3603348103491548,20.612980220710458,20.5,21.5
1790.0,20.33166238761453,20.63699723056842,6.999923846128342,21.0,0,0.3630027694315814,20.610317639744153,20.5,21.5
1791.0,20.328996039906233,20.634329808885454,6.9999383152895795,21.0,0,0.36567019111454613,20.607655592055806,20.5,21.5
1792.0,20.32633022836131,20.63166292418986,6.999951261410789,21.0,0,0.36833707581013897,20.604994077233933,20.5,21.5
1793.0,20.32366495256792,20.628996576069646,6.999962684482114,21.0,0,0.3710034239303539,20.602333094867497,20.5,21.5
1794.0,20.321000212114303,20.626330764112883,6.999972584494854,21.0,0,0.3736692358871174,20.599672644545247,20.5,21.5
1795.0,20.31833600658878,20.623665487907733,6.999980961441469,21.0,0,0.3763345120922672,20.597012725856235,20.5,21.5
1796.0,20.31567233557975,20.621000747042434,6.999987815315581,21.0,0,0.3789992529575663,20.594353338389443,20.5,21.5
1797.0,20.313009198675697,20.61833654110531,6.9999931461119695,21.0,0,0.381663458894689,20.591694481734084,20.5,21.5
1798.0,20.310346595465184,20.615672869684765,6.999996953826575,21.0,0,0.3843271303152349,20.589036155479306,20.5,21.5
1799.0,20.307684525536857,20.61300973236927,6.999999238456499,21.0,0,0.3869902676307291,20.58637835921433,20.5,21.5
1800.0,20.30502298847944,20.610347128747406,7.0,21.0,0,0.3896528712525935,20.583721092528762,20.5,21.5
1801.0,20.302361983881745,20.607685058407803,6.999999238456499,21.0,0,0.39231494159219693,20.58106435501177,20.5,21.5
1802.0,20.29970151133266,20.605023520939195,6.999996953826575,21.0,0,0.394976479060805,20.578408146253114,20.5,21.5
1803.0,20.297041570421158,20.602362515930388,6.9999931461119695,21.0,0,0.3976374840696124,20.575752465842314,20.5,21.5
1804.0,20.294382160736294,20.59970204297028,6.999987815315581,21.0,0,0.4002979570297214,20.57309731336919,20.5,21.5
1805.0,20.29172328186721,20.597042101647833,6.999980961441469,21.0,0,0.40295789835216667,20.57044268842338,20.5,21.5
1806.0,20.289064933403125,20.594382691552106,6.999972584494854,21.0,0,0.40561730844789423,20.56778859059483,20.5,21.5
1807.0,20.286407114933343,20.591723812272242,6.999962684482114,21.0,0,0.40827618772775764,20.56513501947361,20.5,21.5
1808.0,20.283749826047252,20.589065463397464,6.999951261410789,21.0,0,0.41093453660253587,20.562481974649682,20.5,21.5
1809.0,20.281093066334325,20.586407644517067,6.9999383152895795,21.0,0,0.41359235548293327,20.559829455713093,20.5,21.5
1810.0,20.278436835384117,20.583750355220445,6.999923846128342,21.0,0,0.41624964477955473,20.55717746225423,20.5,21.5
1811.0,20.275781132786264,20.581093595097073,6.9999078539380974,21.0,0,0.41890640490292697,20.55452599386335,20.5,21.5
1812.0,20.273125958130496,20.578437363736505,6.999890338731024,21.0,0,0.421562636263495,20.551875050130825,20.5,21.5
1813.0,20.270471311006617,20.575781660728374,6.999871300520461,21.0,0,0.42421833927162567,20.549224630647068,20.5,21.5
1814.0,20.267817191004518,20.573126485662414,6.9998507393209035,21.0,0,0.42687351433758636,20.546574735002807,20.5,21.5
1815.0,20.26516359771418,20.57047183812843,6.999828655148014,21.0,0,0.42952816187156984,20.543925362788595,20.5,21.5
1816.0,20.262510530725667,20.56781771771631,6.999805048018608,21.0,0,0.4321822822836907,20.5412765135951,20.5,21.5
1817.0,20.259857989629126,20.565164124016036,6.999779917950665,21.0,0,0.4348358759839641,20.538628187013302,20.5,21.5
1818.0,20.25720597401479,20.562511056617673,6.999753264963321,21.0,0,0.437488943382327,20.535980382634044,20.5,21.5
1819.0,20.25455448347298,20.559858515111365,6.9997250890768745,21.0,0,0.4401414848886347,20.53333310004829,20.5,21.5
1820.0,20.2519035175941,20.557206499087346,6.999695390312782,21.0,0,0.44279350091265357,20.530686338847158,20.5,21.5
1821.0,20.249253075968646,20.554555008135942,6.999664168693662,21.0,0,0.4454449918640577,20.5280400986219,20.5,21.5
1822.0,20.24660315818719,20.551904041847557,6.999631424243288,21.0,0,0.4480959581524431,20.525394378963703,20.5,21.5
1823.0,20.243953763840402,20.54925359981268,6.999597156986599,21.0,0,0.45074640018732026,20.522749179463908,20.5,21.5
1824.0,20.241304892519032,20.54660368162189,6.999561366949691,21.0,0,0.4533963183781111,20.52010449971398,20.5,21.5
1825.0,20.238656543813917,20.54395428686585,6.999524054159818,21.0,0,0.45604571313414866,20.517460339305476,20.5,21.5
1826.0,20.236008717315986,20.54130541513532,6.999485218645397,21.0,0,0.4586945848646806,20.51481669783,20.5,21.5
1827.0,20.23336141261625,20.53865706602113,6.999444860436001,21.0,0,0.4613429339788695,20.51217357487924,20.5,21.5
1828.0,20.230714629305815,20.536009239114215,6.999402979562366,21.0,0,0.4639907608857854,20.509530970045056,20.5,21.5
1829.0,20.228068366975865,20.53336193400558,6.999359576056387,21.0,0,0.46663806599442026,20.50688888291923,20.5,21.5
1830.0,20.225422625217682,20.530715150286333,6.999314649951114,21.0,0,0.4692848497136666,20.50424731309387,20.5,21.5
1831.0,20.22277740362263,20.528068887547665,6.999268201280764,21.0,0,0.4719311124523351,20.50160626016098,20.5,21.5
1832.0,20.220132701782163,20.52542314538085,6.9992202300807085,21.0,1,0.47457685461915133,20.498965723712686,20.5,21.5
1833.0,20.237488519287822,20.526777923377246,6.999170736387479,21.0,1,0.4732220766227542,20.540325703341217,20.5,21.5
1834.0,20.254840855731242,20.532132421128324,6.9991197202387685,21.0,1,0.46786757887167596,20.585677398639106,20.5,21.5
1835.0,20.272189711504144,20.541485838385615,6.999067181673426,21.0,1,0.4585141616143851,20.635020010958524,20.5,21.5
1836.0,20.28953508699818,20.554837375060725,6.999013120731464,21.0,1,0.4451626249392753,20.688352741811823,20.5,21.5
1837.0,20.306876982604926,20.57218623122528,6.99895753745405,21.0,1,0.427813768774719,20.745674792870844,20.5,21.5
1838.0,20.324215398715896,20.589531607110892,6.998900431883515,21.0,1,0.41046839288910775,20.762985365967005,20.5,21.5
1839.0,20.34155033572253,20.60687350310915,6.998841804063346,21.0,1,0.3931264968908508,20.78029246309172,20.5,21.5
1840.0,20.3588817940162,20.62421191961156,6.998781654038192,21.0,1,0.375788080388439,20.79759608463568,20.5,21.5
1841.0,20.376209773988204,20.641546857009565,6.998719981853858,21.0,1,0.3584531429904345,20.81489623098961,20.5,21.5
1842.0,20.39353427602978,20.658878315694533,6.998656787557312,21.0,1,0.34112168430546674,20.83219290254421,20.5,21.5
1843.0,20.410855300532084,20.676206296057774,6.998592071196679,21.0,1,0.3237937039422256,20.849486099690186,20.5,21.5
1844.0,20.428172847886216,20.69353079849051,6.998525832821242,21.0,1,0.30646920150948986,20.866775822817868,20.5,21.5
1845.0,20.445486918483205,20.710851823383912,6.998458072481446,21.0,1,0.28914817661608794,20.88406207231793,20.5,21.5
1846.0,20.462797512714005,20.728169371129074,6.998388790228892,21.0,1,0.27183062887092646,20.90134484858069,20.5,21.5
1847.0,20.480104630969507,20.745483442117017,6.9983179861163425,21.0,1,0.2545165578829831,20.91862415199645,20.5,21.5
1848.0,20.497408273640538,20.762794036738708,6.998245660197717,21.0,1,0.2372059632612924,20.935899982955615,20.5,21.5
1849.0,20.51470844111785,20.780101155385033,6.998171812528096,21.0,1,0.219898844614967,20.953172341848287,20.5,21.5
1850.0,20.532005133792133,20.79740479844682,6.998096443163716,21.0,1,0.20259520155318,20.97044122906469,20.5,21.5
1851.0,20.549298352054006,20.81470496631482,6.998019552161975,21.0,1,0.18529503368517908,20.98770664499483,20.5,21.5
1852.0,20.566588096294026,20.832001659379724,6.99794113958143,21.0,1,0.16799834062027585,21.004968590028756,20.5,21.5
1853.0,20.583874366902684,20.849294878032154,6.997861205481794,21.0,1,0.1507051219678459,21.022227064556454,20.5,21.5
1854.0,20.6011571642704,20.866584622662664,6.99777974992394,21.0,1,0.13341537733733588,21.039482068967764,20.5,21.5
1855.0,20.61843648878753,20.883870893661744,6.997696772969901,21.0,1,0.11612910633825635,21.05673360365254,20.5,21.5
1856.0,20.635712340844368,20.901153691419815,6.997612274682869,21.0,1,0.0988463085801854,21.073981669000524,20.5,21.5
1857.0,20.652984720831135,20.918433016327235,6.997526255127189,21.0,1,0.08156698367276505,21.09122626540144,20.5,21.5
1858.0,20.670253629137996,20.9357088687743,6.997438714368372,21.0,1,0.06429113122570129,21.108467393244936,20.5,21.5
1859.0,20.68751906615504,20.95298124915123,6.997349652473083,21.0,1,0.04701875084877116,21.12570505292053,20.5,21.5
1860.0,20.704781032272304,20.97025015784818,6.9972590695091474,21.0,1,0.029749842151819195,21.1429392448177,20.5,21.5
1861.0,20.72203952787975,20.987515595255257,6.9971669655455475,21.0,1,0.012484404744743216,21.160169969326017,20.5,21.5
1862.0,20.739294553367284,21.004777561762488,6.997073340652424,21.0,1,-0.004777561762487892,21.1773972268348,20.5,21.5
1863.0,20.75654610912474,21.022036057759834,6.996978194901076,21.0,1,-0.022036057759834193,21.194621017733297,20.5,21.5
1864.0,20.773794195541896,21.039291083637202,6.9968815283639625,21.0,1,-0.03929108363720246,21.211841342410885,20.5,21.5
1865.0,20.79103881300846,21.056542639784432,6.996783341114698,21.0,1,-0.05654263978443197,21.229058201256727,20.5,21.5
1866.0,20.80827996191408,21.073790726591298,6.996683633228057,21.0,1,-0.07379072659129804,21.24627159465996,20.5,21.5
1867.0,20.825517642648343,21.091035344447512,6.996582404779971,21.0,1,-0.09103534444751205,21.263481523009652,20.5,21.5
1868.0,20.84275185560077,21.108276493742718,6.996479655847531,21.0,1,-0.10827649374271786,21.280687986694776,20.5,21.5
1869.0,20.85998260116082,21.125514174866503,6.9963753865089835,21.0,1,-0.12551417486650251,21.29789098610435,20.5,21.5
1870.0,20.87720987971789,21.14274838820839,6.996269596843733,21.0,1,-0.1427483882083891,21.315090521627255,20.5,21.5
1871.0,20.894433691661312,21.159979134157837,6.996162286932347,21.0,1,-0.1599791341578367,21.332286593652313,20.5,21.5
1872.0,20.911654037380366,21.17720641310424,6.996053456856544,21.0,1,-0.17720641310424057,21.34947920256828,20.5,21.5
1873.0,20.928870917264263,21.19443022543694,6.995943106699201,21.0,1,-0.194430225436939,21.366668348763923,20.5,21.5
1874.0,20.94608433170215,21.211650571545206,6.995831236544358,21.0,1,-0.2116505715452064,21.38385403262788,20.5,21.5
1875.0,20.96329428108312,21.228867451818253,6.995717846477207,21.0,1,-0.2288674518182532,21.40103625454872,20.5,21.5
1876.0,20.980500765796197,21.24608086664523,6.9956029365841,21.0,1,-0.24608086664522943,21.418215014914992,20.5,21.5
1877.0,20.997703786230353,21.26329081641523,6.995486506952545,21.0,1,-0.26329081641522833,21.435390314115217,20.5,21.5
1878.0,21.0149033427745,21.280497301517276,6.995368557671211,21.0,1,-0.2804973015172756,21.452562152537748,20.5,21.5
1879.0,21.03209943581748,21.29770032234034,6.995249088829918,21.0,1,-0.29770032234034005,21.469730530570985,20.5,21.5
1880.0,21.04929206574808,21.314899879273334,6.995128100519649,21.0,1,-0.31489987927333374,21.48689544860327,20.5,21.5
1881.0,21.066481232955034,21.332095972705098,6.99500559283254,21.0,0,-0.3320959727050976,21.504056907022736,20.5,21.5
1882.0,21.06366693782701,21.345288603024432,6.994881565861888,21.0,0,-0.3452886030244322,21.477214906217778,20.5,21.5
1883.0,21.060853180752616,21.354478570620056,6.994756019702144,21.0,0,-0.3544785706200564,21.446378246576298,20.5,21.5
1884.0,21.058039961320407,21.35966667572064,6.994628954448916,21.0,0,-0.35966667572063926,21.411547726726468,20.5,21.5
1885.0,21.055227279119034,21.360853718394832,6.994500370198971,21.0,0,-0.36085371839483216,21.37272414513676,20.5,21.5
1886.0,21.05241513373725,21.358040498551276,6.994370267050232,21.0,0,-0.35804049855127573,21.32990830011571,20.5,21.5
1887.0,21.04960352476391,21.355227815938658,6.994238645101776,21.0,0,-0.35522781593865815,21.327100989812482,20.5,21.5
1888.0,21.046792451787976,21.35241567014573,6.994105504453841,21.0,0,-0.3524156701457315,21.324294212216465,20.5,21.5
1889.0,21.043981914398508,21.34960406076135,6.9939708452078175,21.0,0,-0.34960406076135087,21.321487966917545,20.5,21.5
1890.0,21.04117191218467,21.346792987374478,6.993834667466256,21.0,0,-0.34679298737447795,21.31868225350575,20.5,21.5
1891.0,21.038362444735725,21.343982449574174,6.993696971332861,21.0,0,-0.3439824495741739,21.315877071571133,20.5,21.5
1892.0,21.035553511641044,21.341172446949603,6.9935577569124945,21.0,0,-0.3411724469496029,21.313072420703893,20.5,21.5
1893.0,21.032745112490097,21.338362979090025,6.9934170243111735,21.0,0,-0.3383629790900251,21.310268300494247,20.5,21.5
1894.0,21.02993724687246,21.335554045584814,6.993274773636073,21.0,0,-0.3355540455848143,21.307464710532706,20.5,21.5
1895.0,21.027129914377813,21.332745646023444,6.993131004995523,21.0,0,-0.3327456460234437,21.304661650409738,20.5,21.5
1896.0,21.024323114595937,21.329937779995486,6.992985718499009,21.0,0,-0.3299377799954861,21.30185911971591,20.5,21.5
1897.0,21.021516847116718,21.32713044709062,6.992838914257173,21.0,0,-0.3271304470906209,21.29905711804197,20.5,21.5
1898.0,21.018711111530145,21.32432364689863,6.992690592381813,21.0,0,-0.32432364689863036,21.296255644978725,20.5,21.5
1899.0,21.015905907426315,21.3215173790094,6.9925407529858825,21.0,0,-0.3215173790093999,21.293454700117096,20.5,21.5
1900.0,21.013101234395428,21.318711643012925,6.992389396183491,21.0,0,-0.3187116430129251,21.290654283048177,20.5,21.5
1901.0,21.010297092027784,21.315906438499294,6.992236522089903,21.0,0,-0.3159064384992938,21.28785439336298,20.5,21.5
1902.0,21.007493479913798,21.31310176505871,6.992082130821539,21.0,0,-0.3131017650587111,21.285055030652885,20.5,21.5
1903.0,21.00469039764398,21.310297622281478,6.991926222495975,21.0,0,-0.31029762228147817,21.28225619450915,20.5,21.5
1904.0,21.00188784480895,21.30749400975801,6.9917687972319404,21.0,0,-0.30749400975800967,21.279457884523325,20.5,21.5
1905.0,20.999085820999436,21.30469092707881,6.991609855149323,21.0,0,-0.3046909270788092,21.276660100286804,20.5,21.5
1906.0,20.996284325806265,21.301888373834508,6.991449396369164,21.0,0,-0.3018883738345082,21.273862841391498,20.5,21.5
1907.0,20.993483358820377,21.299086349615823,6.991287421013659,21.0,0,-0.29908634961582337,21.271066107428975,20.5,21.5
1908.0,20.990682919632818,21.29628485401359,6.99112392920616,21.0,0,-0.2962848540135887,21.268269897991242,20.5,21.5
1909.0,20.987883007834732,21.29348388661875,6.990958921071172,21.0,0,-0.29348388661874836,21.265474212670345,20.5,21.5
1910.0,20.985083623017378,21.29068344702234,6.990792396734358,21.0,0,-0.2906834470223387,21.262679051058242,20.5,21.5
1911.0,20.98228476477212,21.28788353481551,6.990624356322531,21.0,0,-0.28788353481551,21.259884412747223,20.5,21.5
1912.0,20.979486432690432,21.28508414958952,6.990454799963662,21.0,0,-0.2850841495895189,21.257090297329608,20.5,21.5
1913.0,20.976688626363888,21.282285290935736,6.990283727786877,21.0,0,-0.28228529093573584,21.254296704397905,20.5,21.5
1914.0,20.97389134538417,21.279486958445624,6.990111139922453,21.0,0,-0.27948695844562366,21.251503633544502,20.5,21.5
1915.0,20.97109458934308,21.276689151710762,6.989937036501823,21.0,0,-0.27668915171076236,21.24871108436215,20.5,21.5
1916.0,20.96829835783251,21.273891870322842,6.989761417657577,21.0,0,-0.2738918703228421,21.24591905644364,20.5,21.5
1917.0,20.965502650444474,21.27109511387365,6.9895842835234525,21.0,0,-0.27109511387364904,21.243127549381718,20.5,21.5
1918.0,20.96270746677109,21.26829888195509,6.989405634234348,21.0,0,-0.26829888195509,21.2403365627695,20.5,21.5
1919.0,20.95991280640458,21.26550317415917,6.989225469926312,21.0,0,-0.26550317415917135,21.237546096199985,20.5,21.5
1920.0,20.957118668937287,21.262707990078013,6.989043790736547,21.0,0,-0.26270799007801315,21.23475614926643,20.5,21.5
1921.0,20.954325053961647,21.259913329303842,6.988860596803409,21.0,0,-0.25991332930384203,21.23196672156213,20.5,21.5
1922.0,20.951531961070216,21.25711919142899,6.9886758882664095,21.0,0,-0.2571191914289912,21.229177812680483,20.5,21.5
1923.0,20.948739389855657,21.254325576045904,6.988489665266211,21.0,0,-0.254325576045904,21.226389422215032,20.5,21.5
1924.0,20.945947339910738,21.251532482747134,6.988301927944631,21.0,0,-0.2515324827471339,21.223601549759433,20.5,21.5
1925.0,20.943155810828344,21.248739911125348,6.988112676444639,21.0,0,-0.2487399111253481,21.22081419490749,20.5,21.5
1926.0,20.94036480220147,21.24594786077331,6.98792191091036,21.0,0,-0.24594786077330966,21.218027357252925,20.5,21.5
1927.0,20.93757431362321,21.24315633128391,6.987729631487068,21.0,0,-0.24315633128390957,21.21524103638991,20.5,21.5
1928.0,20.934784344686783,21.240365322250135,6.987535838321193,21.0,0,-0.24036532225013474,21.212455231912386,20.5,21.5
1929.0,20.93199489498551,21.237574833265093,6.987340531560317,21.0,0,-0.23757483326509288,21.209669943414674,20.5,21.5
1930.0,20.929205964112825,21.234784863921988,6.987143711353175,21.0,0,-0.2347848639219876,21.206885170490935,20.5,21.5
1931.0,20.926417551662272,21.23199541381415,6.986945377849654,21.0,0,-0.23199541381415045,21.20410091273578,20.5,21.5
1932.0,20.923629657227508,21.22920648253501,6.986745531200793,21.0,0,-0.22920648253500886,21.201317169743593,20.5,21.5
1933.0,20.920842280402304,21.22641806967811,6.986544171558784,21.0,0,-0.22641806967811107,21.198533941109133,20.5,21.5
1934.0,20.918055420780536,21.223630174837115,6.986341299076972,21.0,0,-0.22363017483711545,21.19575122642716,20.5,21.5
1935.0,20.915269077956196,21.22084279760579,6.986136913909853,21.0,0,-0.2208427976057905,21.19296902529254,20.5,21.5
1936.0,20.912483251523387,21.218055937578008,6.985931016213074,21.0,0,-0.21805593757800779,21.19018733730018,20.5,21.5
1937.0,20.909697941076324,21.215269594347774,6.985723606143436,21.0,0,-0.21526959434777382,21.187406162045434,20.5,21.5
1938.0,20.906913146209337,21.212483767509177,6.9855146838588915,21.0,0,-0.21248376750917686,21.184625499123207,20.5,21.5
1939.0,20.904128866516867,21.209698456656447,6.985304249518542,21.0,0,-0.20969845665644726,21.18184534812915,20.5,21.5
1940.0,20.901345101593467,21.2069136613839,6.985092303282644,21.0,0,-0.20691366138390066,21.179065708658435,20.5,21.5
1941.0,20.898561851033804,21.20412938128598,6.984878845312603,21.0,0,-0.20412938128598057,21.17628658030678,20.5,21.5
1942.0,20.89577911443266,21.201345615957248,6.984663875770978,21.0,0,-0.20134561595724776,21.17350796266992,20.5,21.5
1943.0,20.89299689138493,21.19856236499237,6.9844473948214745,21.0,0,-0.19856236499236957,21.170729855343588,20.5,21.5
1944.0,20.890215181485615,21.19577962798612,6.984229402628955,21.0,0,-0.19577962798611992,21.167952257923623,20.5,21.5
1945.0,20.887433984329846,21.192997404533394,6.98400989935943,21.0,0,-0.19299740453339354,21.16517517000613,20.5,21.5
1946.0,20.884653299512852,21.190215694229206,6.98378888518006,21.0,0,-0.19021569422920592,21.16239859118733,20.5,21.5
1947.0,20.881873126629987,21.18743449666867,6.983566360259156,21.0,0,-0.18743449666866852,21.159622521063294,20.5,21.5
1948.0,20.879093465276714,21.184653811447028,6.9833423247661806,21.0,0,-0.18465381144702775,21.15684695923062,20.5,21.5
1949.0,20.876314315048614,21.181873638159626,6.983116778871748,21.0,0,-0.18187363815962598,21.15407190528561,20.5,21.5
1950.0,20.87353567554138,21.179093976401933,6.982889722747621,21.0,0,-0.17909397640193347,21.15129735882501,20.5,21.5
1951.0,20.87075754635082,21.176314825769527,6.982661156566712,21.0,0,-0.17631482576952706,21.148523319445463,20.5,21.5
1952.0,20.867979927072863,21.173536185858104,6.982431080503083,21.0,0,-0.17353618585810437,21.145749786743878,20.5,21.5
1953.0,20.865202817303548,21.17075805626347,6.982199494731949,21.0,0,-0.17075805626346963,21.142976760317122,20.5,21.5
1954.0,20.862426216639033,21.16798043658155,6.981966399429672,21.0,0,-0.16798043658155137,21.14020423976237,20.5,21.5
1955.0,20.859650124675593,21.165203326408395,6.981731794773765,21.0,0,-0.1652033264083954,21.137432224676836,20.5,21.5
1956.0,20.856874541009613,21.162426725340158,6.981495680942887,21.0,0,-0.16242672534015767,21.13466071465778,20.5,21.5
1957.0,20.8540994652376,21.159650632973104,6.981258058116851,21.0,0,-0.15965063297310422,21.13188970930257,20.5,21.5
1958.0,20.851324896956175,21.156875048903633,6.981018926476618,21.0,0,-0.15687504890363257,21.129119208208916,20.5,21.5
1959.0,20.84855083576208,21.15409997272824,6.980778286204295,21.0,0,-0.15409997272823972,21.12634921097431,20.5,21.5
1960.0,20.845777281252168,21.151325404043554,6.98053613748314,21.0,0,-0.1513254040435541,21.123579717196698,20.5,21.5
1961.0,20.843004233023414,21.148551342446318,6.980292480497562,21.0,0,-0.14855134244631785,21.120810726473955,20.5,21.5
1962.0,20.84023169067291,21.145777787533376,6.980047315433115,21.0,0,-0.1457777875333761,21.11804223840396,20.5,21.5
1963.0,20.83745965379786,21.143004738901716,6.979800642476503,21.0,0,-0.14300473890171617,21.115274252585117,20.5,21.5
1964.0,20.834688121995597,21.140232196148418,6.979552461815578,21.0,0,-0.14023219614841764,21.112506768615432,20.5,21.5
1965.0,20.831917094863563,21.1374601588707,6.979302773639341,21.0,0,-0.13746015887069873,21.10973978609351,20.5,21.5
1966.0,20.829146571999317,21.134688626665877,6.979051578137939,21.0,0,-0.1346886266658771,21.10697330461766,20.5,21.5
1967.0,20.826376553000543,21.131917599131405,6.97879887550267,21.0,0,-0.13191759913140544,21.10420732378669,20.5,21.5
1968.0,20.82360703746504,21.129147075864843,6.978544665925977,21.0,0,-0.12914707586484298,21.10144184319922,20.5,21.5
1969.0,20.820838024990735,21.12637705646387,6.978288949601452,21.0,0,-0.12637705646386976,21.098676862454138,20.5,21.5
1970.0,20.818069515175658,21.123607540526287,6.978031726723834,21.0,0,-0.12360754052628664,21.095912381150455,20.5,21.5
1971.0,20.815301507617967,21.12083852765002,6.9777729974890095,21.0,0,-0.12083852765001879,21.09314839888734,20.5,21.5
1972.0,20.812534001915942,21.1180700174331,6.977512762094012,21.0,0,-0.11807001743310153,21.09038491526393,20.5,21.5
1973.0,20.809766997667978,21.115302009473687,6.977251020737022,21.0,0,-0.1153020094736874,21.087621929879546,20.5,21.5
1974.0,20.807000494472593,21.11253450337006,6.976987773617367,21.0,0,-0.11253450337006043,21.08485944233379,20.5,21.5
1975.0,20.804234491928423,21.10976749872061,6.9767230209355215,21.0,0,-0.1097674987206112,21.08209745222612,20.5,21.5
1976.0,20.801468989634223,21.10700099512386,6.976456762893106,21.0,0,-0.10700099512386174,21.079335959156367,20.5,21.5
1977.0,20.798703987188876,21.104234992178448,6.976188999692887,21.0,0,-0.10423499217844778,21.076574962724308,20.5,21.5
1978.0,20.795939484191376,21.10146948948313,6.975919731538778,21.0,0,-0.1014694894831294,21.073814462529946,20.5,21.5
1979.0,20.793175480240844,21.09870448663678,6.975648958635839,21.0,0,-0.09870448663678033,21.07105445817329,20.5,21.5
1980.0,20.79041197493652,21.095939983238402,6.9753766811902755,21.0,0,-0.09593998323840225,21.06829494925462,20.5,21.5
1981.0,20.78764896787777,21.09317597888711,6.975102899409437,21.0,0,-0.09317597888711049,21.065535935374193,20.5,21.5
1982.0,20.78488645866408,21.09041247318215,6.974827613501823,21.0,0,-0.09041247318214829,21.062777416132526,20.5,21.5
1983.0,20.782124446895047,21.087649465722883,6.974550823677073,21.0,0,-0.08764946572288324,21.060019391130233,20.5,21.5
1984.0,20.779362932170404,21.084886956108793,6.974272530145976,21.0,0,-0.08488695610879304,21.05726185996789,20.5,21.5
1985.0,20.776601914089998,21.082124943939487,6.973992733120464,21.0,0,-0.08212494393948688,21.054504822246425,20.5,21.5
1986.0,20.773841392253804,21.079363428814695,6.973711432813615,21.0,0,-0.07936342881469471,21.051748277566773,20.5,21.5
1987.0,20.771081366261917,21.07660241033426,6.973428629439651,21.0,0,-0.07660241033426018,21.048992225529915,20.5,21.5
1988.0,20.768321835714552,21.073841888098162,6.973144323213939,21.0,0,-0.07384188809816195,21.04623666573718,20.5,21.5
1989.0,20.765562800212052,21.07108186170649,6.972858514352991,21.0,0,-0.07108186170648878,21.043481597789757,20.5,21.5
1990.0,20.76280425935488,21.068322330759464,6.972571203074462,21.0,0,-0.06832233075946448,21.04072702128922,20.5,21.5
1991.0,20.760046212743624,21.06556329485743,6.972282389597154,21.0,0,-0.06556329485743007,21.037972935837086,20.5,21.5
1992.0,20.757288659978997,21.062804753600844,6.97199207414101,21.0,0,-0.06280475360084381,21.03521934103498,20.5,21.5
1993.0,20.754531600661828,21.0600467065903,6.971700256927117,21.0,0,-0.06004670659029898,21.03246623648485,20.5,21.5
1994.0,20.75177503439308,21.057289153426503,6.971406938177707,21.0,0,-0.05728915342650254,21.029713621788538,20.5,21.5
1995.0,20.74901896077384,21.054532093710296,6.971112118116156,21.0,0,-0.054532093710296436,21.026961496548235,20.5,21.5
1996.0,20.746263379405306,21.05177552704263,6.97081579696698,21.0,0,-0.05177552704262922,21.024209860365957,20.5,21.5
1997.0,20.74350828988882,21.049019453024595,6.970517974955843,21.0,0,-0.049019453024595094,21.021458712844254,20.5,21.5
1998.0,20.740753691825834,21.0462638712574,6.970218652309548,21.0,0,-0.04626387125739839,21.01870805358543,20.5,21.5
1999.0,20.73799958481793,21.04350878134237,6.969917829256042,21.0,0,-0.04350878134237135,21.0159578821921,20.5,21.5
2000.0,20.73524596846682,21.040754182880967,6.969615506024416,21.0,0,-0.040754182880966994,21.013208198266923,20.5,21.5
2001.0,20.73249284237433,21.038000075474777,6.969311682844902,21.0,0,-0.038000075474776907,21.010459001412876,20.5,21.5
2002.0,20.729740206142424,21.035246458725496,6.969006359948874,21.0,0,-0.0352464587254957,21.007710291232684,20.5,21.5
2003.0,20.726988059373184,21.032493332234964,6.968699537568848,21.0,0,-0.032493332234963646,21.004962067329643,20.5,21.5
2004.0,20.724236401668822,21.029740695605142,6.9683912159384835,21.0,0,-0.02974069560514181,21.002214329306923,20.5,21.5
2005.0,20.721485232631675,21.026988548438112,6.9680813952925815,21.0,0,-0.026988548438112048,20.999467076767814,20.5,21.5
2006.0,20.71873455186421,21.02423689033609,6.967770075867083,21.0,0,-0.02423689033609122,20.996720309315883,20.5,21.5
2007.0,20.71598435896901,21.021485720901406,6.967457257899071,21.0,0,-0.021485720901406324,20.993974026554557,20.5,21.5
2008.0,20.713234653548795,21.01873503973653,6.967142941626772,21.0,0,-0.018735039736530013,20.991228228087767,20.5,21.5
2009.0,20.71048543520641,21.01598484644405,6.966827127289549,21.0,0,-0.015984846444048628,20.988482913519235,20.5,21.5
2010.0,20.70773670354483,21.013235140626676,6.9665098151279095,21.0,0,-0.013235140626676412,20.985738082452954,20.5,21.5
2011.0,20.704988458167144,21.010485921887263,6.9661910053835,21.0,0,-0.010485921887262606,20.982993734493125,20.5,21.5
2012.0,20.702240698676587,21.00773718982878,6.965870698299108,21.0,0,-0.007737189828780799,20.980249869243963,20.5,21.5
2013.0,20.69949342467651,21.004988944054325,6.965548894118663,21.0,0,-0.004988944054325373,20.97750648630977,20.5,21.5
2014.0,20.6967466357704,21.002241184167122,6.96522559308723,21.0,0,-0.0022411841671221566,20.97476358529509,20.5,21.5
2015.0,20.694000331561863,20.99949390977053,6.964900795451019,21.0,0,0.0005060902294715675,20.97202116580459,20.5,21.5
2016.0,20.69125451165464,20.99674712046803,6.964574501457378,21.0,0,0.0032528795319706205,20.96927922744304,20.5,21.5
2017.0,20.6885091756526,20.994000815863235,6.964246711354791,21.0,0,0.005999184136765479,20.966537769815286,20.5,21.5
2018.0,20.68576432315974,20.991254995559878,6.9639174253928875,21.0,0,0.008745004440122273,20.96379679252631,20.5,21.5
2019.0,20.68301995378019,20.98850965916184,6.963586643822431,21.0,0,0.011490340838161472,20.961056295181447,20.5,21.5
2020.0,20.680276067118196,20.985764806273103,6.9632543668953275,21.0,0,0.014235193726896966,20.958316277385748,20.5,21.5
2021.0,20.67753266277815,20.983020436497807,6.96292059486462,21.0,0,0.01697956350219343,20.955576738744842,20.5,21.5
2022.0,20.67478974036457,20.9802765494402,6.96258532798449,21.0,0,0.019723450559798295,20.952837678864153,20.5,21.5
2023.0,20.672047299482095,20.977533144704672,6.962248566510258,21.0,0,0.022466855295327548,20.95009909734938,20.5,21.5
2024.0,20.6693053397355,20.974790221895738,6.961910310698383,21.0,0,0.02520977810426217,20.94736099380639,20.5,21.5
2025.0,20.666563860729696,20.972047780618034,6.961570560806461,21.0,0,0.027952219381965904,20.944623367840997,20.5,21.5
2026.0,20.66382286206971,20.969305820476347,6.961229317093226,21.0,0,0.030694179523653276,20.941886219059473,20.5,21.5
2027.0,20.661082343360714,20.966564341075575,6.960886579818551,21.0,0,0.03343565892442513,20.939149547067856,20.5,21.5
2028.0,20.658342304208006,20.963823342020756,6.960542349243443,21.0,0,0.03617665797924374,20.93641335147257,20.5,21.5
2029.0,20.655602744217013,20.96108282291706,6.9601966256300525,21.0,0,0.03891717708293996,20.933677631880098,20.5,21.5
2030.0,20.652863662993298,20.95834278336978,6.959849409241659,21.0,0,0.04165721663022026,20.930942387896977,20.5,21.5
2031.0,20.650125060142546,20.955603222984347,6.959500700342685,21.0,0,0.04439677701565259,20.928207619130024,20.5,21.5
2032.0,20.647386935270585,20.952864141366323,6.959150499198688,21.0,0,0.047135858633676975,20.92547332518608,20.5,21.5
2033.0,20.64464928798337,20.950125538121394,6.95879880607636,21.0,0,0.04987446187860556,20.92273950567211,20.5,21.5
2034.0,20.64191211788699,20.947387412855388,6.9584456212435315,21.0,0,0.05261258714461192,20.920006160195324,20.5,21.5
2035.0,20.63917542458766,20.944649765174262,6.958090944969168,21.0,0,0.0553502348257382,20.917273288363,20.5,21.5
2036.0,20.636439207691737,20.9419125946841,6.95773477752337,21.0,0,0.05808740531589862,20.914540889782497,20.5,21.5
2037.0,20.633703466805702,20.939175900991124,6.957377119177376,21.0,0,0.060824099008875976,20.91180896406135,20.5,21.5
2038.0,20.630968201536177,20.936439683701686,6.957017970203557,21.0,0,0.06356031629831449,20.9090775108073,20.5,21.5
2039.0,20.628233411489912,20.93370394242227,6.956657330875421,21.0,0,0.0662960575777305,20.90634652962811,20.5,21.5
2040.0,20.62549909627379,20.930968676759495,6.956295201467611,21.0,0,0.06903132324050532,20.903616020131746,20.5,21.5
2041.0,20.622765255494826,20.92823388632011,6.9559315822559045,21.0,0,0.07176611367988883,20.900885981926276,20.5,21.5
2042.0,20.620031888760177,20.925499570711008,6.955566473517212,21.0,0,0.07450042928899236,20.898156414619972,20.5,21.5
2043.0,20.617298995677128,20.9227657295392,6.955199875529582,21.0,0,0.07723427046079934,20.89542731782113,20.5,21.5
2044.0,20.6145665758531,20.92003236241184,6.954831788572192,21.0,0,0.07996763758816172,20.892698691138214,20.5,21.5
2045.0,20.611834628895643,20.91729946893621,6.954462212925358,21.0,0,0.08270053106378938,20.889970534179934,20.5,21.5
2046.0,20.60910315441245,20.914567048719736,6.9540911488705275,21.0,0,0.08543295128026429,20.887242846554987,20.5,21.5
2047.0,20.60637215201134,20.911835101369967,6.9537185966902815,21.0,0,0.0881648986300334,20.884515627872275,20.5,21.5
2048.0,20.603641621300273,20.909103626494595,6.953344556668336,21.0,0,0.09089637350540514,20.881788877740878,20.5,21.5
2049.0,20.600911561887347,20.906372623701444,6.952969029089537,21.0,0,0.09362737629855644,20.87906259576993,20.5,21.5
2050.0,20.598181973380786,20.90364209259847,6.952592014239867,21.0,0,0.09635790740152927,20.876336781568742,20.5,21.5
2051.0,20.59545285538896,20.900912032793773,6.952213512406438,21.0,0,0.09908796720622703,20.873611434746795,20.5,21.5
2052.0,20.592724207520362,20.898182443895575,6.951833523877495,21.0,0,0.10181755610442522,20.870886554913593,20.5,21.5
2053.0,20.589996029383634,20.89545332551225,6.951452048942417,21.0,0,0.10454667448775012,20.868162141679,20.5,21.5
2054.0,20.587268320587548,20.89272467725229,6.951069087891713,21.0,0,0.10727532274771079,20.865438194652683,20.5,21.5
2055.0,20.58454108074101,20.889996498724333,6.950684641017025,21.0,0,0.11000350127566705,20.86271471344477,20.5,21.5
2056.0,20.581814309453062,20.887268789537153,6.950298708611126,21.0,0,0.11273121046284729,20.85999169766535,20.5,21.5
2057.0,20.579088006332892,20.884541549299662,6.949911290967921,21.0,0,0.11545845070033778,20.857269146924757,20.5,21.5
2058.0,20.576362170989817,20.881814777620896,6.9495223883824435,21.0,0,0.118185222379104,20.854547060833234,20.5,21.5
2059.0,20.573636803033295,20.879088474110045,6.949132001150861,21.0,0,0.12091152588995513,20.851825439001534,20.5,21.5
2060.0,20.57091190207292,20.876362638376428,6.948740129570471,21.0,0,0.12363736162357242,20.849104281040255,20.5,21.5
2061.0,20.568187467718417,20.873637270029498,6.948346773939699,21.0,0,0.12636272997050213,20.8463835865602,20.5,21.5
2062.0,20.56546349957966,20.87091236867885,6.947951934558104,21.0,0,0.12908763132114842,20.84366335517239,20.5,21.5
2063.0,20.562739997266657,20.86818793393422,6.947555611726371,21.0,0,0.13181206606578044,20.8409435864879,20.5,21.5
2064.0,20.56001696038955,20.865463965405475,6.94715780574632,21.0,0,0.13453603459452523,20.838224280118027,20.5,21.5
2065.0,20.55729438855862,20.86274046270261,6.946758516920897,21.0,0,0.13725953729738904,20.835505435673973,20.5,21.5
2066.0,20.554572281384292,20.86001742543579,6.9463577455541765,21.0,0,0.13998257456421115,20.832787052767568,20.5,21.5
2067.0,20.551850638477127,20.857294853215283,6.945955491951364,21.0,0,0.14270514678471713,20.830069131010223,20.5,21.5
2068.0,20.549129459447823,20.854572745651517,6.945551756418793,21.0,0,0.14542725434848336,20.827351670013854,20.5,21.5
2069.0,20.546408743907218,20.85185110235505,6.945146539263926,21.0,0,0.1481488976449512,20.82463466939037,20.5,21.5
2070.0,20.54368849146629,20.849129922936584,6.944739840795354,21.0,0,0.15087007706341637,20.821918128751932,20.5,21.5
2071.0,20.54096870173616,20.846409207006957,6.944331661322793,21.0,0,0.15359079299304312,20.81920204771069,20.5,21.5
2072.0,20.538249374328075,20.843688954177146,6.943922001157093,21.0,0,0.1563110458228536,20.81648642587904,20.5,21.5
2073.0,20.53553050885344,20.84096916405827,6.943510860610225,21.0,0,0.1590308359417314,20.81377126286949,20.5,21.5
2074.0,20.532812104923792,20.838249836261582,6.943098239995292,21.0,0,0.161750163738418,20.811056558294716,20.5,21.5
2075.0,20.530094162150807,20.835530970398484,6.942684139626523,21.0,0,0.16446902960151633,20.8083423117675,20.5,21.5
2076.0,20.5273766801463,20.832812566080513,6.942268559819272,21.0,0,0.1671874339194872,20.805628522900804,20.5,21.5
2077.0,20.524659658522236,20.830094622919344,6.941851500890023,21.0,0,0.16990537708065645,20.80291519130765,20.5,21.5
2078.0,20.52194309689071,20.8273771405268,6.941432963156382,21.0,0,0.17262285947320066,20.800202316601357,20.5,21.5
2079.0,20.519226994863963,20.824660118514835,6.941012946937085,21.0,0,0.175339881485165,20.79748989839519,20.5,21.5
2080.0,20.516511352054376,20.821943556495548,6.940591452551993,21.0,0,0.1780564435044525,20.794777936302673,20.5,21.5
2081.0,20.513796168074474,20.81922745408118,6.940168480322092,21.0,0,0.18077254591882053,20.7920664299375,20.5,21.5
2082.0,20.511081442536923,20.81651181088412,6.939744030569494,21.0,0,0.18348818911588083,20.789355378913516,20.5,21.5
2083.0,20.50836717505453,20.813796626516883,6.939318103617435,21.0,0,0.18620337348311722,20.78664478284452,20.5,21.5
2084.0,20.505653365240242,20.81108190059214,6.938890699790278,21.0,0,0.18891809940786075,20.783934641344704,20.5,21.5
2085.0,20.502940012707153,20.808367632722696,6.938461819413509,21.0,0,0.19163236727730393,20.781224954028264,20.5,21.5
2086.0,20.500227117068494,20.8056538225215,6.938031462813739,21.0,0,0.1943461774785007,20.77851572050953,20.5,21.5
2087.0,20.497514677937644,20.80294046960164,6.9375996303187035,21.0,0,0.19705953039835933,20.775806940403054,20.5,21.5
2088.0,20.494802694928122,20.800227573576358,6.937166322257262,21.0,0,0.19977242642364246,20.773098613323526,20.5,21.5
2089.0,20.492091167653587,20.797515134059026,6.936731538959397,21.0,0,0.20248486594097415,20.77039073888571,20.5,21.5
2090.0,20.48938009572785,20.794803150663164,6.936295280756216,21.0,0,0.20519684933683635,20.76768331670454,20.5,21.5
2091.0,20.486669478764856,20.792091623002438,6.935857547979946,21.0,0,0.20790837699756182,20.764976346395184,20.5,21.5
2092.0,20.483959316378698,20.789380550690648,6.935418340963943,21.0,0,0.21061944930935184,20.762269827572748,20.5,21.5
2093.0,20.481249608183614,20.78666993334175,6.934977660042679,21.0,0,0.21333006665825138,20.759563759852753,20.5,21.5
2094.0,20.478540353793985,20.78395977056983,6.934535505551754,21.0,0,0.21604022943017043,20.75685814285064,20.5,21.5
2095.0,20.475831552824335,20.781250061989127,6.934091877827886,21.0,0,0.21874993801087328,20.754152976182098,20.5,21.5
2096.0,20.473123204889337,20.77854080721402,6.933646777208919,21.0,0,0.2214591927859786,20.75144825946297,20.5,21.5
2097.0,20.4704153096038,20.775832005859044,6.933200204033815,21.0,0,0.22416799414095578,20.748743992309272,20.5,21.5
2098.0,20.46770786658269,20.773123657538857,6.932752158642659,21.0,0,0.22687634246114285,20.746040174336986,20.5,21.5
2099.0,20.465000875441103,20.770415761868282,6.932302641376657,21.0,0,0.2295842381317179,20.74333680516253,20.5,21.5
2100.0,20.46229433579429,20.767708318462276,6.931851652578136,21.0,0,0.23229168153772406,20.740633884402214,20.5,21.5
2101.0,20.459588247257646,20.765001326935938,6.931399192590545,21.0,0,0.2349986730640623,20.737931411672555,20.5,21.5
2102.0,20.456882609446712,20.762294786904516,6.93094526175845,21.0,0,0.23770521309548442,20.735229386590294,20.5,21.5
2103.0,20.454177421977175,20.75958869798341,6.9304898604275404,21.0,0,0.24041130201658945,20.73252780877236,20.5,21.5
2104.0,20.451472684464864,20.756883059788162,6.930032988944623,21.0,0,0.24311694021183783,20.72982667783568,20.5,21.5
2105.0,20.44876839652576,20.754177871934456,6.929574647657626,21.0,0,0.24582212806554438,20.72712599339739,20.5,21.5
2106.0,20.446064557775987,20.75147313403812,6.929114836915597,21.0,0,0.24852686596187823,20.724425755074783,20.5,21.5
2107.0,20.443361167831814,20.74876884571514,6.928653557068699,21.0,0,0.2512311542848593,20.72172596248533,20.5,21.5
2108.0,20.44065822630966,20.746065006581638,6.92819080846822,21.0,0,0.2539349934183619,20.719026615246612,20.5,21.5
2109.0,20.437955732826094,20.743361616253885,6.927726591466562,21.0,0,0.2566383837461146,20.71632771297636,20.5,21.5
2110.0,20.43525368699782,20.740658674348296,6.927260906417246,21.0,0,0.25934132565170387,20.713629255292403,20.5,21.5
2111.0,20.432552088441707,20.73795618048144,6.926793753674912,21.0,0,0.26204381951855993,20.71093124181288,20.5,21.5
2112.0,20.429850936774752,20.735254134270026,6.926325133595316,21.0,0,0.2647458657299744,20.70823367215588,20.5,21.5
2113.0,20.427150231614117,20.732552535330917,6.925855046535334,21.0,0,0.26744746466908254,20.705536545939836,20.5,21.5
2114.0,20.4244499725771,20.72985138328112,6.925383492852958,21.0,0,0.27014861671888113,20.702839862783133,20.5,21.5
2115.0,20.421750159281157,20.727150677737786,6.924910472907294,21.0,0,0.27284932226221414,20.700143622304456,20.5,21.5
2116.0,20.41905079134388,20.72445041831822,6.924435987058571,21.0,0,0.2755495816817799,20.697447824122563,20.5,21.5
2117.0,20.416351868383025,20.721750604639873,6.923960035668127,21.0,0,0.2782493953601275,20.694752467856397,20.5,21.5
2118.0,20.41365339001648,20.719051236320347,6.923482619098422,21.0,0,0.28094876367965327,20.69205755312509,20.5,21.5
2119.0,20.4109553558623,20.716352312977385,6.92300373771303,21.0,0,0.283647687022615,20.689363079547768,20.5,21.5
2120.0,20.408257765538668,20.713653834228886,6.922523391876638,21.0,0,0.28634616577111416,20.686669046743894,20.5,21.5
2121.0,20.405560618663934,20.710955799692897,6.922041581955051,21.0,0,0.289044200307103,20.68397545433301,20.5,21.5
2122.0,20.402863914856592,20.70825820898761,6.921558308315188,21.0,0,0.2917417910123916,20.681282301934722,20.5,21.5
2123.0,20.400167653735284,20.705561061731373,6.921073571325084,21.0,0,0.29443893826862677,20.67858958916902,20.5,21.5
2124.0,20.397471834918804,20.702864357542673,6.920587371353886,21.0,0,0.29713564245732726,20.675897315655668,20.5,21.5
2125.0,20.39477645802609,20.70016809604016,6.920099708771858,21.0,0,0.2998319039598414,20.673205481015017,20.5,21.5
2126.0,20.39208152267624,20.697472276842618,6.919610583950374,21.0,0,0.3025277231573824,20.670514084867207,20.5,21.5
2127.0,20.389387028488493,20.694776899569,6.919119997261925,21.0,0,0.3052231004310002,20.667823126832822,20.5,21.5
2128.0,20.386692975082248,20.692081963838394,6.918627949080115,21.0,0,0.30791803616160607,20.665132606532335,20.5,21.5
2129.0,20.38399936207705,20.68938746927004,6.918134439779659,21.0,0,0.31061253072995854,20.662442523586517,20.5,21.5
2130.0,20.38130618909259,20.68669341548334,6.917639469736386,21.0,0,0.3133065845166598,20.659752877616327,20.5,21.5
2131.0,20.37861345574872,20.683999802097837,6.917143039327238,21.0,0,0.31600019790216294,20.657063668242806,20.5,21.5
2132.0,20.375921161665435,20.681306628733225,6.916645148930266,21.0,0,0.3186933712667752,20.654374895087102,20.5,21.5
2133.0,20.37322930646289,20.678613895009352,6.916145798924639,21.0,0,0.3213861049906477,20.651686557770628,20.5,21.5
2134.0,20.37053788976138,20.675921600546218,6.91564498969063,21.0,0,0.32407839945378214,20.648998655914873,20.5,21.5
2135.0,20.367846911181367,20.673229744963972,6.915142721609628,21.0,0,0.32677025503602763,20.646311189141517,20.5,21.5
2136.0,20.365156370343453,20.67053832788292,6.914638995064134,21.0,0,0.32946167211708044,20.64362415707239,20.5,21.5
2137.0,20.362466266868395,20.66784734892351,6.9141338104377565,21.0,0,0.33215265107649117,20.6409375593294,20.5,21.5
2138.0,20.35977660037711,20.665156807706357,6.913627168115215,21.0,0,0.33484319229364345,20.638251395534834,20.5,21.5
2139.0,20.357087370490657,20.66246670385221,6.91311906848234,21.0,0,0.3375332961477895,20.63556566531075,20.5,21.5
2140.0,20.354398576830256,20.65977703698199,6.912609511926071,21.0,0,0.3402229630180109,20.632880368279775,20.5,21.5
2141.0,20.351710219017274,20.657087806716753,6.9120984988344585,21.0,0,0.3429121932832473,20.63019550406439,20.5,21.5
2142.0,20.349022296673237,20.65439901267772,6.911586029596661,21.0,0,0.3456009873222783,20.62751107228741,20.5,21.5
2143.0,20.346334809419822,20.651710654486266,6.911072104602945,21.0,0,0.34828934551373436,20.624827072571705,20.5,21.5
2144.0,20.34364775687886,20.649022731763907,6.910556724244687,21.0,0,0.3509772682360932,20.62214350454032,20.5,21.5
2145.0,20.34096113867233,20.64633524413232,6.9100398889143735,21.0,0,0.35366475586767976,20.619460367816455,20.5,21.5
2146.0,20.338274954422378,20.643648191213337,6.909521599005595,21.0,0,0.3563518087866626,20.61677766202351,20.5,21.5
2147.0,20.335589203751294,20.64096157262895,6.909001854913052,21.0,0,0.3590384273710505,20.61409538678507,20.5,21.5
2148.0,20.332903886281525,20.63827538800129,6.908480657032554,21.0,0,0.3617246119987101,20.611413541724694,20.5,21.5
2149.0,20.330219001635676,20.635589636952652,6.907958005761014,21.0,0,0.3644103630473481,20.608732126466272,20.5,21.5
2150.0,20.3275345494365,20.63290431910549,6.907433901496454,21.0,0,0.3670956808945114,20.606051140633856,20.5,21.5
2151.0,20.32485052930691,20.6302194340824,6.906908344638002,21.0,0,0.3697805659176012,20.6033705838515,20.5,21.5
2152.0,20.322166940869977,20.627534981506134,6.906381335585894,21.0,0,0.37246501849386604,20.600690455743486,20.5,21.5
2153.0,20.31948378374892,20.624850960999613,6.905852874741469,21.0,0,0.3751490390003873,20.5980107559344,20.5,21.5
2154.0,20.31680105756712,20.6221673721859,6.905322962507173,21.0,0,0.3778326278141009,20.595331484048764,20.5,21.5
2155.0,20.31411876194811,20.61948421468822,6.904791599286557,21.0,0,0.3805157853117791,20.59265263971144,20.5,21.5
2156.0,20.311436896515577,20.616801488129955,6.904258785484277,21.0,0,0.38319851187004517,20.589974222547294,20.5,21.5
2157.0,20.30875546089337,20.614119192134634,6.903724521506096,21.0,0,0.38588080786536594,20.587296232181426,20.5,21.5
2158.0,20.30607445470549,20.611437326325948,6.903188807758877,21.0,0,0.38856267367405195,20.584618668239088,20.5,21.5
2159.0,20.303393877576102,20.60875589032775,6.9026516446505894,21.0,0,0.3912441096722503,20.581941530345766,20.5,21.5
2160.0,20.300713729129516,20.60607488376403,6.902113032590307,21.0,0,0.3939251162359696,20.579264818126838,20.5,21.5
2161.0,20.298034008990207,20.603394306258956,6.901572971988207,21.0,0,0.39660569374104426,20.57658853120821,20.5,21.5
2162.0,20.295354716782807,20.600714157436848,6.901031463255568,21.0,0,0.39928584256315247,20.573912669215765,20.5,21.5
2163.0,20.292675852132103,20.59803443692217,6.900488506804772,21.0,0,0.40196556307783027,20.57123723177539,20.5,21.5
2164.0,20.289997414663038,20.595355144339557,6.899944103049305,21.0,0,0.40464485566044317,20.568562218513428,20.5,21.5
2165.0,20.287319404000716,20.592676279313793,6.8993982524037545,21.0,0,0.4073237206862075,20.56588762905615,20.5,21.5
2166.0,20.284641819770396,20.58999784146983,6.898850955283808,21.0,0,0.41000215853016897,20.563213463030216,20.5,21.5
2167.0,20.2819646615975,20.58731983043277,6.898302212106257,21.0,0,0.4126801695672313,20.560539720062145,20.5,21.5
2168.0,20.2792879291076,20.58464224582787,6.897752023288993,21.0,0,0.41535775417213117,20.55786639977887,20.5,21.5
2169.0,20.276611621926435,20.581965087280548,6.897200389251009,21.0,0,0.4180349127194525,20.555193501807334,20.5,21.5
2170.0,20.2739357396799,20.579288354416384,6.896647310412399,21.0,0,0.42071164558361573,20.55252102577475,20.5,21.5
2171.0,20.271260281994046,20.57661204686111,6.896092787194355,21.0,0,0.42338795313888866,20.549848971308382,20.5,21.5
2172.0,20.268585248495086,20.573936164240628,6.895536820019172,21.0,0,0.426063835759372,20.547177338035794,20.5,21.5
2173.0,20.26591063880939,20.571260706180986,6.894979409310242,21.0,0,0.42873929381901377,20.54450612558457,20.5,21.5
2174.0,20.26323645256349,20.568585672308398,6.894420555492058,21.0,0,0.43141432769160204,20.541835333582515,20.5,21.5
2175.0,20.260562689384077,20.565911062249235,6.893860258990212,21.0,0,0.43408893775076507,20.539164961657605,20.5,21.5
2176.0,20.257889348897997,20.56323687563003,6.893298520231393,21.0,0,0.4367631243699712,20.536495009437967,20.5,21.5
2177.0,20.255216430732265,20.560563112077467,6.89273533964339,21.0,0,0.43943688792253255,20.533825476551854,20.5,21.5
2178.0,20.252543934514048,20.557889771218395,6.892170717655091,21.0,0,0.4421102287816048,20.531156362627673,20.5,21.5
2179.0,20.249871859870677,20.555216852679834,6.8916046546964775,21.0,0,0.444783147320166,20.528487667294222,20.5,21.5
2180.0,20.247200206429643,20.552544356088948,6.891037151198634,21.0,0,0.4474556439110522,20.525819390180086,20.5,21.5
2181.0,20.244528973818596,20.549872281073068,6.890468207593736,21.0,0,0.4501277189269324,20.523151530914266,20.5,21.5
2182.0,20.241858161665352,20.547200627259684,6.889897824315062,21.0,0,0.4527993727403157,20.52048408912585,20.5,21.5
2183.0,20.239187769597883,20.544529394276452,6.889326001796981,21.0,0,0.4554706057235478,20.51781706444413,20.5,21.5
2184.0,20.236517797244325,20.541858581751182,6.888752740474962,21.0,0,0.45814141824881816,20.51515045649848,20.5,21.5
2185.0,20.23384824423297,20.539188189311847,6.888178040785569,21.0,0,0.4608118106881527,20.512484264918502,20.5,21.5
2186.0,20.23117911019228,20.536518216586582,6.887601903166459,21.0,0,0.4634817834134175,20.509818489333934,20.5,21.5
2187.0,20.228510394750874,20.533848663203692,6.887024328056388,21.0,0,0.46615133679630816,20.507153129374785,20.5,21.5
2188.0,20.225842097537534,20.53117952879162,6.886445315895202,21.0,0,0.46882047120838166,20.504488184670883,20.5,21.5
2189.0,20.223174218181207,20.528510812978997,6.885864867123846,21.0,0,0.4714891870210032,20.50182365485278,20.5,21.5
2190.0,20.220506756310996,20.5258425153946,6.885282982184357,21.0,1,0.4741574846053993,20.49915953955064,20.5,21.5
2191.0,20.23783971155617,20.52717463566738,6.884699661519864,21.0,1,0.47282536433262123,20.54049583839516,20.5,21.5
2192.0,20.255169083546164,20.532506373426436,6.884114905574593,21.0,1,0.46749362657356386,20.58582375101701,20.5,21.5
2193.0,20.27249487271057,20.54183692846104,6.883528714793861,21.0,1,0.45816307153895863,20.635142478807094,20.5,21.5
2194.0,20.289817079478986,20.555165500720598,6.882941089624076,21.0,1,0.444834499279402,20.688451223316164,20.5,21.5
2195.0,20.307135704281016,20.572491290314602,6.882352030512742,21.0,1,0.427508709685398,20.745749186254642,20.5,21.5
2196.0,20.324450747546262,20.58981349751262,6.881761537908451,21.0,1,0.410186502487381,20.76303556949279,20.5,21.5
2197.0,20.341762209704335,20.607132122744254,6.881169612260891,21.0,1,0.3928678772557461,20.780318375060602,20.5,21.5
2198.0,20.359070091184847,20.624447166439108,6.880576254020838,21.0,1,0.3755528335608922,20.797597603387647,20.5,21.5
2199.0,20.376374392417414,20.641758629026793,6.87998146364016,21.0,1,0.3582413709732073,20.81487325490364,20.5,21.5
2200.0,20.39367511383166,20.65906651093692,6.879385241571817,21.0,1,0.3409334890630795,20.8321453300382,20.5,21.5
2201.0,20.410972255857207,20.67637081259911,6.878787588269857,21.0,1,0.32362918740088986,20.849413829221007,20.5,21.5
2202.0,20.428265818923688,20.69367153444298,6.878188504189418,21.0,1,0.3063284655570193,20.866678752881686,20.5,21.5
2203.0,20.445555803460742,20.710968676898162,6.877587989786731,21.0,1,0.2890313231018382,20.883940101449973,20.5,21.5
2204.0,20.462842209898007,20.72826224039428,6.876986045519112,21.0,1,0.27173775960572044,20.901197875355457,20.5,21.5
2205.0,20.480125038665133,20.745552225360974,6.8763826718449685,21.0,1,0.2544477746390257,20.918452075027922,20.5,21.5
2206.0,20.497404290191767,20.762838632227886,6.875777869223795,21.0,1,0.2371613677721136,20.935702700897007,20.5,21.5
2207.0,20.51467996490757,20.780121461424663,6.875171638116177,21.0,1,0.2198785385753368,20.95294975339243,20.5,21.5
2208.0,20.531952063242212,20.797400713380956,6.874563978983783,21.0,1,0.20259928661904425,20.97019323294388,20.5,21.5
2209.0,20.54922058562536,20.814676388526426,6.873954892289374,21.0,1,0.18532361147357435,20.987433139981125,20.5,21.5
2210.0,20.56648553248669,20.831948487290738,6.873344378496795,21.0,1,0.16805151270926189,21.004669474933863,20.5,21.5
2211.0,20.583746904255893,20.849217010103565,6.8727324380709796,21.0,1,0.15078298989643457,21.02190223823184,20.5,21.5
2212.0,20.601004701362655,20.86648195739458,6.872119071477947,21.0,1,0.1335180426054201,21.039131430304725,20.5,21.5
2213.0,20.618258924236677,20.883743329593475,6.871504279184801,21.0,1,0.11625667040652488,21.056357051582427,20.5,21.5
2214.0,20.63550957330767,20.901001127129938,6.870888061659735,21.0,1,0.09899887287006237,21.073579102494563,20.5,21.5
2215.0,20.65275664900534,20.918255350433665,6.870270419372023,21.0,1,0.08174464956633543,21.090797583470934,20.5,21.5
2216.0,20.670000151759414,20.935505999934367,6.8696513527920295,21.0,1,0.06449400006563266,21.108012494941395,20.5,21.5
2217.0,20.68724008199962,20.95275307606176,6.869030862391197,21.0,1,0.04724692393823915,21.125223837335696,20.5,21.5
2218.0,20.704476440155698,20.969996579245564,6.868408948642059,21.0,1,0.030003420754436405,21.14243161108359,20.5,21.5
2219.0,20.721709226657396,20.98723650991551,6.867785612018229,21.0,1,0.012763490084491735,21.159635816614955,20.5,21.5
2220.0,20.73893844193447,21.00447286850133,6.867160852994403,21.0,1,-0.0044728685013311065,21.17683645435956,20.5,21.5
2221.0,20.756164086416682,21.02170565543279,6.866534672046366,21.0,1,-0.021705655432789683,21.194033524747375,20.5,21.5
2222.0,20.773386160533807,21.038934871139624,6.865907069650978,21.0,1,-0.038934871139623795,21.211227028207965,20.5,21.5
2223.0,20.79060466471563,21.056160516051612,6.865278046286188,21.0,1,-0.05616051605161232,21.228416965171498,20.5,21.5
2224.0,20.807819599391944,21.07338259059852,6.864647602431025,21.0,1,-0.07338259059851993,21.245603336067596,20.5,21.5
2225.0,20.825030964992553,21.09060109521014,6.864015738565597,21.0,1,-0.0906010952101397,21.262786141326337,20.5,21.5
2226.0,20.842238761947268,21.107816030316254,6.863382455171098,21.0,1,-0.10781603031625409,21.279965381377398,20.5,21.5
2227.0,20.859442990685913,21.125027396346677,6.8627477527298,21.0,1,-0.12502739634667748,21.29714105665091,20.5,21.5
2228.0,20.87664365163832,21.142235193731217,6.862111631725057,21.0,1,-0.14223519373121718,21.314313167576614,20.5,21.5
2229.0,20.89384074523434,21.1594394228997,6.861474092641302,21.0,1,-0.15943942289969826,21.33148171458451,20.5,21.5
2230.0,20.91103427190382,21.17664008428195,6.860835135964049,21.0,1,-0.17664008428194933,21.34864669810446,20.5,21.5
2231.0,20.92822423207663,21.193837178307824,6.860194762179892,21.0,1,-0.19383717830782388,21.36580811856657,20.5,21.5
2232.0,20.94541062618265,21.21103070540717,6.859552971776503,21.0,1,-0.21103070540716828,21.382965976400612,20.5,21.5
2233.0,20.962593454651767,21.228220666009854,6.8589097652426325,21.0,1,-0.2282206660098538,21.40012027203671,20.5,21.5
2234.0,20.979772717913885,21.245407060545766,6.858265143068112,21.0,1,-0.2454070605457659,21.417271005904887,20.5,21.5
2235.0,20.996948416398915,21.262589889444786,6.857619105743849,21.0,1,-0.26258988944478645,21.434418178434992,20.5,21.5
2236.0,21.014120550536784,21.27976915313682,6.8569716537618275,21.0,1,-0.2797691531368187,21.45156179005714,20.5,21.5
2237.0,21.031289120757428,21.296944852051773,6.856322787615111,21.0,1,-0.296944852051773,21.468701841201316,20.5,21.5
2238.0,21.0484541274908,21.31411698661958,6.8556725077978395,21.0,1,-0.314116986619581,21.48583833229766,20.5,21.5
2239.0,21.065615571166862,21.331285557270178,6.855020814805231,21.0,0,-0.33128555727017783,21.502971263776146,20.5,21.5
2240.0,21.06277345221559,21.344450564433515,6.854367709133575,21.0,0,-0.3444505644335152,21.47610063606689,20.5,21.5
2241.0,21.059931771066974,21.353612808539555,6.853713191280241,21.0,0,-0.35361280853955535,21.445235249599957,20.5,21.5
2242.0,21.05709052735102,21.358773089858268,6.8530572617436745,21.0,0,-0.3587730898582677,21.41037590304539,20.5,21.5
2243.0,21.054249720697896,21.35993220849969,6.852399921023393,21.0,0,-0.3599322084996892,21.371523394913904,20.5,21.5
2244.0,21.051409350737963,21.357090964413906,6.85174116961999,21.0,0,-0.3570909644139064,21.32867852355608,20.5,21.5
2245.0,21.04856941710174,21.35425015739114,6.851081008035132,21.0,0,-0.35425015739113874,21.325842087163462,20.5,21.5
2246.0,21.045729919419927,21.351409787061726,6.850419436771564,21.0,0,-0.3514097870617263,21.323006083767602,20.5,21.5
2247.0,21.042890857323396,21.3485698530562,6.8497564563330995,21.0,0,-0.34856985305620114,21.32017051300095,20.5,21.5
2248.0,21.040052230443198,21.345730355005262,6.8490920672246265,21.0,0,-0.34573035500526217,21.317335374495872,20.5,21.5
2249.0,21.037214038410553,21.34289129253978,6.848426269952107,21.0,0,-0.3428912925397789,21.314500667884946,20.5,21.5
2250.0,21.03437628085686,21.340052665290802,6.847759065022574,21.0,0,-0.340052665290802,21.311666392801033,20.5,21.5
2251.0,21.031538957413694,21.337214472889556,6.8470904529441325,21.0,0,-0.3372144728895563,21.3088325488771,20.5,21.5
2252.0,21.0287020677128,21.334376714967437,6.846420434225962,21.0,0,-0.33437671496743704,21.305999135746244,20.5,21.5
2253.0,21.025865611386102,21.33153939115602,6.845749009378308,21.0,0,-0.3315393911560207,21.303166153041857,20.5,21.5
2254.0,21.0230295880657,21.32870250108705,6.8450761789124925,21.0,0,-0.3287025010870508,21.30033360039735,20.5,21.5
2255.0,21.02019399738387,21.325866044392452,6.844401943340904,21.0,0,-0.3258660443924519,21.297501477446463,20.5,21.5
2256.0,21.017358838973063,21.323030020704326,6.843726303177001,21.0,0,-0.3230300207043264,21.29466978382307,20.5,21.5
2257.0,21.014524112465903,21.320194429654947,6.843049258935315,21.0,0,-0.32019442965494704,21.291838519161153,20.5,21.5
2258.0,21.011689817495196,21.317359270876764,6.842370811131443,21.0,0,-0.3173592708767643,21.289007683094937,20.5,21.5
2259.0,21.008855953693924,21.31452454400241,6.841690960282053,21.0,0,-0.3145245440024098,21.286177275258865,20.5,21.5
2260.0,21.006022520695243,21.311690248664686,6.841009706904881,21.0,0,-0.31169024866468575,21.283347295287445,20.5,21.5
2261.0,21.003189518132483,21.308856384496572,6.840327051518731,21.0,0,-0.30885638449657193,21.280517742815434,20.5,21.5
2262.0,21.00035694563916,21.306022951131222,6.839642994643476,21.0,0,-0.30602295113122224,21.277688617477725,20.5,21.5
2263.0,20.99752480284896,21.303189948201975,6.838957536800052,21.0,0,-0.3031899482019753,21.274859918909506,20.5,21.5
2264.0,20.994693089395753,21.30035737534234,6.838270678510469,21.0,0,-0.3003573753423403,21.27203164674599,20.5,21.5
2265.0,20.991861804913576,21.297525232186008,6.837582420297797,21.0,0,-0.29752523218600757,21.26920380062268,20.5,21.5
2266.0,20.989030949036653,21.29469351836684,6.836892762686174,21.0,0,-0.29469351836684154,21.26637638017518,20.5,21.5
2267.0,20.986200521399383,21.291862233518884,6.836201706200806,21.0,0,-0.2918622335188843,21.263549385039312,20.5,21.5
2268.0,20.983370521636342,21.28903137727636,6.835509251367963,21.0,0,-0.2890313772763591,21.260722814851107,20.5,21.5
2269.0,20.980540949382288,21.286200949273667,6.8348153987149765,21.0,0,-0.2862009492736668,21.257896669246744,20.5,21.5
2270.0,20.977711804272154,21.283370949145382,6.834120148770248,21.0,0,-0.2833709491453824,21.25507094786254,20.5,21.5
2271.0,20.974883085941055,21.280541376526262,6.833423502063241,21.0,0,-0.2805413765262621,21.25224565033506,20.5,21.5
2272.0,20.97205479402428,21.277712231051243,6.832725459124479,21.0,0,-0.2777122310512432,21.249420776301054,20.5,21.5
2273.0,20.9692269281573,21.274883512355437,6.832026020485555,21.0,0,-0.2748835123554372,21.246596325397377,20.5,21.5
2274.0,20.966399487975767,21.27205522007413,6.8313251866791225,21.0,0,-0.2720552200741295,21.243772297261053,20.5,21.5
2275.0,20.96357247311551,21.2692273538428,6.830622958238894,21.0,0,-0.26922735384280116,21.240948691529518,20.5,21.5
2276.0,20.96074588321253,21.266399913297096,6.82991933569965,21.0,0,-0.26639991329709645,21.23812550784005,20.5,21.5
2277.0,20.957919717903028,21.263572898072844,6.829214319597227,21.0,0,-0.26357289807284445,21.235302745830325,20.5,21.5
2278.0,20.955093976823367,21.260746307806055,6.828507910468527,21.0,0,-0.26074630780605546,21.232480405138165,20.5,21.5
2279.0,20.952268659610095,21.257920142132924,6.827800108851512,21.0,0,-0.25792014213292447,21.229658485401615,20.5,21.5
2280.0,20.949443765899943,21.255094400689806,6.827090915285202,21.0,0,-0.2550944006898064,21.226836986258625,20.5,21.5
2281.0,20.94661929532982,21.252269083113266,6.8263803303096795,21.0,0,-0.2522690831132657,21.22401590734786,20.5,21.5
2282.0,20.943795247536816,21.24944418904002,6.825668354466086,21.0,0,-0.24944418904001964,21.22119524830756,20.5,21.5
2283.0,20.9409716221582,21.246619718106984,6.824954988296621,21.0,0,-0.24661971810698446,21.218375008776633,20.5,21.5
2284.0,20.938148418831428,21.24379566995125,6.824240232344546,21.0,0,-0.24379566995125046,21.21555518839391,20.5,21.5
2285.0,20.93532563719413,21.24097204421009,6.823524087154177,21.0,0,-0.2409720442100891,21.212735786798476,20.5,21.5
2286.0,20.93250327688412,21.238148840520946,6.82280655327089,21.0,0,-0.23814884052094598,21.209916803629515,20.5,21.5
2287.0,20.929681337539396,21.235326058521462,6.82208763124112,21.0,0,-0.23532605852146204,21.207098238526623,20.5,21.5
2288.0,20.926859818798135,21.23250369784945,6.821367321612354,21.0,0,-0.2325036978494488,21.204280091129316,20.5,21.5
2289.0,20.924038720298697,21.229681758142902,6.820645624933142,21.0,0,-0.22968175814290248,21.20146236107744,20.5,21.5
2290.0,20.921218041679623,21.22686023904,6.819922541753087,21.0,0,-0.22686023904000052,21.19864504801098,20.5,21.5
2291.0,20.91839778257964,21.22403914017911,6.8191980726228465,21.0,0,-0.22403914017910864,21.19582815157019,20.5,21.5
2292.0,20.915577942637647,21.22121846119876,6.818472218094137,21.0,0,-0.22121846119875954,21.19301167139527,20.5,21.5
2293.0,20.912758521492737,21.218398201737678,6.817744978719729,21.0,0,-0.21839820173767777,21.19019560712686,20.5,21.5
2294.0,20.90993951878418,21.215578361434776,6.817016355053443,21.0,0,-0.21557836143477616,21.18737995840576,20.5,21.5
2295.0,20.907120934151436,21.212758939929138,6.816286347650163,21.0,0,-0.21275893992913808,21.184564724872757,20.5,21.5
2296.0,20.904302767234135,21.20993993686004,6.815554957065817,21.0,0,-0.20993993686003876,21.181749906169046,20.5,21.5
2297.0,20.9014850176721,21.207121351866927,6.814822183857394,21.0,0,-0.20712135186692748,21.178935501935815,20.5,21.5
2298.0,20.898667685105337,21.204303184589445,6.81408802858293,21.0,0,-0.2043031845894454,21.176121511814625,20.5,21.5
2299.0,20.895850769174032,21.201485434667415,6.813352491801518,21.0,0,-0.20148543466741486,21.17330793544711,20.5,21.5
2300.0,20.89303426951856,21.198668101740843,6.8126155740733,21.0,0,-0.19866810174084293,21.170494772475124,20.5,21.5
2301.0,20.89021818577947,21.195851185449907,6.811877275959472,21.0,0,-0.1958511854499072,21.16768202254055,20.5,21.5
2302.0,20.887402517597508,21.193034685434988,6.811137598022279,21.0,0,-0.1930346854349878,21.164869685285794,20.5,21.5
2303.0,20.884587264613593,21.190218601336642,6.810396540825019,21.0,0,-0.19021860133664248,21.16205776035319,20.5,21.5
2304.0,20.881772426468835,21.187402932795603,6.809654104932039,21.0,0,-0.18740293279560305,21.15924624738521,20.5,21.5
2305.0,20.878958002804527,21.184587679452797,6.808910290908736,21.0,0,-0.18458767945279675,21.156435146024734,20.5,21.5
2306.0,20.876143993262147,21.18177284094933,6.808165099321557,21.0,0,-0.18177284094932844,21.153624455914645,20.5,21.5
2307.0,20.873330397483358,21.1789584169265,6.807418530737998,21.0,0,-0.1789584169264984,21.150814176698198,20.5,21.5
2308.0,20.87051721511001,21.17614440702578,6.806670585726602,21.0,0,-0.17614440702578094,21.148004308018606,20.5,21.5
2309.0,20.86770444578413,21.17333081088884,6.805921264856963,21.0,0,-0.17333081088883873,21.145194849519417,20.5,21.5
2310.0,20.864892089147947,21.170517628157523,6.805170568699721,21.0,0,-0.1705176281575227,21.142385800844362,20.5,21.5
2311.0,20.86208014484386,21.167704858473865,6.804418497826565,21.0,0,-0.16770485847386496,21.139577161637288,20.5,21.5
2312.0,20.859268612514455,21.164892501480086,6.803665052810228,21.0,0,-0.16489250148008594,21.136768931542296,20.5,21.5
2313.0,20.856457491802516,21.162080556818587,6.802910234224492,21.0,0,-0.16208055681858724,21.1339611102036,20.5,21.5
2314.0,20.853646782351,21.15926902413196,6.802154042644183,21.0,0,-0.15926902413195876,21.131153697265674,20.5,21.5
2315.0,20.850836483803057,21.156457903062982,6.8013964786451755,21.0,0,-0.15645790306298224,21.128346692373217,20.5,21.5
2316.0,20.848026595802025,21.153647193254617,6.800637542804387,21.0,0,-0.15364719325461706,21.125540095170965,20.5,21.5
2317.0,20.845217117991425,21.15083689435001,6.79987723569978,21.0,0,-0.1508368943500109,21.12273390530395,20.5,21.5
2318.0,20.842408050014967,21.1480270059925,6.799115557910361,21.0,0,-0.14802700599249974,21.119928122417388,20.5,21.5
2319.0,20.839599391516547,21.145217527825608,6.798352510016181,21.0,0,-0.14521752782560782,21.11712274615669,20.5,21.5
2320.0,20.836791142140246,21.142408459493044,6.797588092598334,21.0,0,-0.14240845949304415,21.114317776167407,20.5,21.5
2321.0,20.83398330153034,21.139599800638706,6.796822306238958,21.0,0,-0.13959980063870603,21.111513212095325,20.5,21.5
2322.0,20.83117586933128,21.13679155090668,6.796055151521231,21.0,0,-0.13679155090667905,21.10870905358641,20.5,21.5
2323.0,20.82836884518772,21.13398370994123,6.795286629029377,21.0,0,-0.13398370994123,21.10590530028674,20.5,21.5
2324.0,20.825562228744488,21.131176277386817,6.794516739348657,21.0,0,-0.13117627738681747,21.103101951842692,20.5,21.5
2325.0,20.822756019646608,21.128369252888085,6.7937454830653765,21.0,0,-0.12836925288808487,21.10029900790076,20.5,21.5
2326.0,20.81995021753929,21.125562636089878,6.792972860766881,21.0,0,-0.12556263608987805,21.09749646810781,20.5,21.5
2327.0,20.817144822067934,21.12275642663721,6.7921988730415555,21.0,0,-0.12275642663720987,21.094694332110528,20.5,21.5
2328.0,20.81433983287813,21.119950624175292,6.791423520478826,21.0,0,-0.11995062417529212,21.091892599556115,20.5,21.5
2329.0,20.81153524961565,21.11714522834952,6.790646803669156,21.0,0,-0.11714522834952135,21.089091270091814,20.5,21.5
2330.0,20.80873107192646,21.114340238805493,6.78986872320405,21.0,0,-0.11434023880549304,21.08629034336521,20.5,21.5
2331.0,20.805927299456716,21.111535655188977,6.78908927967605,21.0,0,-0.11153565518897679,21.083489819023814,20.5,21.5
2332.0,20.80312393185276,21.108731477145945,6.788308473678736,21.0,0,-0.10873147714594467,21.080689696715623,20.5,21.5
2333.0,20.800320968761124,21.105927704322543,6.787526305806726,21.0,0,-0.10592770432254284,21.077889976088525,20.5,21.5
2334.0,20.797518409828534,21.10312433636512,6.786742776655675,21.0,0,-0.10312433636511997,21.07509065679089,20.5,21.5
2335.0,20.7947162547019,21.100321372920206,6.785957886822274,21.0,0,-0.10032137292020593,21.072291738471066,20.5,21.5
2336.0,20.791914503028323,21.097518813634526,6.785171636904251,21.0,0,-0.09751881363452597,21.069493220777726,20.5,21.5
2337.0,20.789113154455098,21.094716658154994,6.784384027500369,21.0,0,-0.09471665815499364,21.06669510335967,20.5,21.5
2338.0,20.786312208629706,21.09191490612871,6.783595059210429,21.0,0,-0.09191490612871078,21.063897385865882,20.5,21.5
2339.0,20.78351166519982,21.089113557202968,6.782804732635261,21.0,0,-0.08911355720296754,21.061100067945535,20.5,21.5
2340.0,20.78071152381331,21.08631261102525,6.782013048376736,21.0,0,-0.08631261102524945,21.05830314924807,20.5,21.5
2341.0,20.77791178411822,21.083512067243227,6.781220007037755,21.0,0,-0.0835120672432268,21.055506629423,20.5,21.5
2342.0,20.775112445762804,21.080711925504765,6.780425609222253,21.0,0,-0.08071192550476525,21.05271050812015,20.5,21.5
2343.0,20.772313508395495,21.077912185457926,6.779629855535199,21.0,0,-0.07791218545792589,21.049914784989532,20.5,21.5
2344.0,20.769514971664922,21.075112846750947,6.778832746582595,21.0,0,-0.07511284675094743,21.047119459681163,20.5,21.5
2345.0,20.766716835219906,21.072313909032268,6.778034282971473,21.0,0,-0.07231390903226753,21.04432453184547,20.5,21.5
2346.0,20.763919098709458,21.069515371950512,6.777234465309898,21.0,0,-0.06951537195051216,21.04153000113296,20.5,21.5
2347.0,20.76112176178278,21.066717235154506,6.776433294206965,21.0,0,-0.06671723515450623,21.038735867194447,20.5,21.5
2348.0,20.758324824089264,21.06391949829326,6.7756307702728025,21.0,0,-0.06391949829325938,21.03594212968079,20.5,21.5
2349.0,20.7555282852785,21.061122161015977,6.774826894118567,21.0,0,-0.06112216101597667,21.03314878824315,20.5,21.5
2350.0,20.75273214500027,21.05832522297205,6.774021666356443,21.0,0,-0.05832522297205145,21.0303558425328,20.5,21.5
2351.0,20.74993640290454,21.05552868381107,6.77321508759965,21.0,0,-0.0555286838110689,21.027563292201243,20.5,21.5
2352.0,20.747141058641482,21.05273254318281,6.77240715846243,21.0,0,-0.05273254318280962,21.024771136900217,20.5,21.5
2353.0,20.744346111861447,21.049936800737246,6.771597879560057,21.0,0,-0.049936800737246045,21.02197937628161,20.5,21.5
2354.0,20.741551562214987,21.047141456124542,6.770787251508832,21.0,0,-0.04714145612454246,21.019188009997507,20.5,21.5
2355.0,20.738757409352846,21.044346508995055,6.769975274926084,21.0,0,-0.04434650899505499,21.01639703770018,20.5,21.5
2356.0,20.73596365292596,21.04155195899934,6.769161950430168,21.0,0,-0.04155195899933872,21.013606459042176,20.5,21.5
2357.0,20.733170292585463,21.038757805788133,6.768347278640467,21.0,0,-0.03875780578813348,21.01081627367608,20.5,21.5
2358.0,20.730377327982673,21.03596404901238,6.767531260177387,21.0,0,-0.035964049012381594,21.008026481254863,20.5,21.5
2359.0,20.72758475876911,21.033170688323203,6.766713895662363,21.0,0,-0.033170688323203024,21.005237081431417,20.5,21.5
2360.0,20.72479258459649,21.03037772337193,6.765895185717854,21.0,0,-0.030377723371930898,21.00244807385921,20.5,21.5
2361.0,20.722000805116714,21.027585153810083,6.765075130967342,21.0,0,-0.027585153810083085,20.999659458191605,20.5,21.5
2362.0,20.719209419981883,21.024792979289366,6.7642537320353355,21.0,0,-0.024792979289365746,20.996871234082192,20.5,21.5
2363.0,20.716418428844293,21.022001199461688,6.7634309895473645,21.0,0,-0.02200119946168755,20.994083401184906,20.5,21.5
2364.0,20.713627831356433,21.019209813979153,6.762606904129985,21.0,0,-0.019209813979152557,20.991295959153803,20.5,21.5
2365.0,20.71083762717099,21.016418822494053,6.761781476410771,21.0,0,-0.01641882249405313,20.98850890764306,20.5,21.5
2366.0,20.708047815940837,21.013628224658877,6.760954707018324,21.0,0,-0.01362822465887703,20.985722246307116,20.5,21.5
2367.0,20.705258397319053,21.01083802012631,6.760126596582264,21.0,0,-0.010838020126310965,20.98293597480065,20.5,21.5
2368.0,20.702469370958905,21.008048208549233,6.759297145733233,21.0,0,-0.008048208549233493,20.98015009277846,20.5,21.5
2369.0,20.69968073651386,21.00525878958072,6.758466355102895,21.0,0,-0.00525878958071857,20.97736459989557,20.5,21.5
2370.0,20.696892493637577,21.002469762874036,6.7576342253239305,21.0,0,-0.0024697628740355526,20.974579495807205,20.5,21.5
2371.0,20.694104641983916,20.999681128082653,6.756800757030046,21.0,0,0.00031887191734725207,20.971794780168825,20.5,21.5
2372.0,20.691317181206927,20.996892884860227,6.755965950855961,21.0,0,0.003107115139773242,20.969010452635967,20.5,21.5
2373.0,20.688530110960855,20.994105032860617,6.755129807437418,21.0,0,0.005894967139383311,20.966226512864516,20.5,21.5
2374.0,20.68574343090015,20.991317571737873,6.754292327411177,21.0,0,0.008682428262126507,20.96344296051044,20.5,21.5
2375.0,20.682957140679452,20.98853050114625,6.753453511415016,21.0,0,0.011469498853749371,20.960659795230022,20.5,21.5
2376.0,20.680171239953598,20.985743820740186,6.752613360087727,21.0,0,0.014256179259813706,20.957877016679543,20.5,21.5
2377.0,20.677385728377626,20.982957530174325,6.751771874069124,21.0,0,0.017042469825675255,20.95509462451571,20.5,21.5
2378.0,20.674600605606763,20.98017162910351,6.750929054000036,21.0,0,0.01982837089649081,20.952312618395354,20.5,21.5
2379.0,20.67181587129644,20.977386117182768,6.750084900522305,21.0,0,0.022613882817232422,20.94953099797535,20.5,21.5
2380.0,20.669031525102287,20.974600994067334,6.749239414278792,21.0,0,0.025399005932666086,20.946749762912997,20.5,21.5
2381.0,20.666247566680124,20.97181625941264,6.748392595913371,21.0,0,0.02818374058735884,20.943968912865714,20.5,21.5
2382.0,20.66346399568597,20.969031912874307,6.747544446070931,21.0,0,0.03096808712569299,20.941188447490966,20.5,21.5
2383.0,20.660680811776047,20.966247954108162,6.746694965397375,21.0,0,0.03375204589183767,20.938408366446716,20.5,21.5
2384.0,20.657898014606772,20.96346438277023,6.745844154539619,21.0,0,0.03653561722977017,20.935628669390905,20.5,21.5
2385.0,20.65511560383476,20.96068119851672,6.744992014145595,21.0,0,0.039318801483279486,20.932849355981627,20.5,21.5
2386.0,20.65233357911682,20.957898401004062,6.744138544864241,21.0,0,0.042101598995937906,20.930070425877478,20.5,21.5
2387.0,20.64955194010997,20.95511598988886,6.743283747345515,21.0,0,0.04488401011114007,20.92729187873684,20.5,21.5
2388.0,20.646770686471417,20.952333964827936,6.742427622240379,21.0,0,0.047666035172063914,20.924513714218698,20.5,21.5
2389.0,20.64398981785857,20.949552325478294,6.741570170200812,21.0,0,0.050447674521706176,20.92173593198187,20.5,21.5
2390.0,20.64120933392904,20.94677107149715,6.740711391879799,21.0,0,0.05322892850285044,20.918958531685707,20.5,21.5
2391.0,20.63842923434063,20.94399020254191,6.739851287931339,21.0,0,0.05600979745808843,20.91618151298953,20.5,21.5
2392.0,20.63564951875135,20.941209718270187,6.738989859010438,21.0,0,0.05879028172981293,20.913404875552942,20.5,21.5
2393.0,20.632870186819403,20.938429618339786,6.738127105773112,21.0,0,0.061570381660214224,20.910628619035773,20.5,21.5
2394.0,20.630091238203192,20.93564990240871,6.737263028876383,21.0,0,0.06435009759129073,20.907852743097944,20.5,21.5
2395.0,20.627312672561327,20.93287057013517,6.736397628978285,21.0,0,0.06712942986483128,20.905077247399763,20.5,21.5
2396.0,20.624534489552612,20.930091621177564,6.735530906737857,21.0,0,0.06990837882243639,20.902302131601513,20.5,21.5
2397.0,20.62175668883605,20.927313055194507,6.734662862815146,21.0,0,0.07268694480549343,20.899527395363936,20.5,21.5
2398.0,20.618979270070845,20.924534871844795,6.733793497871206,21.0,0,0.07546512815520501,20.89675303834768,20.5,21.5
2399.0,20.616202232916404,20.92175707078744,6.732922812568095,21.0,0,0.0782429292125606,20.893979060213884,20.5,21.5
2400.0,20.613425577032334,20.91897965168164,6.732050807568878,21.0,0,0.08102034831836136,20.89120546062363,20.5,21.5
2401.0,20.610649302078443,20.916202614186805,6.731177483537624,21.0,0,0.08379738581319529,20.888432239238465,20.5,21.5
2402.0,20.607873407714735,20.913425957962538,6.730302841139409,21.0,0,0.0865740420374621,20.88565939571987,20.5,21.5
2403.0,20.60509789360142,20.910649682668655,6.72942688104031,21.0,0,0.0893503173313448,20.88288692972983,20.5,21.5
2404.0,20.60232275939891,20.907873787965155,6.7285496039074095,21.0,0,0.09212621203484517,20.88011484093015,20.5,21.5
2405.0,20.59954800476781,20.905098273512248,6.727671010408791,21.0,0,0.09490172648775186,20.87734312898318,20.5,21.5
2406.0,20.59677362936894,20.90232313897035,6.726791101213544,21.0,0,0.09767686102965101,20.874571793551358,20.5,21.5
2407.0,20.59399963286331,20.899548384000063,6.725909876991754,21.0,0,0.1004516159999369,20.871800834297204,20.5,21.5
2408.0,20.591226014912134,20.896774008262206,6.725027338414515,21.0,0,0.10322599173779423,20.869030250883633,20.5,21.5
2409.0,20.588452775176837,20.89400001141779,6.724143486153917,21.0,0,0.10599998858220872,20.866260042973646,20.5,21.5
2410.0,20.585679913319034,20.891226393128036,6.723258320883052,21.0,0,0.10877360687196358,20.863490210230488,20.5,21.5
2411.0,20.582907429000546,20.88845315305436,6.722371843276012,21.0,0,0.11154684694563954,20.8607207523176,20.5,21.5
2412.0,20.5801353218834,20.885680290858378,6.721484054007887,21.0,0,0.11431970914162193,20.857951668898554,20.5,21.5
2413.0,20.577363591629826,20.882907806201917,6.72059495375477,21.0,0,0.11709219379808289,20.855182959637308,20.5,21.5
2414.0,20.57459223790225,20.880135698747,6.719704543193747,21.0,0,0.11986430125299918,20.852414624197838,20.5,21.5
2415.0,20.57182126036331,20.877363968155855,6.718812823002906,21.0,0,0.12263603184414507,20.849646662244396,20.5,21.5
2416.0,20.569050658675838,20.874592614090915,6.717919793861329,21.0,0,0.12540738590908518,20.846879073441514,20.5,21.5
2417.0,20.566280432502875,20.87182163621481,6.717025456449098,21.0,0,0.12817836378518876,20.844111857453775,20.5,21.5
2418.0,20.563510581507664,20.869051034190377,6.716129811447289,21.0,0,0.13094896580962256,20.84134501394604,20.5,21.5
2419.0,20.560741105353653,20.86628080768066,6.715232859537975,21.0,0,0.13371919231934015,20.838578542583484,20.5,21.5
2420.0,20.55797200370449,20.863510956348893,6.714334601404225,21.0,0,0.1364890436511068,20.835812443031227,20.5,21.5
2421.0,20.555203276224027,20.86074147985853,6.7134350377300995,21.0,0,0.1392585201414711,20.833046714954886,20.5,21.5
2422.0,20.552434922576328,20.857972377873217,6.712534169200657,21.0,0,0.14202762212678266,20.830281358020102,20.5,21.5
2423.0,20.549666942425652,20.855203650056815,6.711631996501946,21.0,0,0.14479634994318502,20.82751637189279,20.5,21.5
2424.0,20.546899335436468,20.85243529607338,6.710728520321013,21.0,0,0.14756470392661925,20.82475175623904,20.5,21.5
2425.0,20.544132101273444,20.849667315587173,6.709823741345893,21.0,0,0.15033268441282743,20.82198751072509,20.5,21.5
2426.0,20.541365239601458,20.846899708262658,6.708917660265615,21.0,0,0.15310029173734208,20.81922363501751,20.5,21.5
2427.0,20.53859875008559,20.84413247376451,6.708010277770198,21.0,0,0.1558675262354896,20.816460128783035,20.5,21.5
2428.0,20.535832632391127,20.841365611757606,6.707101594550656,21.0,0,0.15863438824239395,20.813696991688563,20.5,21.5
2429.0,20.53306688618356,20.838599121907027,6.706191611298986,21.0,0,0.161400878092973,20.810934223401237,20.5,21.5
2430.0,20.53030151112858,20.835833003878054,6.705280328708184,21.0,0,0.16416699612194563,20.808171823588328,20.5,21.5
2431.0,20.527536506892098,20.833067257336182,6.704367747472231,21.0,0,0.16693274266381763,20.805409791917462,20.5,21.5
2432.0,20.524771873140214,20.830301881947104,6.703453868286095,21.0,0,0.1696981180528958,20.802648128056322,20.5,21.5
2433.0,20.522007609539244,20.827536877376726,6.702538691845737,21.0,0,0.1724631226232738,20.799886831672946,20.5,21.5
2434.0,20.519243715755707,20.824772243291157,6.701622218848103,21.0,0,0.17522775670884272,20.797125902435468,20.5,21.5
2435.0,20.516480191456324,20.822007979356705,6.700704449991125,21.0,0,0.17799202064329478,20.794365340012185,20.5,21.5
2436.0,20.51371703630803,20.81924408523989,6.699785385973728,21.0,0,0.180755914760109,20.79160514407175,20.5,21.5
2437.0,20.510954249977964,20.81648056060744,6.698865027495816,21.0,0,0.18351943939255833,20.78884531428295,20.5,21.5
2438.0,20.508191832133466,20.81371740512629,6.6979433752582835,21.0,0,0.18628259487370968,20.786085850314777,20.5,21.5
2439.0,20.505429782442093,20.810954618463565,6.697020429963008,21.0,0,0.18904538153643458,20.783326751836317,20.5,21.5
2440.0,20.502668100571597,20.80819220028662,6.696096192312853,21.0,0,0.1918077997133807,20.780568018517158,20.5,21.5
2441.0,20.499906786189946,20.805430150263003,6.695170663011664,21.0,0,0.19456984973699676,20.777809650026843,20.5,21.5
2442.0,20.49714583896531,20.80266846806047,6.6942438427642745,21.0,0,0.19733153193952901,20.77505164603515,20.5,21.5
2443.0,20.49438525856607,20.799907153346993,6.6933157322764965,21.0,0,0.20009284665300697,20.772294006212213,20.5,21.5
2444.0,20.49162504466081,20.797146205790735,6.692386332255128,21.0,0,0.20285379420926475,20.769536730228157,20.5,21.5
2445.0,20.48886519691833,20.794385625060084,6.691455643407947,21.0,0,0.2056143749399162,20.76677981775357,20.5,21.5
2446.0,20.48610571500763,20.79162541082362,6.690523666443712,21.0,0,0.20837458917637974,20.764023268458985,20.5,21.5
2447.0,20.483346598597915,20.788865562750143,6.689590402072167,21.0,0,0.21113443724985714,20.76126708201537,20.5,21.5
2448.0,20.48058784735861,20.786106080508652,6.68865585100403,21.0,0,0.21389391949134762,20.758511258093748,20.5,21.5
2449.0,20.477829460959338,20.783346963768356,6.687720013951005,21.0,0,0.21665303623164434,20.75575579636539,20.5,21.5
2450.0,20.475071439069936,20.780588212198676,6.686782891625771,21.0,0,0.21941178780132375,20.753000696501882,20.5,21.5
2451.0,20.472313781360448,20.77782982546924,6.685844484741989,21.0,0,0.22217017453075982,20.75024595817488,20.5,21.5
2452.0,20.469556487501123,20.77507180324988,6.684904794014295,21.0,0,0.22492819675012043,20.747491581056273,20.5,21.5
2453.0,20.466799557162425,20.772314145210647,6.683963820158305,21.0,0,0.22768585478935321,20.74473756481832,20.5,21.5
2454.0,20.464042990015024,20.769556851021783,6.6830215638906125,21.0,0,0.2304431489782175,20.74198390913314,20.5,21.5
2455.0,20.4612867857298,20.76679992035376,6.682078025928785,21.0,0,0.23320007964624168,20.739230613673517,20.5,21.5
2456.0,20.45853094397784,20.764043352877238,6.681133206991369,21.0,0,0.23595664712276232,20.73647767811203,20.5,21.5
2457.0,20.455775464430445,20.7612871482631,6.6801871077978845,21.0,0,0.23871285173689927,20.73372510212173,20.5,21.5
2458.0,20.453020346759118,20.75853130618244,6.679239729068826,21.0,0,0.2414686938175592,20.73097288537584,20.5,21.5
2459.0,20.45026559063558,20.75577582630655,6.678291071525667,21.0,0,0.24422417369344984,20.728221027547644,20.5,21.5
2460.0,20.44751119573176,20.75302070830694,6.677341135890848,21.0,0,0.24697929169305866,20.725469528310853,20.5,21.5
2461.0,20.444757161719792,20.75026595185533,6.676389922887789,21.0,0,0.2497340481446706,20.72271838733921,20.5,21.5
2462.0,20.442003488272025,20.747511556623643,6.6754374332408775,21.0,0,0.25248844337635745,20.719967604306774,20.5,21.5
2463.0,20.43925017506102,20.744757522284026,6.674483667675478,21.0,0,0.2552424777159743,20.717217178887857,20.5,21.5
2464.0,20.43649722175954,20.742003848508816,6.673528626917923,21.0,0,0.2579961514911844,20.714467110756715,20.5,21.5
2465.0,20.43374462804057,20.739250534970576,6.67257231169552,21.0,0,0.26074946502942353,20.711717399588185,20.5,21.5
2466.0,20.430992393577302,20.73649758134208,6.671614722736541,21.0,0,0.26350241865792157,20.708968045057098,20.5,21.5
2467.0,20.428240518043133,20.7337449872963,6.670655860770234,21.0,0,0.26625501270369867,20.70621904683853,20.5,21.5
2468.0,20.42548900111168,20.730992752506435,6.669695726526813,21.0,0,0.2690072474935654,20.703470404607767,20.5,21.5
2469.0,20.422737842456762,20.728240876645877,6.668734320737464,21.0,0,0.2717591233541228,20.700722118040304,20.5,21.5
2470.0,20.419987041752417,20.72548935938825,6.667771644134336,21.0,0,0.27451064061175146,20.69797418681196,20.5,21.5
2471.0,20.417236598672893,20.722738200407367,6.666807697450553,21.0,0,0.2772617995926332,20.69522661059855,20.5,21.5
2472.0,20.414486512892648,20.719987399377267,6.665842481420199,21.0,0,0.28001260062273303,20.69247938907627,20.5,21.5
2473.0,20.411736784086354,20.717236955972204,6.6648759967783295,21.0,0,0.28276304402779573,20.689732521921577,20.5,21.5
2474.0,20.408987411928894,20.714486869866626,6.663908244260965,21.0,0,0.2855131301333742,20.68698600881084,20.5,21.5
2475.0,20.40623839609536,20.711737140735217,6.662939224605091,21.0,0,0.28826285926478334,20.684239849421125,20.5,21.5
2476.0,20.40348973626106,20.708987768252847,6.6619689385486565,21.0,0,0.2910122317471533,20.681494043429147,20.5,21.5
2477.0,20.40074143210152,20.706238752094624,6.660997386830578,21.0,0,0.29376124790537617,20.678748590512395,20.5,21.5
2478.0,20.397993483292463,20.703490091935844,6.6600245701907355,21.0,0,0.2965099080641558,20.676003490348048,20.5,21.5
2479.0,20.395245889509845,20.700741787452035,6.659050489369968,21.0,0,0.29925821254796503,20.673258742613942,20.5,21.5
2480.0,20.39249865042982,20.69799383831893,6.658075145110083,21.0,0,0.30200616168107075,20.670514346987872,20.5,21.5
2481.0,20.389751765728754,20.695246244212466,6.657098538153847,21.0,0,0.3047537557875337,20.667770303147837,20.5,21.5
2482.0,20.38700523508324,20.69249900480881,6.656120669244989,21.0,0,0.3075009951911909,20.665026610772237,20.5,21.5
2483.0,20.384259058170073,20.68975211978433,6.655141539128198,21.0,0,0.3102478802156696,20.662283269539543,20.5,21.5
2484.0,20.381513234666265,20.687005588815616,6.654161148549124,21.0,0,0.3129944111843841,20.65954027912847,20.5,21.5
2485.0,20.37876776424904,20.68425941157946,6.653179498254377,21.0,0,0.31574058842053887,20.656797639217913,20.5,21.5
2486.0,20.376022646595843,20.681513587752878,6.6521965889915275,21.0,0,0.3184864122471218,20.65405534948705,20.5,21.5
2487.0,20.373277881384322,20.678768117013096,6.651212421509103,21.0,0,0.3212318829869041,20.651313409615273,20.5,21.5
2488.0,20.370533468292347,20.67602299903755,6.65022699655659,21.0,0,0.32397700096245075,20.648571819282083,20.5,21.5
2489.0,20.367789406998,20.673278233503897,6.649240314884432,21.0,0,0.32672176649610307,20.645830578167374,20.5,21.5
2490.0,20.36504569717958,20.670533820090004,6.648252377244032,21.0,0,0.32946617990999627,20.64308968595107,20.5,21.5
2491.0,20.36230233851559,20.66778975847395,6.647263184387744,21.0,0,0.33221024152604883,20.640349142313426,20.5,21.5
2492.0,20.359559330684764,20.66504604833404,6.646272737068884,21.0,0,0.334953951665959,20.63760894693494,20.5,21.5
2493.0,20.35681667336604,20.66230268934878,6.64528103604172,21.0,0,0.3376973106512189,20.634869099496182,20.5,21.5
2494.0,20.354074366238574,20.659559681196896,6.644288082061475,21.0,0,0.340440318803104,20.632129599678045,20.5,21.5
2495.0,20.35133240898174,20.65681702355733,6.643293875884328,21.0,0,0.3431829764426695,20.629390447161676,20.5,21.5
2496.0,20.348590801275122,20.654074716109236,6.6422984182674085,21.0,0,0.3459252838907645,20.626651641628285,20.5,21.5
2497.0,20.345849542798522,20.651332758531986,6.641301709968801,21.0,0,0.3486672414680143,20.623913182759487,20.5,21.5
2498.0,20.343108633231957,20.648591150505172,6.6403037517475445,21.0,0,0.35140884949482754,20.62117507023704,20.5,21.5
2499.0,20.34036807225566,20.645849891708586,6.6393045443636245,21.0,0,0.3541501082914138,20.618437303742724,20.5,21.5
2500.0,20.337627859550082,20.643108981822255,6.638304088577984,21.0,0,0.3568910181777447,20.615699882958946,20.5,21.5
2501.0,20.33488799479589,20.640368420526407,6.637302385152511,21.0,0,0.3596315794735929,20.612962807567925,20.5,21.5
2502.0,20.33214847767396,20.637628207501496,6.636299434850048,21.0,0,0.3623717924985037,20.61022607725239,20.5,21.5
2503.0,20.329409307865397,20.634888342428184,6.635295238434383,21.0,0,0.3651116575718163,20.607489691695058,20.5,21.5
2504.0,20.326670485051512,20.632148824987354,6.634289796670258,21.0,0,0.3678511750126461,20.604753650579056,20.5,21.5
2505.0,20.323932008913836,20.629409654860105,6.633283110323358,21.0,0,0.3705903451398953,20.602017953587612,20.5,21.5
2506.0,20.321193879134118,20.62667083172775,6.63227518016032,21.0,0,0.3733291682722495,20.59928260040421,20.5,21.5
2507.0,20.31845609539432,20.623932355271823,6.631266006948728,21.0,0,0.37606764472817744,20.596547590712543,20.5,21.5
2508.0,20.31571865737663,20.62119422517407,6.630255591457109,21.0,0,0.37880577482593125,20.59381292419653,20.5,21.5
2509.0,20.312981564763447,20.618456441116457,6.629243934454938,21.0,0,0.38154355888354274,20.591078600540342,20.5,21.5
2510.0,20.310244817237386,20.615719002781166,6.628231036712639,21.0,0,0.38428099721883413,20.588344619428252,20.5,21.5
2511.0,20.30750841448128,20.612981909850596,6.627216899001574,21.0,0,0.3870180901494038,20.5856109805449,20.5,21.5
2512.0,20.304772356178184,20.610245162007367,6.626201522094055,21.0,0,0.38975483799263344,20.58287768357507,20.5,21.5
2513.0,20.302036642011366,20.607508758934316,6.6251849067633355,21.0,0,0.39249124106568445,20.580144728203805,20.5,21.5
2514.0,20.299301271664316,20.60477270031449,6.624167053783612,21.0,0,0.3952272996855086,20.57741211411625,20.5,21.5
2515.0,20.29656624482074,20.60203698583116,6.623147963930025,21.0,0,0.39796301416884106,20.574679840997835,20.5,21.5
2516.0,20.29383156116456,20.599301615167814,6.622127637978653,21.0,0,0.4006983848321859,20.571947908534366,20.5,21.5
2517.0,20.29109722037992,20.596566588008162,6.621106076706521,21.0,0,0.4034334119918377,20.569216316411644,20.5,21.5
2518.0,20.288363222151187,20.593831904036126,6.620083280891592,21.0,0,0.40616809596387426,20.56648506431576,20.5,21.5
2519.0,20.285629566162935,20.59109756293585,6.619059251312769,21.0,0,0.40890243706414964,20.563754151933097,20.5,21.5
2520.0,20.282896252099967,20.588363564391695,6.618033988749895,21.0,0,0.41163643560830465,20.561023578950145,20.5,21.5
2521.0,20.280163279647297,20.585629908088244,6.617007493983753,21.0,0,0.41437009191175633,20.558293345053727,20.5,21.5
2522.0,20.277430648490164,20.58289659371029,6.615979767796061,21.0,0,0.41710340628970854,20.55556344993077,20.5,21.5
2523.0,20.274698358314026,20.58016362094286,6.61495081096948,21.0,0,0.41983637905714133,20.55283389326853,20.5,21.5
2524.0,20.27196640880456,20.577430989471182,6.613920624287603,21.0,0,0.422569010528818,20.550104674754415,20.5,21.5
2525.0,20.269234799647656,20.57469869898072,6.612889208534965,21.0,0,0.42530130101928165,20.547375794076082,20.5,21.5
2526.0,20.266503530529434,20.57196674915715,6.611856564497032,21.0,0,0.4280332508428515,20.54464725092145,20.5,21.5
2527.0,20.26377260113623,20.56923513968636,6.610822692960206,21.0,0,0.4307648603136407,20.541919044978467,20.5,21.5
2528.0,20.261042011154593,20.566503870254472,6.609787594711828,21.0,0,0.433496129745528,20.5391911759356,20.5,21.5
2529.0,20.258311760271305,20.563772940547825,6.60875127054017,21.0,0,0.4362270594521753,20.53646364348135,20.5,21.5
2530.0,20.255581848173357,20.561042350252965,6.607713721234434,21.0,0,0.4389576497470351,20.533736447304367,20.5,21.5
2531.0,20.25285227454797,20.55831209905667,6.606674947584764,21.0,0,0.44168790094332877,20.531009587093735,20.5,21.5
2532.0,20.250123039082577,20.555582186645942,6.605634950382229,21.0,0,0.4444178133540575,20.528283062538655,20.5,21.5
2533.0,20.247394141464838,20.55285261270799,6.6045937304188325,21.0,0,0.4471473872920093,20.525556873328473,20.5,21.5
2534.0,20.24466558138263,20.550123376930255,6.603551288487508,21.0,0,0.44987662306974485,20.5228310191529,20.5,21.5
2535.0,20.24193735852405,20.547394479000396,6.602507625382121,21.0,0,0.4526055209996045,20.5201054997018,20.5,21.5
2536.0,20.23920947257742,20.544665918606285,6.601462741897468,21.0,0,0.45533408139371545,20.517380314665175,20.5,21.5
2537.0,20.236481923231285,20.541937695436026,6.6004166388292695,21.0,0,0.458062304563974,20.51465546373344,20.5,21.5
2538.0,20.233754710174406,20.53920980917794,6.599369316974181,21.0,0,0.46079019082205974,20.511930946597083,20.5,21.5
2539.0,20.231027833095766,20.536482259520568,6.598320777129784,21.0,0,0.46351774047943195,20.509206762946846,20.5,21.5
2540.0,20.228301291684573,20.53375504615267,6.597271020094586,21.0,0,0.46624495384732967,20.506482912473693,20.5,21.5
2541.0,20.225575085630254,20.531028168763235,6.596220046668023,21.0,0,0.46897183123676456,20.503759394868887,20.5,21.5
2542.0,20.22284921462246,20.52830162704147,6.595167857650457,21.0,0,0.47169837295853156,20.5010362098238,20.5,21.5
2543.0,20.220123678351065,20.5255754206768,6.594114453843177,21.0,1,0.47442457932319826,20.498313357030135,20.5,21.5
2544.0,20.237398476506165,20.526849549358882,6.5930598360483925,21.0,1,0.4731504506411177,20.539590836179688,20.5,21.5
2545.0,20.254669608778073,20.532123212777584,6.592004005069244,21.0,1,0.46787678722241566,20.584859846964605,20.5,21.5
2546.0,20.27193707565733,20.541395610783,6.5909469617097916,21.0,1,0.4586043892170011,20.634119590837145,20.5,21.5
2547.0,20.289200877634542,20.554665943385412,6.589888706775021,21.0,1,0.4453340566145876,20.687369269409547,20.5,21.5
2548.0,20.30646101520037,20.57193341075527,6.588829241070837,21.0,1,0.42806658924472885,20.74460808445386,20.5,21.5
2549.0,20.323717488845542,20.589197213223148,6.58776856540407,21.0,1,0.410802786776852,20.761835237901916,20.5,21.5
2550.0,20.340970299060853,20.606457351279705,6.58670668058247,21.0,1,0.3935426487202953,20.77905873184527,20.5,21.5
2551.0,20.358219446337156,20.62371382541567,6.58564358741471,21.0,1,0.37628617458432956,20.796278566775328,20.5,21.5
2552.0,20.37546493116537,20.640966636121835,6.584579286710381,21.0,1,0.3590333638781651,20.81349474318348,20.5,21.5
2553.0,20.39270675403648,20.658215783889055,6.583513779279995,21.0,1,0.3417842161109448,20.83070726156126,20.5,21.5
2554.0,20.409944915441532,20.675461269208252,6.58244706593498,21.0,1,0.32453873079174755,20.847916122400225,20.5,21.5
2555.0,20.42717941587163,20.692703092570408,6.581379147487686,21.0,1,0.3072969074295919,20.865121326191964,20.5,21.5
2556.0,20.444410255817953,20.709941254466568,6.580310024751381,21.0,1,0.29005874553343247,20.882322873428162,20.5,21.5
2557.0,20.46163743577174,20.72717575538784,6.5792396985402455,21.0,1,0.2728242446121598,20.899520764600567,20.5,21.5
2558.0,20.478860956224292,20.744406595825403,6.5781681696693814,21.0,1,0.2555934041745971,20.91671500020103,20.5,21.5
2559.0,20.496080817666982,20.761633776270493,6.577095438954804,21.0,1,0.238366223729507,20.933905580721394,20.5,21.5
2560.0,20.51329702059124,20.77885729721441,6.576021507213444,21.0,1,0.22114270278558834,20.9510925066536,20.5,21.5
2561.0,20.530509565488565,20.796077159148535,6.574946375263147,21.0,1,0.20392284085146528,20.968275778489765,20.5,21.5
2562.0,20.54771845285052,20.81329336256429,6.573870043922675,21.0,1,0.1867066374357087,20.985455396721857,20.5,21.5
2563.0,20.564923683168736,20.83050590795318,6.572792514011698,21.0,1,0.16949409204681842,21.002631361842084,20.5,21.5
2564.0,20.582125256934905,20.847714795806763,6.571713786350804,21.0,1,0.15228520419323743,21.019803674342572,20.5,21.5
2565.0,20.599323174640787,20.864920026616673,6.57063386176149,21.0,1,0.135079973383327,21.036972334715777,20.5,21.5
2566.0,20.61651743677821,20.8821216008746,6.5695527410661665,21.0,1,0.11787839912539866,21.054137343453885,20.5,21.5
2567.0,20.633708043839068,20.89931951907231,6.568470425088152,21.0,1,0.10068048092768933,21.071298701049404,20.5,21.5
2568.0,20.65089499631532,20.916513781701628,6.56738691465168,21.0,1,0.083486218298372,21.0884564079948,20.5,21.5
2569.0,20.668078294698986,20.933704389254444,6.566302210581888,21.0,1,0.06629561074555568,21.105610464782607,20.5,21.5
2570.0,20.685257939482163,20.95089134222272,6.565216313704828,21.0,1,0.04910865777727835,21.122760871905495,20.5,21.5
2571.0,20.702433931157007,20.96807464109848,6.564129224847456,21.0,1,0.03192535890152115,21.13990762985605,20.5,21.5
2572.0,20.719606270215746,20.985254286373817,6.563040944837638,21.0,1,0.014745713626183488,21.157050739127193,20.5,21.5
2573.0,20.73677495715067,21.002430278540885,6.561951474504146,21.0,1,-0.002430278540884956,21.17419020021157,20.5,21.5
2574.0,20.75393999245414,21.019602618091916,6.56086081467666,21.0,1,-0.019602618091916213,21.19132601360223,20.5,21.5
2575.0,20.771101376618585,21.0367713055192,6.559768966185763,21.0,1,-0.03677130551919916,21.20845817979203,20.5,21.5
2576.0,20.788259110136497,21.053936341315097,6.5586759298629485,21.0,1,-0.05393634131509728,21.22558669927408,20.5,21.5
2577.0,20.805413193500442,21.071097725972034,6.557581706540608,21.0,1,-0.07109772597203445,21.242711572541406,20.5,21.5
2578.0,20.82256362720305,21.088255459982513,6.556486297052042,21.0,1,-0.08825545998251272,21.259832800087295,20.5,21.5
2579.0,20.83971041173702,21.10540954383909,6.555389702231452,21.0,1,-0.10540954383909096,21.276950382404873,20.5,21.5
2580.0,20.85685354759512,21.122559978034396,6.554291922913942,21.0,1,-0.12255997803439556,21.29406431998744,20.5,21.5
2581.0,20.873993035270182,21.139706763061135,6.553192959935519,21.0,1,-0.1397067630611346,21.311174613328525,20.5,21.5
2582.0,20.891128875255117,21.15684989941207,6.5520928141330925,21.0,1,-0.1568498994120695,21.32828126292142,20.5,21.5
2583.0,20.908261068042894,21.173989387580036,6.5509914863444685,21.0,1,-0.17398938758003624,21.345384269259704,20.5,21.5
2584.0,20.925389614126555,21.191125228057945,6.54988897740836,21.0,1,-0.1911252280579454,21.362483632837037,20.5,21.5
2585.0,20.94251451399921,21.208257421338764,6.548785288164371,21.0,1,-0.20825742133876446,21.379579354146955,20.5,21.5
2586.0,20.959635768154044,21.225385967915535,6.5476804194530125,21.0,1,-0.22538596791553545,21.396671433683245,20.5,21.5
2587.0,20.976753377084304,21.24251086828137,6.546574372115688,21.0,1,-0.24251086828137147,21.41375987193973,20.5,21.5
2588.0,20.99386734128331,21.259632122929453,6.545467146994702,21.0,1,-0.25963212292945315,21.43084466941027,20.5,21.5
2589.0,21.01097766124445,21.276749732353032,6.544358744933254,21.0,1,-0.27674973235303213,21.447925826588822,20.5,21.5
2590.0,21.028084337461188,21.293863697045428,6.54324916677544,21.0,1,-0.2938636970454276,21.465003343969382,20.5,21.5
2591.0,21.04518737042705,21.31097401750003,6.542138413366253,21.0,1,-0.31097401750002973,21.48207722204605,20.5,21.5
2592.0,21.06228676063564,21.328080694210296,6.541026485551578,21.0,1,-0.3280806942102963,21.499147461312962,20.5,21.5
2593.0,21.079382508580622,21.345183727669756,6.539913384178199,21.0,0,-0.345183727669756,21.516214062264353,20.5,21.5
2594.0,21.076474614755742,21.358283118372018,6.53879911009379,21.0,0,-0.3582831183720181,21.48927702539464,20.5,21.5
2595.0,21.07356707965481,21.36737966681074,6.537683664146919,21.0,0,-0.3673796668107414,21.458345151197975,20.5,21.5
2596.0,21.07065990297171,21.37247417331967,6.536567047187047,21.0,0,-0.37247417331967014,21.423419238408957,20.5,21.5
2597.0,21.067753084400554,21.373567438072655,6.535449260064526,21.0,0,-0.373567438072655,21.384500085602504,20.5,21.5
2598.0,21.064846623635688,21.370660261083668,6.534330303630599,21.0,0,-0.37066026108366756,21.341588491193793,20.5,21.5
2599.0,21.06194052037169,21.367753442206855,6.533210178737401,21.0,0,-0.3677534422068547,21.338685253438726,20.5,21.5
2600.0,21.059034774303363,21.364846981136566,6.532088886237956,21.0,0,-0.3648469811365658,21.335782370433677,20.5,21.5
2601.0,21.05612938512575,21.36194087756737,6.5309664269861765,21.0,0,-0.3619408775673705,21.332879841875418,20.5,21.5
2602.0,21.053224352534123,21.359035131194084,6.529842801836864,21.0,0,-0.3590351311940836,21.329977667461215,20.5,21.5
2603.0,21.050319676223985,21.356129741711744,6.528718011645708,21.0,0,-0.3561297417117437,21.327075846888345,20.5,21.5
2604.0,21.04741535589107,21.353224708815617,6.527592057269284,21.0,0,-0.35322470881561685,21.324174379854348,20.5,21.5
2605.0,21.044511391231346,21.350320032201214,6.526464939565058,21.0,0,-0.3503200322012141,21.321273266057187,20.5,21.5
2606.0,21.041607781941014,21.347415711564267,6.525336659391376,21.0,0,-0.34741571156426687,21.318372505194795,20.5,21.5
2607.0,21.038704527716504,21.34451174660074,6.524207217607476,21.0,0,-0.344511746600741,21.315472096965483,20.5,21.5
2608.0,21.035801628254482,21.34160813700684,6.523076615073474,21.0,0,-0.34160813700684045,21.312572041067835,20.5,21.5
2609.0,21.032899083251845,21.338704882478996,6.521944852650374,21.0,0,-0.33870488247899644,21.309672337200556,20.5,21.5
2610.0,21.029996892405723,21.33580198271387,6.520811931200062,21.0,0,-0.3358019827138712,21.30677298506262,20.5,21.5
2611.0,21.027095055413483,21.332899437408365,6.519677851585308,21.0,0,-0.3328994374083649,21.303873984353302,20.5,21.5
2612.0,21.024193571972717,21.32999724625961,6.518542614669762,21.0,0,-0.3299972462596088,21.300975334772048,20.5,21.5
2613.0,21.021292441781256,21.32709540896496,6.517406221317957,21.0,0,-0.32709540896496136,21.298077036018487,20.5,21.5
2614.0,21.018391664537162,21.324193925222026,6.516268672395304,21.0,0,-0.3241939252220263,21.295179087792675,20.5,21.5
2615.0,21.015491239938733,21.321292794728627,6.5151299687680995,21.0,0,-0.3212927947286275,21.29228148979464,20.5,21.5
2616.0,21.012591167684498,21.318392017182834,6.513990111303513,21.0,0,-0.31839201718283405,21.2893842417249,20.5,21.5
2617.0,21.009691447473223,21.315491592282935,6.512849100869597,21.0,0,-0.31549159228293533,21.286487343283948,20.5,21.5
2618.0,21.0067920790039,21.312591519727466,6.511706938335279,21.0,0,-0.3125915197274658,21.28359079417277,20.5,21.5
2619.0,21.003893061975766,21.309691799215187,6.510563624570367,21.0,0,-0.3096917992151873,21.280694594092402,20.5,21.5
2620.0,21.000994396088284,21.306792430445096,6.509419160445544,21.0,0,-0.3067924304450962,21.277798742744185,20.5,21.5
2621.0,20.998096081041155,21.303893413116427,6.508273546832369,21.0,0,-0.3038934131164268,21.274903239829733,20.5,21.5
2622.0,20.99519811653431,21.300994746928644,6.507126784603276,21.0,0,-0.3009947469286445,21.27200808505082,20.5,21.5
2623.0,20.992300502267923,21.29809643158145,6.505978874631575,21.0,0,-0.29809643158144894,21.269113278109494,20.5,21.5
2624.0,20.989403237942398,21.29519846677477,6.504829817791449,21.0,0,-0.2951984667747709,21.26621881870799,20.5,21.5
2625.0,20.986506323258368,21.29230085220879,6.503679614957955,21.0,0,-0.29230085220878976,21.26332470654898,20.5,21.5
2626.0,20.983609757916707,21.289403587583898,6.502528267007023,21.0,0,-0.28940358758389806,21.26043094133498,20.5,21.5
2627.0,20.980713541618524,21.286506672600744,6.501375774815453,21.0,0,-0.28650667260074414,21.257537522769205,20.5,21.5
2628.0,20.977817674065165,21.28361010696019,6.500222139260919,21.0,0,-0.2836101069601895,21.254644450554643,20.5,21.5
2629.0,20.974922154958204,21.28071389036335,6.4990673612219645,21.0,0,-0.2807138903633515,21.25175172439497,20.5,21.5
2630.0,20.972026983999456,21.27781802251157,6.497911441578005,21.0,0,-0.27781802251157117,21.248859343993768,20.5,21.5
2631.0,20.96913216089097,21.274922503106424,6.496754381209319,21.0,0,-0.2749225031064242,21.245967309054954,20.5,21.5
2632.0,20.966237685335035,21.272027331849728,6.4955961809970635,21.0,0,-0.2720273318497277,21.243075619282763,20.5,21.5
2633.0,20.963343557034168,21.26913250844353,6.494436841823256,21.0,0,-0.26913250844352987,21.24018427438155,20.5,21.5
2634.0,20.960449775691124,21.266238032590117,6.493276364570782,21.0,0,-0.2662380325901168,21.237293274055986,20.5,21.5
2635.0,20.9575563410089,21.263343903992002,6.492114750123399,21.0,0,-0.263343903992002,21.234402618010854,20.5,21.5
2636.0,20.95466325269072,21.26045012235195,6.490951999365724,21.0,0,-0.2604501223519513,21.231512305951444,20.5,21.5
2637.0,20.951770510440056,21.257556687372954,6.489788113183244,21.0,0,-0.25755668737295423,21.228622337582983,20.5,21.5
2638.0,20.948878113960603,21.254663598758242,6.4886230924623085,21.0,0,-0.25466359875824196,21.22573271261112,20.5,21.5
2639.0,20.945986062956305,21.251770856211277,6.48745693809013,21.0,0,-0.2517708562112766,21.222843430741623,20.5,21.5
2640.0,20.943094357131333,21.248878459435765,6.486289650954789,21.0,0,-0.24887845943576536,21.219954491680653,20.5,21.5
2641.0,20.9402029961901,21.245986408135643,6.485121231945222,21.0,0,-0.24598640813564288,21.217065895134418,20.5,21.5
2642.0,20.93731197983725,21.24309470201508,6.483951681951233,21.0,0,-0.24309470201508177,21.21417764080947,20.5,21.5
2643.0,20.934421307777672,21.240203340778496,6.482781001863485,21.0,0,-0.24020334077849625,21.21128972841264,20.5,21.5
2644.0,20.931530979716488,21.23731232413053,6.4816091925735,21.0,0,-0.2373123241305315,21.208402157650884,20.5,21.5
2645.0,20.92864099535906,21.234421651776074,6.480436254973664,21.0,0,-0.2344216517760742,21.2055149282315,20.5,21.5
2646.0,20.925751354410984,21.23153132342025,6.47926218995722,21.0,0,-0.23153132342024918,21.202628039862,20.5,21.5
2647.0,20.922862056578094,21.22864133876842,6.478086998418267,21.0,0,-0.2286413387684192,21.19974149225012,20.5,21.5
2648.0,20.919973101566463,21.22575169752618,6.476910681251768,21.0,0,-0.22575169752618152,21.196855285103805,20.5,21.5
2649.0,20.9170844890824,21.22286239939936,6.475733239353537,21.0,0,-0.2228623993993608,21.193969418131154,20.5,21.5
2650.0,20.91419621883245,21.21997344409404,6.474554673620248,21.0,0,-0.21997344409404107,21.191083891040844,20.5,21.5
2651.0,20.911308290523408,21.217084831316523,6.47337498494943,21.0,0,-0.217084831316523,21.188198703541342,20.5,21.5
2652.0,20.908420703862294,21.214196560773367,6.472194174239469,21.0,0,-0.21419656077336668,21.185313855341803,20.5,21.5
2653.0,20.90553345855637,21.211308632171345,6.471012242389601,21.0,0,-0.21130863217134532,21.18242934615113,20.5,21.5
2654.0,20.902646554313137,21.208421045217495,6.4698291902999205,21.0,0,-0.20842104521749505,21.179545175678992,20.5,21.5
2655.0,20.899759990840334,21.20553379961907,6.468645018871371,21.0,0,-0.2055337996190687,21.176661343634805,20.5,21.5
2656.0,20.89687376784594,21.20264689508358,6.467459729005753,21.0,0,-0.20264689508357847,21.173777849728676,20.5,21.5
2657.0,20.89398788503817,21.199760331318753,6.466273321605715,21.0,0,-0.19976033131875326,21.1708946936705,20.5,21.5
2658.0,20.891102342125485,21.196874108032578,6.4650857975747575,21.0,0,-0.19687410803257777,21.168011875170823,20.5,21.5
2659.0,20.888217138816575,21.193988224933264,6.463897157817232,21.0,0,-0.19398822493326406,21.165129393940127,20.5,21.5
2660.0,20.885332274820374,21.191102681729273,6.462707403238341,21.0,0,-0.19110268172927292,21.16224724968936,20.5,21.5
2661.0,20.882447749846058,21.188217478129296,6.461516534744133,21.0,0,-0.188217478129296,21.159365442129527,20.5,21.5
2662.0,20.87956356360304,21.18533261384227,6.460324553241505,21.0,0,-0.18533261384227018,21.156483970972012,20.5,21.5
2663.0,20.876679715800968,21.182448088577367,6.459131459638204,21.0,0,-0.18244808857736672,21.153602835928332,20.5,21.5
2664.0,20.873796206149734,21.179563902044,6.457937254842823,21.0,0,-0.17956390204399852,21.150722036710317,20.5,21.5
2665.0,20.87091303435947,21.176680053951817,6.4567419397648,21.0,0,-0.17668005395181652,21.147841573029996,20.5,21.5
2666.0,20.868030200140552,21.173796544010713,6.455545515314421,21.0,0,-0.1737965440107132,21.14496144459968,20.5,21.5
2667.0,20.865147703203586,21.170913371930823,6.454347982402814,21.0,0,-0.17091337193082268,21.142081651131917,20.5,21.5
2668.0,20.862265543259426,21.168030537422514,6.453149341941952,21.0,0,-0.1680305374225135,21.13920219233942,20.5,21.5
2669.0,20.859383720019164,21.1651480401964,6.451949594844653,21.0,0,-0.1651480401963994,21.13632306793526,20.5,21.5
2670.0,20.856502233194128,21.162265879963332,6.450748742024575,21.0,0,-0.16226587996333208,21.13344427763266,20.5,21.5
2671.0,20.853621082495895,21.1593840564344,6.449546784396222,21.0,0,-0.15938405643440134,21.130565821145094,20.5,21.5
2672.0,20.850740267636276,21.156502569320942,6.4483437228749345,21.0,0,-0.1565025693209421,21.12768769818635,20.5,21.5
2673.0,20.847859788327323,21.15362141833452,6.4471395583768984,21.0,0,-0.15362141833452014,21.1248099084703,20.5,21.5
2674.0,20.844979644281334,21.150740603186954,6.445934291819136,21.0,0,-0.1507406031869536,21.121932451711288,20.5,21.5
2675.0,20.842099835210842,21.1478601235903,6.444727924119511,21.0,0,-0.14786012359029854,21.119055327623748,20.5,21.5
2676.0,20.839220360828623,21.14497997925684,6.443520456196724,21.0,0,-0.14497997925683848,21.116178535922238,20.5,21.5
2677.0,20.836341220847697,21.142100169899123,6.442311888970316,21.0,0,-0.14210016989912333,21.113302076321972,20.5,21.5
2678.0,20.83346241498132,21.139220695229923,6.4411022233606605,21.0,0,-0.1392206952299233,21.110425948537923,20.5,21.5
2679.0,20.830583942942994,21.136341554962254,6.439891460288974,21.0,0,-0.13634155496225375,21.107550152285558,20.5,21.5
2680.0,20.827705804446463,21.13346274880938,6.438679600677302,21.0,0,-0.1334627488093787,21.104674687280628,20.5,21.5
2681.0,20.82482799920571,21.130584276484797,6.437466645448532,21.0,0,-0.13058427648479665,21.101799553238976,20.5,21.5
2682.0,20.82195052693496,21.12770613770225,6.436252595526378,21.0,0,-0.12770613770225125,21.098924749876797,20.5,21.5
2683.0,20.819073387348677,21.12482833217572,6.435037451835394,21.0,0,-0.12482833217572065,21.096050276910415,20.5,21.5
2684.0,20.816196580161574,21.12195085961944,6.4338212153009655,21.0,0,-0.12195085961943875,21.09317613405662,20.5,21.5
2685.0,20.8133201050886,21.119073719747867,6.432603886849309,21.0,0,-0.11907371974786685,21.090302321032148,20.5,21.5
2686.0,20.810443961844953,21.116196912275715,6.4313854674074715,21.0,0,-0.11619691227571494,21.087428837554196,20.5,21.5
2687.0,20.807568150146064,21.113320436917935,6.430165957903335,21.0,0,-0.11332043691793459,21.08455568334013,20.5,21.5
2688.0,20.804692669707617,21.110444293389723,6.428945359265606,21.0,0,-0.1104442933897225,21.0816828581076,20.5,21.5
2689.0,20.801817520245528,21.107568481406513,6.427723672423827,21.0,0,-0.10756848140651343,21.078810361574423,20.5,21.5
2690.0,20.798942701475966,21.104693000683987,6.426500898308364,21.0,0,-0.10469300068398724,21.075938193458725,20.5,21.5
2691.0,20.796068213115333,21.101817850938062,6.425277037850411,21.0,0,-0.10181785093806184,21.073066353478808,20.5,21.5
2692.0,20.79319405488028,21.098943031884907,6.424052091981993,21.0,0,-0.09894303188490738,21.070194841353363,20.5,21.5
2693.0,20.7903202264877,21.096068543240925,6.422826061635959,21.0,0,-0.09606854324092495,21.0673236568011,20.5,21.5
2694.0,20.787446727654732,21.093194384722764,6.421598947745985,21.0,0,-0.09319438472276431,21.064452799541158,20.5,21.5
2695.0,20.78457355809875,21.090320556047324,6.420370751246571,21.0,0,-0.09032055604732392,21.06158226929292,20.5,21.5
2696.0,20.78170071753738,21.087447056931733,6.419141473073042,21.0,0,-0.08744705693173316,21.058712065775826,20.5,21.5
2697.0,20.778828205688487,21.084573887093377,6.417911114161547,21.0,0,-0.08457388709337721,21.055842188709818,20.5,21.5
2698.0,20.775956022270183,21.081701046249872,6.416679675449058,21.0,0,-0.08170104624987218,21.052972637814822,20.5,21.5
2699.0,20.773084167000818,21.07882853411909,6.415447157873368,21.0,0,-0.07882853411908997,21.050103412811268,20.5,21.5
2700.0,20.77021263959899,21.075956350419137,6.414213562373095,21.0,0,-0.07595635041913695,21.047234513419607,20.5,21.5
2701.0,20.767341439783547,21.073084494868368,6.412978889887674,21.0,0,-0.07308449486836821,21.04436593936068,20.5,21.5
2702.0,20.764470567273566,21.07021296718538,6.411743141357363,21.0,0,-0.07021296718538039,21.041497690355502,20.5,21.5
2703.0,20.761600021788382,21.067341767089022,6.410506317723235,21.0,0,-0.0673417670890224,21.038629766125442,20.5,21.5
2704.0,20.75872980304757,21.064470894298374,6.40926841992719,21.0,0,-0.06447089429837405,21.03576216639189,20.5,21.5
2705.0,20.755859910770944,21.061600348532764,6.408029448911936,21.0,0,-0.06160034853276386,21.032894890876662,20.5,21.5
2706.0,20.752990344678572,21.05873012951177,6.406789405621008,21.0,0,-0.058730129511769036,21.03002793930182,20.5,21.5
2707.0,20.75012110449076,21.05586023695521,6.40554829099875,21.0,0,-0.055860236955208364,21.0271613113896,20.5,21.5
2708.0,20.747252189928062,21.052990670583146,6.404306105990325,21.0,0,-0.05299067058314577,21.02429500686252,20.5,21.5
2709.0,20.744383600711274,21.050121430115887,6.403062851541712,21.0,0,-0.05012143011588677,21.021429025443297,20.5,21.5
2710.0,20.741515336561438,21.047252515273982,6.401818528599702,21.0,0,-0.047252515273982,21.018563366854934,20.5,21.5
2711.0,20.738647397199845,21.044383925778234,6.400573138111902,21.0,0,-0.04438392577823436,21.015698030820758,20.5,21.5
2712.0,20.73577978234803,21.04151566134969,6.399326681026731,21.0,0,-0.041515661349688315,21.012833017064228,20.5,21.5
2713.0,20.732912491727763,21.03864772170963,6.39807915829342,21.0,0,-0.038647721709629934,21.009968325309046,20.5,21.5
2714.0,20.730045525061076,21.035780106579587,6.3968305708620115,21.0,0,-0.03578010657958686,21.007103955279156,20.5,21.5
2715.0,20.727178882070238,21.032912815681346,6.39558091968336,21.0,0,-0.032912815681346075,21.00423990669894,20.5,21.5
2716.0,20.72431256247776,21.030045848736926,6.394330205709129,21.0,0,-0.030045848736925507,21.00137617929272,20.5,21.5
2717.0,20.721446566006406,21.027179205468602,6.3930784298917915,21.0,0,-0.02717920546860242,20.99851277278537,20.5,21.5
2718.0,20.718580892379183,21.024312885598885,6.391825593184629,21.0,0,-0.024312885598885003,20.99564968690171,20.5,21.5
2719.0,20.715715541319344,21.02144688885054,6.3905716965417305,21.0,0,-0.021446888850540802,20.9927869213671,20.5,21.5
2720.0,20.71285051255039,21.01858121494657,6.3893167409179945,21.0,0,-0.01858121494656828,20.989924475906843,20.5,21.5
2721.0,20.709985805796062,21.01571586361023,6.3880607272691226,21.0,0,-0.01571586361022881,20.987062350246834,20.5,21.5
2722.0,20.707121420780357,21.01285083456502,6.386803656551626,21.0,0,-0.012850834565018232,20.984200544112912,20.5,21.5
2723.0,20.70425735722751,21.00998612753468,6.385545529722816,21.0,0,-0.009986127534681088,20.98133905723131,20.5,21.5
2724.0,20.70139361486201,21.007121742243214,6.384286347740813,21.0,0,-0.0071217422432141575,20.978477889328545,20.5,21.5
2725.0,20.698530193408587,21.004257678414852,6.383026111564539,21.0,0,-0.004257678414852251,20.975617040131233,20.5,21.5
2726.0,20.695667092592217,21.001393935774082,6.381764822153717,21.0,0,-0.001393935774082422,20.972756509366384,20.5,21.5
2727.0,20.69280431213813,20.998530514045637,6.380502480468874,21.0,0,0.0014694859543631367,20.96989629676118,20.5,21.5
2728.0,20.689941851771795,20.995667412954493,6.3792390874713405,21.0,0,0.004332587045507097,20.967036402043053,20.5,21.5
2729.0,20.687079711218935,20.992804632225877,6.377974644123241,21.0,0,0.00719536777412344,20.964176824939713,20.5,21.5
2730.0,20.684217890205517,20.989942171585263,6.376709151387509,21.0,0,0.010057828414737457,20.961317565179122,20.5,21.5
2731.0,20.681356388457754,20.98708003075837,6.375442610227868,21.0,0,0.012919969241629303,20.958458622489452,20.5,21.5
2732.0,20.67849520570211,20.98421820947117,6.3741750216088455,21.0,0,0.01578179052883044,20.955599996599158,20.5,21.5
2733.0,20.67563434166529,20.98135670744987,6.372906386495767,21.0,0,0.018643292550130752,20.952741687236866,20.5,21.5
2734.0,20.672773796074257,20.97849552442093,6.371636705854753,21.0,0,0.021504475579071425,20.949883694131522,20.5,21.5
2735.0,20.669913568656213,20.97563466011107,6.370365980652719,21.0,0,0.024365339888930748,20.947026017012476,20.5,21.5
2736.0,20.667053659138613,20.97277411424724,6.3690942118573775,21.0,0,0.027225885752759638,20.94416865560895,20.5,21.5
2737.0,20.664194067249156,20.96991388655665,6.367821400437236,21.0,0,0.03008611344334966,20.94131160965075,20.5,21.5
2738.0,20.66133479271579,20.96705397676675,6.3665475473615984,21.0,0,0.0329460232332508,20.938454878867738,20.5,21.5
2739.0,20.65847583526672,20.964194384605243,6.365272653600556,21.0,0,0.03580561539475724,20.93559846299018,20.5,21.5
2740.0,20.655617194630388,20.96133510980008,6.363996720124997,21.0,0,0.03866489019992159,20.932742361748435,20.5,21.5
2741.0,20.652758870535486,20.958476152079452,6.362719747906601,21.0,0,0.04152384792054775,20.92988657487319,20.5,21.5
2742.0,20.64990086271096,20.955617511171816,6.361441737917836,21.0,0,0.04438248882818385,20.927031102095455,20.5,21.5
2743.0,20.647043170886004,20.952759186805856,6.360162691131963,21.0,0,0.04724081319414353,20.92417594314626,20.5,21.5
2744.0,20.644185794790054,20.949901178710526,6.358882608523032,21.0,0,0.05009882128947396,20.92132109775722,20.5,21.5
2745.0,20.6413287341528,20.94704348661501,6.357601491065884,21.0,0,0.05295651338499141,20.918466565659834,20.5,21.5
2746.0,20.638471988704183,20.944186110248744,6.356319339736141,21.0,0,0.05581388975125634,20.915612346586094,20.5,21.5
2747.0,20.63561555817439,20.94132904934143,6.35503615551022,21.0,0,0.058670950658569865,20.912758440268295,20.5,21.5
2748.0,20.632759442293857,20.938472303623,6.3537519393653215,21.0,0,0.06152769637699862,20.909904846438714,20.5,21.5
2749.0,20.62990364079327,20.935615872823643,6.352466692279431,21.0,0,0.064384127176357,20.90705156483006,20.5,21.5
2750.0,20.627048153403567,20.932759756673796,6.351180415231321,21.0,0,0.0672402433262036,20.90419859517533,20.5,21.5
2751.0,20.624192979855934,20.929903954904148,6.349893109200546,21.0,0,0.07009604509585188,20.901345937207665,20.5,21.5
2752.0,20.621338119881802,20.92704846724563,6.348604775167447,21.0,0,0.07295153275437016,20.898493590660447,20.5,21.5
2753.0,20.61848357321286,20.92419329342943,6.347315414113146,21.0,0,0.07580670657057098,20.89564155526742,20.5,21.5
2754.0,20.61562933958104,20.921338433186982,6.346025027019547,21.0,0,0.07866156681301817,20.89278983076251,20.5,21.5
2755.0,20.612775418718527,20.918483886249977,6.3447336148693365,21.0,0,0.08151611375002332,20.889938416879925,20.5,21.5
2756.0,20.609921810357758,20.91562965235034,6.34344117864598,21.0,0,0.08437034764966,20.887087313353973,20.5,21.5
2757.0,20.607068514231415,20.91277573122026,6.342147719333726,21.0,0,0.08722426877973888,20.884236519919472,20.5,21.5
2758.0,20.604215530072434,20.909922122592178,6.340853237917599,21.0,0,0.09007787740782192,20.881386036311348,20.5,21.5
2759.0,20.601362857614003,20.90706882619877,6.339557735383401,21.0,0,0.0929311738012295,20.878535862264695,20.5,21.5
2760.0,20.598510496589558,20.904215841772974,6.3382612127177165,21.0,0,0.09578415822702624,20.875685997515006,20.5,21.5
2761.0,20.595658446732784,20.90136316904798,6.3369636709079025,21.0,0,0.09863683095202092,20.872836441798032,20.5,21.5
2762.0,20.59280670777762,20.898510807757223,6.335665110942093,21.0,0,0.1014891922427772,20.86998719484966,20.5,21.5
2763.0,20.589955279458252,20.895658757634386,6.3343655338091995,21.0,0,0.1043412423656136,20.867138256406022,20.5,21.5
2764.0,20.58710416150912,20.892807018413407,6.333064940498905,21.0,0,0.10719298158659285,20.864289626203615,20.5,21.5
2765.0,20.58425335366492,20.88995558982848,6.331763332001668,21.0,0,0.11004441017151834,20.861441303979227,20.5,21.5
2766.0,20.58140285566059,20.88710447161404,6.330460709308722,21.0,0,0.11289552838595895,20.858593289469635,20.5,21.5
2767.0,20.578552667231317,20.88425366350478,6.329157073412068,21.0,0,0.1157463364952207,20.855745582412162,20.5,21.5
2768.0,20.575702788112554,20.881403165235643,6.327852425304483,21.0,0,0.11859683476435734,20.852898182544276,20.5,21.5
2769.0,20.57285321803999,20.87855297654182,6.326546765979514,21.0,0,0.12144702345818104,20.850051089603582,20.5,21.5
2770.0,20.57000395674958,20.875703097158752,6.325240096431475,21.0,0,0.12429690284124817,20.84720430332808,20.5,21.5
2771.0,20.56715500397752,20.872853526822137,6.323932417655454,21.0,0,0.12714647317786287,20.84435782345599,20.5,21.5
2772.0,20.564306359460254,20.870004265267927,6.322623730647304,21.0,0,0.1299957347320735,20.84151164972582,20.5,21.5
2773.0,20.56145802293449,20.867155312232313,6.321314036403647,21.0,0,0.13284468776768676,20.83866578187618,20.5,21.5
2774.0,20.558609994137186,20.86430666745175,6.320003335921873,21.0,0,0.1356933325482501,20.835820219646116,20.5,21.5
2775.0,20.55576227280554,20.861458330662945,6.318691630200138,21.0,0,0.13854166933705514,20.832974962774895,20.5,21.5
2776.0,20.55291485867702,20.858610301602845,6.317378920237362,21.0,0,0.14138969839715543,20.83013001100184,20.5,21.5
2777.0,20.550067751489333,20.855762580008662,6.316065207033229,21.0,0,0.1442374199913381,20.827285364066835,20.5,21.5
2778.0,20.547220950980442,20.85291516561785,6.3147504915881925,21.0,0,0.1470848343821487,20.824441021709745,20.5,21.5
2779.0,20.544374456888562,20.850068058168127,6.313434774903461,21.0,0,0.14993194183187342,20.82159698367088,20.5,21.5
2780.0,20.541528268952163,20.84722125739745,6.3121180579810146,21.0,0,0.15277874260254976,20.818753249690687,20.5,21.5
2781.0,20.53868238690997,20.844374763044037,6.310800341823588,21.0,0,0.15562523695596298,20.815909819509905,20.5,21.5
2782.0,20.53583681050095,20.84152857484636,6.30948162743468,21.0,0,0.158471425153639,20.8130666928696,20.5,21.5
2783.0,20.532991539464337,20.83868269254314,6.308161915818547,21.0,0,0.16131730745685857,20.810223869510946,20.5,21.5
2784.0,20.530146573539607,20.835837115873353,6.306841207980211,21.0,0,0.1641628841266467,20.807381349175472,20.5,21.5
2785.0,20.527301912466495,20.83299184457622,6.305519504925445,21.0,0,0.16700815542377967,20.80453913160489,20.5,21.5
2786.0,20.524457555984988,20.830146878391226,6.304196807660785,21.0,0,0.16985312160877442,20.801697216541278,20.5,21.5
2787.0,20.521613503835322,20.827302217058097,6.302873117193521,21.0,0,0.17269778294190274,20.798855603726814,20.5,21.5
2788.0,20.518769755757994,20.82445786031683,6.301548434531702,21.0,0,0.17554213968317,20.796014292904157,20.5,21.5
2789.0,20.51592631149375,20.82161380790766,6.3002227606841315,21.0,0,0.17838619209233997,20.79317328381596,20.5,21.5
2790.0,20.513083170783588,20.818770059571076,6.298896096660368,21.0,0,0.18122994042892415,20.790332576205234,20.5,21.5
2791.0,20.510240333368763,20.815926615047832,6.297568443470722,21.0,0,0.18407338495216763,20.787492169815398,20.5,21.5
2792.0,20.507397798990784,20.813083474078923,6.296239802126262,21.0,0,0.18691652592107744,20.784652064389824,20.5,21.5
2793.0,20.50455556739141,20.810240636405606,6.294910173638804,21.0,0,0.18975936359439416,20.78181225967244,20.5,21.5
2794.0,20.50171363831266,20.807398101769387,6.29357955902092,21.0,0,0.19260189823061324,20.778972755407196,20.5,21.5
2795.0,20.4988720114968,20.80455586991203,6.292247959285928,21.0,0,0.1954441300879708,20.776133551338454,20.5,21.5
2796.0,20.496030686686357,20.801713940575546,6.290915375447902,21.0,0,0.1982860594244542,20.77329464721071,20.5,21.5
2797.0,20.493189663624108,20.79887231350221,6.28958180852166,21.0,0,0.20112768649779156,20.770456042768835,20.5,21.5
2798.0,20.49034894205309,20.796030988434545,6.288247259522773,21.0,0,0.2039690115654551,20.76761773775791,20.5,21.5
2799.0,20.48750852171658,20.793189965115328,6.286911729467558,21.0,0,0.20681003488467198,20.76477973192316,20.5,21.5
2800.0,20.484668402358132,20.790349243287597,6.285575219373079,21.0,0,0.20965075671240285,20.76194202501029,20.5,21.5
2801.0,20.481828583721533,20.787508822694633,6.284237730257146,21.0,0,0.21249117730536682,20.759104616764994,20.5,21.5
2802.0,20.47898906555084,20.78466870307998,6.282899263138316,21.0,0,0.21533129692002007,20.756267506933447,20.5,21.5
2803.0,20.47614984759036,20.781828884187437,6.2815598190358894,21.0,0,0.218171115812563,20.753430695262008,20.5,21.5
2804.0,20.47331092958465,20.77898936576105,6.280219398969912,21.0,0,0.22101063423895084,20.75059418149717,20.5,21.5
2805.0,20.470472311278527,20.776150147545128,6.27887800396117,21.0,0,0.22384985245487243,20.74775796538591,20.5,21.5
2806.0,20.467633992417063,20.773311229284232,6.277535635031196,21.0,0,0.22668877071576787,20.744922046675278,20.5,21.5
2807.0,20.464795972745588,20.770472610723182,6.276192293202261,21.0,0,0.22952738927681793,20.74208642511268,20.5,21.5
2808.0,20.46195825200968,20.767634291607045,6.2748479794973795,21.0,0,0.23236570839295467,20.739251100445678,20.5,21.5
2809.0,20.45912082995518,20.76479627168115,6.273502694940305,21.0,0,0.23520372831885084,20.736416072422188,20.5,21.5
2810.0,20.456283706328175,20.76195855069108,6.272156440555529,21.0,0,0.2380414493089198,20.73358134079039,20.5,21.5
2811.0,20.45344688087502,20.75912112838267,6.2708092173682815,21.0,0,0.2408788716173298,20.73074690529857,20.5,21.5
2812.0,20.45061035334232,20.756284004502017,6.269461026404535,21.0,0,0.24371599549798262,20.72791276569549,20.5,21.5
2813.0,20.447774123476933,20.75344717879547,6.268111868690994,21.0,0,0.24655282120453137,20.72507892172998,20.5,21.5
2814.0,20.444938191025976,20.75061065100963,6.266761745255101,21.0,0,0.2493893489903698,20.722245373151246,20.5,21.5
2815.0,20.44210255573682,20.747774420891357,6.265410657125033,21.0,0,0.25222557910864296,20.719412119708625,20.5,21.5
2816.0,20.4392672173571,20.744938488187774,6.264058605329702,21.0,0,0.2550615118122259,20.716579161151945,20.5,21.5
2817.0,20.436432175634692,20.742102852646248,6.262705590898756,21.0,0,0.25789714735375213,20.713746497230986,20.5,21.5
2818.0,20.433597430317747,20.739267514014408,6.261351614862573,21.0,0,0.2607324859855922,20.710914127696007,20.5,21.5
2819.0,20.430762981154654,20.736432472040143,6.259996678252265,21.0,0,0.2635675279598573,20.70808205229749,20.5,21.5
2820.0,20.427928827894075,20.733597726471594,6.258640782099675,21.0,0,0.2664022735284064,20.705250270786102,20.5,21.5
2821.0,20.425094970284917,20.730763277057157,6.257283927437378,21.0,0,0.26923672294284273,20.702418782912794,20.5,21.5
2822.0,20.42226140807635,20.72792912354549,6.255926115298676,21.0,0,0.2720708764545101,20.699587588428816,20.5,21.5
2823.0,20.419428141017793,20.7250952656855,6.254567346717604,21.0,0,0.27490473431450013,20.6967566870856,20.5,21.5
2824.0,20.416595168858933,20.722261703226355,6.253207622728921,21.0,0,0.27773829677364503,20.693926078634906,20.5,21.5
2825.0,20.413762491349708,20.719428435917482,6.251846944368118,21.0,0,0.2805715640825177,20.691095762828756,20.5,21.5
2826.0,20.41093010824031,20.71659546350856,6.25048531267141,21.0,0,0.2834045364914388,20.68826573941935,20.5,21.5
2827.0,20.408098019281198,20.71376278574953,6.24912272867574,21.0,0,0.28623721425046966,20.685436008159222,20.5,21.5
2828.0,20.405266224223077,20.710930402390584,6.247759193418773,21.0,0,0.28906959760941575,20.682606568801123,20.5,21.5
2829.0,20.402434722816917,20.708098313182184,6.246394707938901,21.0,0,0.29190168681781614,20.67977742109818,20.5,21.5
2830.0,20.39960351481394,20.705266517875028,6.2450292732752395,21.0,0,0.29473348212497186,20.67694856480347,20.5,21.5
2831.0,20.396772599965633,20.70243501622009,6.2436628904676255,21.0,0,0.29756498377991036,20.674119999670705,20.5,21.5
2832.0,20.393941978023733,20.699603807968597,6.242295560556621,21.0,0,0.30039619203140333,20.671291725453667,20.5,21.5
2833.0,20.39111164874024,20.696772892872026,6.240927284583505,21.0,0,0.30322710712797374,20.668463741906322,20.5,21.5
2834.0,20.388281611867406,20.693942270682125,6.23955806359028,21.0,0,0.30605772931787456,20.665636048783117,20.5,21.5
2835.0,20.38545186715775,20.691111941150886,6.238187898619668,21.0,0,0.30888805884911363,20.662808645838496,20.5,21.5
2836.0,20.382622414364043,20.68828190403057,6.236816790715109,21.0,0,0.3117180959694288,20.65998153282742,20.5,21.5
2837.0,20.379793253239313,20.685452159073687,6.2354447409207605,21.0,0,0.3145478409263127,20.657154709504848,20.5,21.5
2838.0,20.37696438353685,20.68262270603301,6.2340717502814975,21.0,0,0.31737729396699166,20.65432817562622,20.5,21.5
2839.0,20.3741358050102,20.679793544661567,6.2326978198429135,21.0,0,0.3202064553384325,20.65150193094716,20.5,21.5
2840.0,20.371307517413168,20.67696467471265,6.231322950651316,21.0,0,0.3230353252873499,20.648675975223476,20.5,21.5
2841.0,20.368479520499815,20.674136095939804,6.229947143753729,21.0,0,0.3258639040601956,20.645850308211347,20.5,21.5
2842.0,20.365651814024467,20.671307808096834,6.228570400197887,21.0,0,0.32869219190316556,20.643024929667135,20.5,21.5
2843.0,20.3628243977417,20.668479810937804,6.227192721032241,21.0,0,0.3315201890621964,20.640199839347495,20.5,21.5
2844.0,20.35999727140636,20.66565210421704,6.225814107305952,21.0,0,0.33434789578296176,20.637375037009384,20.5,21.5
2845.0,20.35717043477354,20.662824687689113,6.224434560068899,21.0,0,0.3371753123108867,20.634550522409864,20.5,21.5
2846.0,20.3543438875986,20.65999756110887,6.2230540803716625,21.0,0,0.3400024388911298,20.63172629530644,20.5,21.5
2847.0,20.351517629637154,20.657170724231406,6.22167266926554,21.0,0,0.3428292757685938,20.628902355456766,20.5,21.5
2848.0,20.34869166064508,20.65434417681208,6.220290327802536,21.0,0,0.34565582318791854,20.626078702618834,20.5,21.5
2849.0,20.345865980378512,20.651517918606515,6.218907057035363,21.0,0,0.3484820813934846,20.623255336550855,20.5,21.5
2850.0,20.343040588593844,20.64869194937058,6.217522858017442,21.0,0,0.35130805062942017,20.620432257011224,20.5,21.5
2851.0,20.34021548504773,20.645866268860406,6.2161377318029,21.0,0,0.35413373113959423,20.617609463758665,20.5,21.5
2852.0,20.33739066949708,20.64304087683239,6.214751679446573,21.0,0,0.35695912316760925,20.61478695655224,20.5,21.5
2853.0,20.33456614169907,20.640215773043188,6.213364702003999,21.0,0,0.3597842269568119,20.61196473515116,20.5,21.5
2854.0,20.33174190141113,20.63739095724971,6.211976800531422,21.0,0,0.3626090427502895,20.609142799314935,20.5,21.5
2855.0,20.328917948390956,20.63456642920913,6.2105879760857885,21.0,0,0.36543357079087,20.606321148803325,20.5,21.5
2856.0,20.326094282396493,20.63174218867888,6.20919822972475,21.0,0,0.36825781132111857,20.603499783376396,20.5,21.5
2857.0,20.323270903185957,20.628918235416656,6.207807562506657,21.0,0,0.3710817645833444,20.600678702794397,20.5,21.5
2858.0,20.32044781051782,20.626094569180406,6.2064159754905655,21.0,0,0.37390543081959393,20.59785790681791,20.5,21.5
2859.0,20.317625004150813,20.623271189728342,6.2050234697362265,21.0,0,0.3767288102716577,20.595037395207704,20.5,21.5
2860.0,20.31480248384393,20.62044809681894,6.203630046304097,21.0,0,0.3795519031810599,20.592217167724918,20.5,21.5
2861.0,20.311980249356424,20.617625290210924,6.202235706255326,21.0,0,0.38237470978907595,20.589397224130764,20.5,21.5
2862.0,20.309158300447802,20.614802769663292,6.200840450651768,21.0,0,0.3851972303367077,20.586577564186975,20.5,21.5
2863.0,20.30633663687784,20.6119805349353,6.199444280555968,21.0,0,0.3880194650647013,20.583758187655363,20.5,21.5
2864.0,20.303515258406577,20.609158585786453,6.198047197031172,21.0,0,0.390841414213547,20.580939094297996,20.5,21.5
2865.0,20.3006941647943,20.606336921976528,6.196649201141319,21.0,0,0.3936630780234722,20.578120283877276,20.5,21.5
2866.0,20.29787335580157,20.603515543265555,6.195250293951043,21.0,0,0.396484456734445,20.575301756155827,20.5,21.5
2867.0,20.2950528311892,20.600694449413833,6.1938504765256726,21.0,0,0.3993055505861669,20.572483510896614,20.5,21.5
2868.0,20.292232590718267,20.59787364018192,6.192449749931232,21.0,0,0.4021263598180802,20.569665547862787,20.5,21.5
2869.0,20.28941263415011,20.595053115330625,6.191048115234433,21.0,0,0.4049468846693749,20.566847866817678,20.5,21.5
2870.0,20.286592961246328,20.59223287462103,6.189645573502682,21.0,0,0.407767125378971,20.56403046752507,20.5,21.5
2871.0,20.28377357176878,20.589412917814474,6.188242125804077,21.0,0,0.41058708218552553,20.56121334974893,20.5,21.5
2872.0,20.28095446547959,20.586593244672553,6.186837773207403,21.0,0,0.413406755327447,20.55839651325334,20.5,21.5
2873.0,20.278135642141134,20.583773854957126,6.185432516782136,21.0,0,0.4162261450428737,20.55557995780286,20.5,21.5
2874.0,20.275317101516062,20.58095474843032,6.184026357598439,21.0,0,0.4190452515696812,20.552763683162244,20.5,21.5
2875.0,20.27249884336728,20.57813592485451,6.1826192967271645,21.0,0,0.4218640751454892,20.54994768909643,20.5,21.5
2876.0,20.269680867457954,20.57531738399235,6.181211335239851,21.0,0,0.4246826160076509,20.547131975370732,20.5,21.5
2877.0,20.26686317355151,20.572499125606733,6.179802474208721,21.0,0,0.42750087439326734,20.544316541750568,20.5,21.5
2878.0,20.26404576141164,20.569681149460834,6.178392714706685,21.0,0,0.43031885053916596,20.541501388001848,20.5,21.5
2879.0,20.2612286308023,20.56686345531808,6.176982057807334,21.0,0,0.4331365446819184,20.538686513890557,20.5,21.5
2880.0,20.258411781487702,20.564046042942167,6.175570504584947,21.0,0,0.43595395705783346,20.535871919183016,20.5,21.5
2881.0,20.255595213232322,20.56122891209704,6.174158056114481,21.0,0,0.4387710879029605,20.53305760364577,20.5,21.5
2882.0,20.2527789258009,20.558412062546918,6.1727447134715785,21.0,0,0.44158793745308245,20.530243567045698,20.5,21.5
2883.0,20.249962918958435,20.555595494056274,6.171330477732562,21.0,0,0.4444045059437265,20.527429809149833,20.5,21.5
2884.0,20.24714719247019,20.55277920638985,6.169915349974431,21.0,0,0.44722079361014977,20.524616329725617,20.5,21.5
2885.0,20.244331746101693,20.54996319931265,6.168499331274869,21.0,0,0.4500368006873501,20.521803128540647,20.5,21.5
2886.0,20.24151657961873,20.54714747258993,6.167082422712235,21.0,0,0.4528525274100694,20.518990205362737,20.5,21.5
2887.0,20.238701692787348,20.544332025987217,6.165664625365567,21.0,0,0.45566797401278336,20.516177559960077,20.5,21.5
2888.0,20.235887085373864,20.541516859270303,6.164245940314579,21.0,0,0.4584831407296974,20.513365192101162,20.5,21.5
2889.0,20.233072757144853,20.538701972205235,6.162826368639662,21.0,0,0.4612980277947649,20.51055310155456,20.5,21.5
2890.0,20.23025870786715,20.535887364558327,6.1614059114218795,21.0,0,0.4641126354416727,20.50774128808925,20.5,21.5
2891.0,20.22744493730786,20.53307303609615,6.159984569742974,21.0,0,0.46692696390384825,20.504929751474396,20.5,21.5
2892.0,20.224631445234348,20.53025898658555,6.1585623446853575,21.0,0,0.46974101341444907,20.502118491479543,20.5,21.5
2893.0,20.221818231414236,20.527445215793627,6.157139237332117,21.0,1,0.4725547842063733,20.499307507874384,20.5,21.5
2894.0,20.23900529561542,20.52863172348774,6.15571524876701,21.0,1,0.47136827651225843,20.54049680042889,20.5,21.5
2895.0,20.25618863760605,20.53381770943552,6.1542903800744675,21.0,1,0.466182290564479,20.585677568913315,20.5,21.5
2896.0,20.273368257954544,20.543002373564857,6.152864632339586,21.0,1,0.4569976264351432,20.634849014858215,20.5,21.5
2897.0,20.290544157229423,20.556184915963872,6.151438006648138,21.0,1,0.4438150840361281,20.688010339954022,20.5,21.5
2898.0,20.307716335999306,20.57336453688088,6.1500105040865565,21.0,1,0.42663546311911915,20.74516074605097,20.5,21.5
2899.0,20.324884794832922,20.590540436724382,6.148582125741951,21.0,1,0.40945956327561817,20.76229943515939,20.5,21.5
2900.0,20.342049534299104,20.60771261606299,6.147152872702092,21.0,1,0.3922873839370098,20.779434409449074,20.5,21.5
2901.0,20.359210554966783,20.624881075465442,6.1457227460554185,21.0,1,0.37511892453455786,20.79656566948996,20.5,21.5
2902.0,20.376367857405,20.64204581550056,6.1442917468910325,21.0,1,0.35795418449944094,20.81369321585173,20.5,21.5
2903.0,20.393521442182898,20.659206836737276,6.1428598762987034,21.0,1,0.3407931632627239,20.830817049104446,20.5,21.5
2904.0,20.41067130986972,20.676364139744635,6.141427135368863,21.0,1,0.32363586025536506,20.847937169818223,20.5,21.5
2905.0,20.42781746103482,20.693517725091777,6.139993525192606,21.0,1,0.3064822749082232,20.865053578563195,20.5,21.5
2906.0,20.444959896247653,20.71066759334795,6.138559046861689,21.0,1,0.2893324066520506,20.882166275909675,20.5,21.5
2907.0,20.462098616077775,20.727813745082507,6.1371237014685285,21.0,1,0.27218625491749293,20.899275262428084,20.5,21.5
2908.0,20.479233621094853,20.744956180864897,6.135687490106202,21.0,1,0.25504381913510343,20.91638053868879,20.5,21.5
2909.0,20.496364911868653,20.762094901264682,6.13425041386845,21.0,1,0.23790509873531818,20.933482105262534,20.5,21.5
2910.0,20.513492488969053,20.779229906851526,6.132812473849666,21.0,1,0.22077009314847373,20.95057996271997,20.5,21.5
2911.0,20.530616352966028,20.796361198195203,6.131373671144905,21.0,1,0.20363880180479654,20.967674111631975,20.5,21.5
2912.0,20.547736504429665,20.81348877586558,6.129934006849876,21.0,1,0.18651122413442067,20.984764552569338,20.5,21.5
2913.0,20.56485294393015,20.83061264043264,6.128493482060948,21.0,1,0.1693873595673594,21.001851286103253,20.5,21.5
2914.0,20.581965672037775,20.847732792466466,6.1270520978751435,21.0,1,0.15226720753353362,21.018934312804724,20.5,21.5
2915.0,20.599074689322943,20.864849232537246,6.125609855390137,21.0,1,0.13515076746275412,21.03601363324504,20.5,21.5
2916.0,20.616179996356156,20.88196196121527,6.124166755704261,21.0,1,0.11803803878472863,21.053089247995526,20.5,21.5
2917.0,20.633281593708027,20.899070979070945,6.122722799916499,21.0,1,0.10092902092905476,21.070161157627684,20.5,21.5
2918.0,20.65037948194927,20.91617628667477,6.121277989126483,21.0,1,0.08382371332523064,21.08722936271301,20.5,21.5
2919.0,20.667473661650703,20.933277884597352,6.119832324434504,21.0,1,0.06672211540264783,21.10429386382318,20.5,21.5
2920.0,20.68456413338326,20.950375773409416,6.118385806941494,21.0,1,0.049624226590584186,21.121354661530052,20.5,21.5
2921.0,20.701650897717972,20.96746995368178,6.116938437749042,21.0,1,0.03253004631822165,21.138411756405404,20.5,21.5
2922.0,20.71873395522598,20.98456042598537,6.115490217959381,21.0,1,0.015439574014628477,21.155465149021303,20.5,21.5
2923.0,20.735813306478526,21.001647190891223,6.114041148675394,21.0,1,-0.0016471908912230049,21.172514839949738,20.5,21.5
2924.0,20.752888952046966,21.018730248970478,6.11259123100061,21.0,1,-0.018730248970477703,21.189560829763025,20.5,21.5
2925.0,20.769960892502755,21.035809600794373,6.111140466039204,21.0,1,-0.0358096007943729,21.206603119033325,20.5,21.5
2926.0,20.787029128417462,21.052885246934274,6.109688854895999,21.0,1,-0.052885246934273766,21.223641708333282,20.5,21.5
2927.0,20.804093660362756,21.069957187961627,6.108236398676457,21.0,1,-0.0699571879616272,21.24067659823516,20.5,21.5
2928.0,20.82115448891042,21.087025424448008,6.106783098486688,21.0,1,-0.08702542444800798,21.257707789311816,20.5,21.5
2929.0,20.838211614632336,21.10408995696508,6.105328955433444,21.0,1,-0.10408995696507972,21.274735282135797,20.5,21.5
2930.0,20.855265038100494,21.121150786084627,6.103873970624116,21.0,1,-0.12115078608462682,21.291759077280098,20.5,21.5
2931.0,20.872314759887,21.138207912378533,6.10241814516674,21.0,1,-0.13820791237853314,21.308779175317596,20.5,21.5
2932.0,20.889360780564058,21.155261336418796,6.100961480169992,21.0,1,-0.15526133641879625,21.325795576821427,20.5,21.5
2933.0,20.90640310070398,21.172311058777506,6.099503976743181,21.0,1,-0.17231105877750608,21.342808282364604,20.5,21.5
2934.0,20.923441720879186,21.189357080026873,6.0980456359962645,21.0,1,-0.18935708002687335,21.359817292520546,20.5,21.5
2935.0,20.940476641662208,21.20639940073922,6.096586459039828,21.0,1,-0.20639940073921892,21.376822607862675,20.5,21.5
2936.0,20.957507863625683,21.223438021486952,6.0951264469851,21.0,1,-0.22343802148695247,21.393824228964288,20.5,21.5
2937.0,20.974535387342353,21.24047294284261,6.093665600943945,21.0,1,-0.24047294284261156,21.410822156399202,20.5,21.5
2938.0,20.991559213385074,21.25750416537883,6.092203922028858,21.0,1,-0.2575041653788297,21.42781639074101,20.5,21.5
2939.0,21.0085793423268,21.274531689668358,6.0907414113529725,21.0,1,-0.2745316896683576,21.444806932563637,20.5,21.5
2940.0,21.025595774740605,21.291555516284035,6.089278070030055,21.0,1,-0.29155551628403487,21.461793782440807,20.5,21.5
2941.0,21.042608511199663,21.308575645798832,6.0878138991745,21.0,1,-0.30857564579883245,21.47877694094681,20.5,21.5
2942.0,21.05961755227726,21.325592078785814,6.086348899901342,21.0,1,-0.32559207878581375,21.495756408655627,20.5,21.5
2943.0,21.076622898546784,21.342604815818156,6.084883073326237,21.0,0,-0.34260481581815583,21.512732186141577,20.5,21.5
2944.0,21.07362455058174,21.355613857469145,6.08341642056548,21.0,0,-0.35561385746914453,21.48570427397903,20.5,21.5
2945.0,21.070626508955737,21.364620004312172,6.081948942735988,21.0,0,-0.36462000431217234,21.45468147274245,20.5,21.5
2946.0,21.067628773442493,21.36962405676074,6.08048064095531,21.0,0,-0.3696240567607383,21.419664581246398,20.5,21.5
2947.0,21.064631343815996,21.370626815068487,6.079011516341622,21.0,0,-0.37062681506848705,21.380654398145975,20.5,21.5
2948.0,21.0616342198505,21.367629079329227,6.077541570013727,21.0,0,-0.3676290793292267,21.337651721936624,20.5,21.5
2949.0,21.05863740132053,21.364631649476987,6.07607080309105,21.0,0,-0.364631649476987,21.33465735095459,20.5,21.5
2950.0,21.055640888000887,21.361634525286014,6.074599216693648,21.0,0,-0.36163452528601425,21.331663283376287,20.5,21.5
2951.0,21.052644679666624,21.358637706530843,6.0731268119421955,21.0,0,-0.3586377065308426,21.328669518979126,20.5,21.5
2952.0,21.04964877609308,21.35564119298626,6.071653589957994,21.0,0,-0.3556411929862584,21.325676057540417,20.5,21.5
2953.0,21.046653177055852,21.35264498442733,6.070179551862965,21.0,0,-0.3526449844273287,21.322682898838032,20.5,21.5
2954.0,21.043657882330812,21.349649080629383,6.068704698779653,21.0,0,-0.3496490806293835,21.31969004264993,20.5,21.5
2955.0,21.0406628916941,21.346653481368026,6.067229031831223,21.0,0,-0.3466534813680262,21.316697488754453,20.5,21.5
2956.0,21.037668204922127,21.343658186419127,6.06575255214146,21.0,0,-0.3436581864191268,21.313705236930133,20.5,21.5
2957.0,21.03467382179157,21.340663195558825,6.064275260834767,21.0,0,-0.3406631955588253,21.31071328695581,20.5,21.5
2958.0,21.03167974207938,21.33766850856353,6.062797159036166,21.0,0,-0.3376685085635316,21.307721638610595,20.5,21.5
2959.0,21.028685965562772,21.334674125209922,6.061318247871295,21.0,0,-0.3346741252099221,21.304730291673827,20.5,21.5
2960.0,21.025692492019235,21.331680045274947,6.059838528466409,21.0,0,-0.3316800452749469,21.301739245925194,20.5,21.5
2961.0,21.022699321226526,21.328686268535826,6.058358001948381,21.0,0,-0.32868626853582583,21.298748501144615,20.5,21.5
2962.0,21.01970645296267,21.32569279477005,6.056876669444694,21.0,0,-0.325692794770049,21.29575805711228,20.5,21.5
2963.0,21.016713887005967,21.322699623755362,6.055394532083449,21.0,0,-0.3226996237553621,21.292767913608493,20.5,21.5
2964.0,21.01372162313498,21.319706755269806,6.053911590993355,21.0,0,-0.31970675526980585,21.289778070414243,20.5,21.5
2965.0,21.01072966112855,21.31671418909167,6.05242784730374,21.0,0,-0.3167141890916696,21.286788527310307,20.5,21.5
2966.0,21.007738000765787,21.313721924999523,6.050943302144535,21.0,0,-0.31372192499952334,21.28379928407806,20.5,21.5
2967.0,21.004746641826063,21.310729962772207,6.04945795664629,21.0,0,-0.3107299627722071,21.280810340499045,20.5,21.5
2968.0,21.00175558408903,21.307738302188817,6.047971811940158,21.0,0,-0.3077383021888167,21.277821696354913,20.5,21.5
2969.0,20.9987648273346,21.30474694302874,6.046484869157903,21.0,0,-0.3047469430287393,21.274833351427965,20.5,21.5
2970.0,20.995774371342964,21.301755885071625,6.044997129431898,21.0,0,-0.3017558850716249,21.27184530550048,20.5,21.5
2971.0,20.99278421589458,21.298765128097386,6.043508593895119,21.0,0,-0.2987651280973864,21.268857558355002,20.5,21.5
2972.0,20.98979436077018,21.29577467188621,6.042019263681152,21.0,0,-0.2957746718862104,21.26587010977445,20.5,21.5
2973.0,20.98680480575076,21.292784516218557,6.040529139924188,21.0,0,-0.29278451621855694,21.262882959542022,20.5,21.5
2974.0,20.983815550617596,21.289794660875156,6.039038223759018,21.0,0,-0.28979466087515604,21.259896107441147,20.5,21.5
2975.0,20.980826595152223,21.286805105637008,6.0375465163210436,21.0,0,-0.2868051056370078,21.256909553255525,20.5,21.5
2976.0,20.977837939136457,21.283815850285382,6.036054018746261,21.0,0,-0.28381585028538225,21.253923296769127,20.5,21.5
2977.0,20.97484958235238,21.280826894601823,6.034560732171273,21.0,0,-0.2808268946018231,21.25093733776623,20.5,21.5
2978.0,20.971861524582344,21.27783823836814,6.033066657733284,21.0,0,-0.27783823836814037,21.247951676031313,20.5,21.5
2979.0,20.968873765608976,21.274849881366418,6.031571796570095,21.0,0,-0.27484988136641775,21.24496631134919,20.5,21.5
2980.0,20.965886305215168,21.271861823379005,6.0300761498201085,21.0,0,-0.27186182337900533,21.24198124350488,20.5,21.5
2981.0,20.96289914318409,21.26887406418853,6.028579718622325,21.0,0,-0.2688740641885303,21.23899647228378,20.5,21.5
2982.0,20.959912279299175,21.26588660357789,6.02708250411634,21.0,0,-0.26588660357788996,21.236011997471486,20.5,21.5
2983.0,20.956925713344138,21.262899441330248,6.025584507442351,21.0,0,-0.2628994413302479,21.233027818853827,20.5,21.5
2984.0,20.953939445102957,21.259912577229045,6.024085729741143,21.0,0,-0.2599125772290449,21.230043936217015,20.5,21.5
2985.0,20.950953474359885,21.25692601105799,6.022586172154105,21.0,0,-0.2569260110579883,21.227060349347422,20.5,21.5
2986.0,20.947967800899445,21.25393974260106,6.021085835823212,21.0,0,-0.2539397426010588,21.224077058031764,20.5,21.5
2987.0,20.944982424506428,21.25095377164251,6.019584721891037,21.0,0,-0.25095377164251076,21.22109406205703,20.5,21.5
2988.0,20.941997344965905,21.24796809796687,6.018082831500743,21.0,0,-0.24796809796686858,21.218111361210447,20.5,21.5
2989.0,20.939012562063212,21.244982721358916,6.016580165796086,21.0,0,-0.24498272135891597,21.21512895527939,20.5,21.5
2990.0,20.93602807558396,21.24199764160373,6.015076725921408,21.0,0,-0.2419976416037315,21.212146844051887,20.5,21.5
2991.0,20.933043885314028,21.23901285848665,6.013572513021648,21.0,0,-0.23901285848664955,21.20916502731583,20.5,21.5
2992.0,20.93005999103957,21.236028371793275,6.012067528242327,21.0,0,-0.23602837179327452,21.206183504859524,20.5,21.5
2993.0,20.92707639254701,21.2330441813095,6.0105617727295595,21.0,0,-0.23304418130949855,21.20320227647174,20.5,21.5
2994.0,20.92409308962305,21.230060286821466,6.009055247630039,21.0,0,-0.23006028682146606,21.20022134194114,20.5,21.5
2995.0,20.92111008205465,21.227076688115606,6.007547954091053,21.0,0,-0.22707668811560566,21.197240701057,20.5,21.5
2996.0,20.918127369629058,21.22409338497861,6.00603989326047,21.0,0,-0.22409338497860887,21.19426035360864,20.5,21.5
2997.0,20.915144952133783,21.221110377197455,6.004531066286745,21.0,0,-0.22111037719745497,21.191280299385916,20.5,21.5
2998.0,20.912162829356614,21.218127664559375,6.003021474318915,21.0,0,-0.2181276645593755,21.18830053817858,20.5,21.5
2999.0,20.909181001085607,21.215145246851886,6.0015111185066,21.0,0,-0.21514524685188618,21.185321069776993,20.5,21.5
3000.0,20.90619946710909,21.212163123862773,6.0,21.0,0,-0.2121631238627728,21.18234189397164,20.5,21.5
3001.0,20.903218227215667,21.209181295380098,5.9984881199499,21.0,0,-0.20918129538009822,21.179363010553352,20.5,21.5
3002.0,20.900237281194215,21.206199761192185,5.996975479507661,21.0,0,-0.20619976119218464,21.17638441931305,20.5,21.5
3003.0,20.897256628833876,21.203218521087635,5.9954620798252245,21.0,0,-0.20321852108763494,21.173406120042138,20.5,21.5
3004.0,20.894276269924074,21.20023757485533,5.993947922055111,21.0,0,-0.20023757485532911,21.17042811253227,20.5,21.5
3005.0,20.8912962042545,21.19725692228441,5.992433007350416,21.0,0,-0.19725692228441005,21.16745039657522,20.5,21.5
3006.0,20.888316431615117,21.1942765631643,5.990917336864816,21.0,0,-0.1942765631643013,21.164472971963214,20.5,21.5
3007.0,20.885336951796166,21.19129649728469,5.989400911752556,21.0,0,-0.19129649728468934,21.16149583848857,20.5,21.5
3008.0,20.882357764588157,21.188316724435545,5.987883733168462,21.0,0,-0.1883167244355448,21.1585189959441,20.5,21.5
3009.0,20.879378869781874,21.1853372444071,5.986365802267931,21.0,0,-0.1853372444071013,21.155542444122666,20.5,21.5
3010.0,20.87640026716837,21.182358056989877,5.984847120206934,21.0,0,-0.18235805698987662,21.15256618281763,20.5,21.5
3011.0,20.87342195653898,21.179379161974648,5.983327688142014,21.0,0,-0.17937916197464787,21.14959021182236,20.5,21.5
3012.0,20.8704439376853,21.176400559152476,5.981807507230282,21.0,0,-0.17640055915247643,21.146614530930762,20.5,21.5
3013.0,20.86746621039921,21.173422248314687,5.980286578629423,21.0,0,-0.17342224831468656,21.143639139936788,20.5,21.5
3014.0,20.864488774472857,21.170444229252887,5.978764903497693,21.0,0,-0.17044422925288671,21.14066403863489,20.5,21.5
3015.0,20.86151162969866,21.167466501758945,5.97724248299391,21.0,0,-0.16746650175894473,21.137689226819525,20.5,21.5
3016.0,20.85853477586932,21.16448906562501,5.975719318277466,21.0,0,-0.1644890656250091,21.134714704285653,20.5,21.5
3017.0,20.8555582127778,21.16151192064351,5.974195410508315,21.0,0,-0.16151192064350894,21.131740470828507,20.5,21.5
3018.0,20.85258194021735,21.158535066607136,5.972670760846981,21.0,0,-0.15853506660713634,21.12876652624341,20.5,21.5
3019.0,20.849605957981474,21.15555850330886,5.9711453704545505,21.0,0,-0.15555850330886045,21.1257928703261,20.5,21.5
3020.0,20.84663026586397,21.15258223054192,5.9696192404926745,21.0,0,-0.15258223054192044,21.12281950287252,20.5,21.5
3021.0,20.843654863658895,21.149606248099836,5.968092372123567,21.0,0,-0.14960624809983614,21.119846423678993,20.5,21.5
3022.0,20.840679751160586,21.146630555776394,5.966564766510006,21.0,0,-0.14663055577639383,21.11687363254197,20.5,21.5
3023.0,20.837704928163657,21.143655153365657,5.9650364248153265,21.0,0,-0.14365515336565693,21.113901129258288,20.5,21.5
3024.0,20.834730394462987,21.14068004066196,5.963507348203431,21.0,0,-0.14068004066195883,21.110928913624978,20.5,21.5
3025.0,20.831756149853735,21.137705217459917,5.961977537838775,21.0,0,-0.13770521745991715,21.1079569854395,20.5,21.5
3026.0,20.828782194131332,21.1347306835544,5.960446994886379,21.0,0,-0.13473068355440176,21.104985344499248,20.5,21.5
3027.0,20.825808527091482,21.13175643874058,5.958915720511813,21.0,0,-0.13175643874058096,21.102013990602373,20.5,21.5
3028.0,20.822835148530167,21.128782482813882,5.957383715881214,21.0,0,-0.12878248281388238,21.099042923546897,20.5,21.5
3029.0,20.819862058243636,21.125808815570014,5.955850982161268,21.0,0,-0.12580881557001433,21.096072143131334,20.5,21.5
3030.0,20.81688925602842,21.12283543680495,5.954317520519218,21.0,0,-0.12283543680495157,21.093101649154324,20.5,21.5
3031.0,20.813916741681318,21.11986234631495,5.952783332122861,21.0,0,-0.11986234631494952,21.09013144141493,20.5,21.5
3032.0,20.810944514999406,21.116889543896534,5.951248418140551,21.0,0,-0.11688954389653361,21.087161519712375,20.5,21.5
3033.0,20.807972575780035,21.113917029346506,5.949712779741189,21.0,0,-0.11391702934650638,21.084191883846234,20.5,21.5
3034.0,20.805000923820828,21.110944802461944,5.948176418094232,21.0,0,-0.11094480246194394,21.08122253361632,20.5,21.5
3035.0,20.80202955891968,21.107972863040196,5.946639334369687,21.0,0,-0.10797286304019593,21.078253468822716,20.5,21.5
3036.0,20.79905848087477,21.10500121087889,5.945101529738109,21.0,0,-0.10500121087888914,21.07528468926582,20.5,21.5
3037.0,20.796087689484544,21.102029845775917,5.943563005370602,21.0,0,-0.10202984577591678,21.072316194746193,20.5,21.5
3038.0,20.79311718454772,21.099058767529453,5.94202376243882,21.0,0,-0.09905876752945275,21.069347985064812,20.5,21.5
3039.0,20.7901469658633,21.096087975937948,5.940483802114965,21.0,0,-0.09608797593794804,21.0663800600229,20.5,21.5
3040.0,20.787177033230552,21.093117470800124,5.9389431255717815,21.0,0,-0.09311747080012367,21.06341241942188,20.5,21.5
3041.0,20.78420738644902,21.090147251914974,5.937401733982563,21.0,0,-0.09014725191497419,21.06044506306348,20.5,21.5
3042.0,20.781238025318526,21.087177319081768,5.935859628521147,21.0,0,-0.08717731908176773,21.057477990749703,20.5,21.5
3043.0,20.778268949639166,21.084207672100057,5.934316810361912,21.0,0,-0.08420767210005664,21.054511202282946,20.5,21.5
3044.0,20.775300159211312,21.08123831076966,5.932773280679783,21.0,0,-0.0812383107696597,21.05154469746569,20.5,21.5
3045.0,20.772331653835607,21.078269234890673,5.931229040650223,21.0,0,-0.07826923489067283,21.048578476100804,20.5,21.5
3046.0,20.76936343331297,21.075300444263462,5.929684091449239,21.0,0,-0.07530044426346194,21.045612537991353,20.5,21.5
3047.0,20.7663954974446,21.072331938688677,5.928138434253379,21.0,0,-0.07233193868867716,21.04264688294083,20.5,21.5
3048.0,20.76342784603196,21.069363717967235,5.926592070239723,21.0,0,-0.06936371796723506,21.039681510752814,20.5,21.5
3049.0,20.7604604788768,21.066395781900333,5.9250450005859,21.0,0,-0.0663957819003329,21.03671642123131,20.5,21.5
3050.0,20.757493395781143,21.063428130289445,5.923497226470068,21.0,0,-0.06342813028944505,21.033751614180566,20.5,21.5
3051.0,20.75452659654728,21.060460762936305,5.921948749070925,21.0,0,-0.0604607629363052,21.030787089404907,20.5,21.5
3052.0,20.751560080977786,21.057493679642942,5.920399569567704,21.0,0,-0.05749367964294194,21.02782284670931,20.5,21.5
3053.0,20.748593848875505,21.05452688021165,5.918849689140171,21.0,0,-0.05452688021165031,21.024858885898734,20.5,21.5
3054.0,20.74562790004356,21.051560364445002,5.9172991089686295,21.0,0,-0.05156036444500245,21.021895206778524,20.5,21.5
3055.0,20.742662234285344,21.048594132145844,5.915747830233914,21.0,0,-0.04859413214584407,21.01893180915426,20.5,21.5
3056.0,20.739696851404535,21.045628183117294,5.914195854117388,21.0,0,-0.04562818311729444,21.015968692831798,20.5,21.5
3057.0,20.736731751205078,21.04266251716275,5.912643181800952,21.0,0,-0.042662517162749936,21.013005857617305,20.5,21.5
3058.0,20.733766933491196,21.03969713408589,5.911089814467031,21.0,0,-0.03969713408589115,21.010043303317303,20.5,21.5
3059.0,20.730802398067393,21.036732033690658,5.9095357532985835,21.0,0,-0.03673203369065803,21.007081029738327,20.5,21.5
3060.0,20.72783814473844,21.033767215781275,5.9079809994790935,21.0,0,-0.03376721578127473,21.00411903668744,20.5,21.5
3061.0,20.724874173309388,21.030802680162246,5.906425554192575,21.0,0,-0.030802680162246077,21.00115732397196,20.5,21.5
3062.0,20.721910483585564,21.027838426638347,5.904869418623566,21.0,0,-0.027838426638346903,20.998195891399355,20.5,21.5
3063.0,20.718947075372572,21.024874455014622,5.903312593957132,21.0,0,-0.024874455014622043,20.995234738777373,20.5,21.5
3064.0,20.71598394847629,21.0219107650964,5.9017550813788615,21.0,0,-0.021910765096400553,20.992273865914186,20.5,21.5
3065.0,20.713021102702868,21.01894735668929,5.900196882074871,21.0,0,-0.018947356689288597,20.98931327261817,20.5,21.5
3066.0,20.710058537858743,21.01598422959916,5.898637997231793,21.0,0,-0.015984229599158795,20.98635295869786,20.5,21.5
3067.0,20.707096253750617,21.013021383632168,5.8970784280367905,21.0,0,-0.013021383632167982,20.98339292396226,20.5,21.5
3068.0,20.704134250185476,21.010058818594747,5.895518175677539,21.0,0,-0.010058818594746555,20.980433168220532,20.5,21.5
3069.0,20.701172526970574,21.007096534293602,5.8939572413422425,21.0,0,-0.007096534293602019,20.977473691282157,20.5,21.5
3070.0,20.69821108391345,21.00413453053572,5.892395626219618,21.0,0,-0.004134530535718994,20.97451449295689,20.5,21.5
3071.0,20.69524992082191,21.001172807128356,5.890833331498904,21.0,0,-0.0011728071283556574,20.971555573054722,20.5,21.5
3072.0,20.692289037504047,20.998211363879044,5.8892703583698545,21.0,0,0.0017886361209562551,20.968596931385925,20.5,21.5
3073.0,20.68932843376822,20.995250200595592,5.887706708022745,21.0,0,0.004749799404407895,20.965638567761076,20.5,21.5
3074.0,20.68636810942307,20.99228931708609,5.88614238164836,21.0,0,0.00771068291390975,20.96268048199107,20.5,21.5
3075.0,20.683408064277515,20.989328713158905,5.884577380438003,21.0,0,0.010671286841095196,20.95972267388705,20.5,21.5
3076.0,20.680448298140746,20.98636838862267,5.88301170558349,21.0,0,0.013631611377331154,20.95676514326031,20.5,21.5
3077.0,20.677488810822236,20.983408343286307,5.881445358277153,21.0,0,0.016591656713693226,20.953807889922686,20.5,21.5
3078.0,20.674529602131727,20.980448576959006,5.879878339711831,21.0,0,0.01955142304099411,20.950850913685997,20.5,21.5
3079.0,20.671570671879245,20.97748908945024,5.878310651080876,21.0,0,0.022510910549758734,20.947894214362595,20.5,21.5
3080.0,20.668612019875084,20.974529880569754,5.876742293578156,21.0,0,0.025470119430245575,20.944937791764886,20.5,21.5
3081.0,20.665653645929826,20.971570950127575,5.875173268398037,21.0,0,0.028429049872425338,20.941981645705777,20.5,21.5
3082.0,20.66269554985432,20.96861229793399,5.8736035767354045,21.0,0,0.03138770206600938,20.93902577599815,20.5,21.5
3083.0,20.659737731459696,20.965653923799586,5.872033219785646,21.0,0,0.03434607620041419,20.936070182455538,20.5,21.5
3084.0,20.65678019055736,20.962695827535207,5.870462198744655,21.0,0,0.03730417246479334,20.933114864891415,20.5,21.5
3085.0,20.653822926959,20.95973800895199,5.868890514808834,21.0,0,0.040261991048009094,20.930159823119833,20.5,21.5
3086.0,20.650865940476567,20.956780467861343,5.867318169175089,21.0,0,0.04321953213865726,20.92720505695486,20.5,21.5
3087.0,20.647909230922306,20.95382320407494,5.8657451630408275,21.0,0,0.04617679592506008,20.92425056621091,20.5,21.5
3088.0,20.64495279810873,20.950866217404744,5.864171497603965,21.0,0,0.04913378259525558,20.92129635070279,20.5,21.5
3089.0,20.64199664184863,20.947909507663002,5.8625971740629135,21.0,0,0.052090492336997585,20.918342410245582,20.5,21.5
3090.0,20.639040761955073,20.944953074662216,5.861022193616591,21.0,0,0.0550469253377841,20.91538874465435,20.5,21.5
3091.0,20.636085158241404,20.94199691821518,5.859446557464411,21.0,0,0.05800308178481828,20.91243535374484,20.5,21.5
3092.0,20.63312983052125,20.93904103813497,5.857870266806292,21.0,0,0.06095896186502969,20.909482237332856,20.5,21.5
3093.0,20.630174778608506,20.936085434234926,5.856293322842646,21.0,0,0.06391456576507437,20.90652939523448,20.5,21.5
3094.0,20.62722000231735,20.93313010632867,5.854715726774385,21.0,0,0.06686989367133123,20.9035768272661,20.5,21.5
3095.0,20.624265501462244,20.930175054230105,5.853137479802916,21.0,0,0.06982494576989495,20.900624533244468,20.5,21.5
3096.0,20.621311275857913,20.927220277753406,5.851558583130146,21.0,0,0.07277972224659379,20.897672512986418,20.5,21.5
3097.0,20.618357325319366,20.92426577671303,5.849979037958469,21.0,0,0.07573422328697177,20.89472076630925,20.5,21.5
3098.0,20.615403649661893,20.921311550923708,5.848398845490781,21.0,0,0.07868844907629224,20.891769293030503,20.5,21.5
3099.0,20.61245024870106,20.918357600200448,5.846818006930464,21.0,0,0.08164239979955212,20.88881809296785,20.5,21.5
3100.0,20.609497122252705,20.91540392435854,5.8452365234813985,21.0,0,0.08459607564146054,20.885867165939455,20.5,21.5
3101.0,20.60654427013295,20.912450523213547,5.843654396347952,21.0,0,0.08754947678645308,20.88291651176362,20.5,21.5
3102.0,20.603591692158194,20.909497396581315,5.842071626734983,21.0,0,0.09050260341868466,20.879966130259,20.5,21.5
3103.0,20.600639388145108,20.906544544277956,5.840488215847838,21.0,0,0.09345545572204372,20.877016021244366,20.5,21.5
3104.0,20.597687357910647,20.903591966119873,5.838904164892355,21.0,0,0.09640803388012742,20.874066184539036,20.5,21.5
3105.0,20.594735601272045,20.90063966192374,5.837319475074856,21.0,0,0.09936033807625932,20.87111661996242,20.5,21.5
3106.0,20.591784118046807,20.897687631506514,5.835734147602154,21.0,0,0.1023123684934859,20.86816732733425,20.5,21.5
3107.0,20.58883290805272,20.89473587468542,5.834148183681542,21.0,0,0.10526412531458007,20.86521830647448,20.5,21.5
3108.0,20.585881971107845,20.89178439127797,5.8325615845208025,21.0,0,0.10821560872203051,20.862269557203465,20.5,21.5
3109.0,20.582931307030528,20.888833181101944,5.830974351328199,21.0,0,0.11116681889805591,20.85932107934169,20.5,21.5
3110.0,20.579980915639386,20.88588224397541,5.829386485312479,21.0,0,0.11411775602459073,20.85637287271006,20.5,21.5
3111.0,20.57703079675332,20.88293157971671,5.82779798768287,21.0,0,0.11706842028328879,20.85342493712973,20.5,21.5
3112.0,20.574080950191505,20.87998118814447,5.826208859649084,21.0,0,0.12001881185553032,20.850477272422054,20.5,21.5
3113.0,20.571131375773398,20.87703106907758,5.824619102421311,21.0,0,0.12296893092241845,20.8475298784087,20.5,21.5
3114.0,20.568182073318727,20.874081222335217,5.823028717210217,21.0,0,0.12591877766478277,20.844582754911574,20.5,21.5
3115.0,20.565233042647506,20.871131647736842,5.821437705226955,21.0,0,0.12886835226315796,20.84163590175309,20.5,21.5
3116.0,20.562284283580023,20.868182345102184,5.819846067683145,21.0,0,0.13181765489781583,20.838689318755605,20.5,21.5
3117.0,20.559335795936843,20.865233314251252,5.818253805790892,21.0,0,0.1347666857487475,20.835743005741936,20.5,21.5
3118.0,20.556387579538814,20.862284555004337,5.81666092076277,21.0,0,0.13771544499566346,20.832796962535177,20.5,21.5
3119.0,20.55343963420706,20.859336067182007,5.815067413811832,21.0,0,0.1406639328179935,20.829851188958706,20.5,21.5
3120.0,20.55049195976298,20.8563878506051,5.8134732861516,21.0,0,0.14361214939490097,20.826905684836024,20.5,21.5
3121.0,20.547544556028257,20.853439905094746,5.811878538996076,21.0,0,0.14656009490525435,20.823960449991212,20.5,21.5
3122.0,20.54459742282485,20.850492230472348,5.810283173559725,21.0,0,0.1495077695276521,20.82101548424837,20.5,21.5
3123.0,20.541650559974997,20.84754482655958,5.80868719105749,21.0,0,0.15245517344041914,20.81807078743191,20.5,21.5
3124.0,20.538703967301213,20.84459769317841,5.80709059270478,21.0,0,0.15540230682158906,20.81512635936671,20.5,21.5
3125.0,20.535757644626294,20.841650830151075,5.805493379717475,21.0,0,0.15834916984892544,20.81218219987771,20.5,21.5
3126.0,20.532811591773314,20.83870423730009,5.8038955533119205,21.0,0,0.1612957626999112,20.80923830879023,20.5,21.5
3127.0,20.52986580856562,20.835757914448244,5.802297114704932,21.0,0,0.16424208555175568,20.8062946859298,20.5,21.5
3128.0,20.526920294826848,20.832811861418612,5.80069806511379,21.0,0,0.1671881385813876,20.803351331122293,20.5,21.5
3129.0,20.523975050380905,20.829866078034552,5.799098405756241,21.0,0,0.17013392196544785,20.80040824419395,20.5,21.5
3130.0,20.52103007505198,20.82692056411969,5.797498137850492,21.0,0,0.17307943588031094,20.797465424971058,20.5,21.5
3131.0,20.51808536866454,20.823975319497936,5.795897262615221,21.0,0,0.17602468050206355,20.79452287328041,20.5,21.5
3132.0,20.51514093104333,20.821030343993478,5.794295781269561,21.0,0,0.17896965600652237,20.79158058894889,20.5,21.5
3133.0,20.512196762013374,20.81808563743078,5.792693695033112,21.0,0,0.1819143625692199,20.788638571803805,20.5,21.5
3134.0,20.50925286139998,20.815141199634596,5.79109100512593,21.0,0,0.18485880036540436,20.78569682167275,20.5,21.5
3135.0,20.506309229028723,20.812197030429946,5.789487712768535,21.0,0,0.18780296957005405,20.78275533838345,20.5,21.5
3136.0,20.50336586472547,20.80925312964213,5.787883819181903,21.0,0,0.19074687035787008,20.77981412176397,20.5,21.5
3137.0,20.500422768316362,20.806309497096738,5.7862793255874685,21.0,0,0.19369050290326228,20.776873171642816,20.5,21.5
3138.0,20.497479939627816,20.803366132619626,5.784674233207123,21.0,0,0.19663386738037403,20.77393248784851,20.5,21.5
3139.0,20.49453737848653,20.80042303603694,5.783068543263216,21.0,0,0.1995769639630609,20.77099207021007,20.5,21.5
3140.0,20.491595084719485,20.79748020717509,5.781462256978547,21.0,0,0.2025197928249085,20.768051918556615,20.5,21.5
3141.0,20.488653058153936,20.794537645860782,5.779855375576377,21.0,0,0.2054623541392182,20.765112032717685,20.5,21.5
3142.0,20.48571129861742,20.791595351920996,5.778247900280412,21.0,0,0.2084046480790036,20.762172412523142,20.5,21.5
3143.0,20.482769805937753,20.788653325182985,5.776639832314818,21.0,0,0.2113466748170154,20.759233057802867,20.5,21.5
3144.0,20.479828579943028,20.78571156547428,5.775031172904207,21.0,0,0.2142884345257201,20.756293968387233,20.5,21.5
3145.0,20.47688762046162,20.782770072622707,5.7734219232736415,21.0,0,0.21722992737729285,20.75335514410698,20.5,21.5
3146.0,20.473946927322185,20.779828846456358,5.771812084648637,21.0,0,0.22017115354364236,20.750416584792863,20.5,21.5
3147.0,20.47100650035365,20.776887886803603,5.770201658255157,21.0,0,0.22311211319639668,20.74747829027606,20.5,21.5
3148.0,20.468066339385228,20.773947193493097,5.768590645319607,21.0,0,0.22605280650690318,20.744540260388032,20.5,21.5
3149.0,20.465126444246415,20.771006766353775,5.766979047068848,21.0,0,0.22899323364622504,20.741602494960556,20.5,21.5
3150.0,20.46218681476698,20.768066605214848,5.76536686473018,21.0,0,0.23193339478515185,20.73866499382558,20.5,21.5
3151.0,20.459247450776974,20.765126709905804,5.76375409953135,21.0,0,0.2348732900941961,20.73572775681536,20.5,21.5
3152.0,20.456308352106724,20.762187080256417,5.762140752700549,21.0,0,0.23781291974358254,20.732790783762553,20.5,21.5
3153.0,20.453369518586843,20.75924771609674,5.7605268254664095,21.0,0,0.24075228390325876,20.72985407449998,20.5,21.5
3154.0,20.45043095004822,20.756308617257098,5.758912319058011,21.0,0,0.24369138274290236,20.72691762886066,20.5,21.5
3155.0,20.447492646322022,20.75336978356811,5.757297234704866,21.0,0,0.24663021643188898,20.723981446678245,20.5,21.5
3156.0,20.4445546072397,20.750431214860658,5.7556815736369344,21.0,0,0.249568785139342,20.721045527786128,20.5,21.5
3157.0,20.441616832632977,20.74749291096591,5.7540653370846115,21.0,0,0.2525070890340899,20.71810987201843,20.5,21.5
3158.0,20.43867932233387,20.744554871715316,5.752448526278731,21.0,0,0.25544512828468413,20.715174479209374,20.5,21.5
3159.0,20.43574207617466,20.741617096940605,5.750831142450567,21.0,0,0.2583829030593954,20.712239349193492,20.5,21.5
3160.0,20.432805093987913,20.73867958647378,5.749213186831825,21.0,0,0.2613204135262208,20.709304481805525,20.5,21.5
3161.0,20.429868375606482,20.735742340147134,5.747594660654649,21.0,0,0.2642576598528663,20.70636987688068,20.5,21.5
3162.0,20.426931920863492,20.73280535779324,5.7459755651516184,21.0,0,0.2671946422067606,20.703435534254297,20.5,21.5
3163.0,20.42399572959235,20.729868639244934,5.7443559015557435,21.0,0,0.27013136075506594,20.70050145376188,20.5,21.5
3164.0,20.421059801626743,20.72693218433535,5.742735671100469,21.0,0,0.27306781566464977,20.697567635239512,20.5,21.5
3165.0,20.41812413680064,20.723995992897898,5.741114875019672,21.0,0,0.2760040071021024,20.69463407852337,20.5,21.5
3166.0,20.415188734948284,20.721060064766256,5.739493514547659,21.0,0,0.27893993523374405,20.69170078344984,20.5,21.5
3167.0,20.412253595904204,20.7181243997744,5.737871590919164,21.0,0,0.2818756002256002,20.688767749855838,20.5,21.5
3168.0,20.409318719503208,20.715188997756574,5.736249105369357,21.0,0,0.28481100224342626,20.685834977578313,20.5,21.5
3169.0,20.406384105580383,20.712253858547303,5.734626059133825,21.0,0,0.28774614145269695,20.682902466454596,20.5,21.5
3170.0,20.403449753971092,20.70931898198139,5.733002453448595,21.0,0,0.2906810180186099,20.67997021632226,20.5,21.5
3171.0,20.400515664510987,20.706384367893932,5.731378289550109,21.0,0,0.2936156321060679,20.677038227019352,20.5,21.5
3172.0,20.397581837035993,20.703450016120293,5.72975356867524,21.0,0,0.2965499838797072,20.6741064983839,20.5,21.5
3173.0,20.39464827138232,20.700515926496116,5.728128292061283,21.0,0,0.2994840735038835,20.671175030254354,20.5,21.5
3174.0,20.391714967386456,20.697582098857332,5.726502460945957,21.0,0,0.3024179011426682,20.668243822469485,20.5,21.5
3175.0,20.38878192488517,20.694648533040144,5.724876076567403,21.0,0,0.3053514669598556,20.66531287486827,20.5,21.5
3176.0,20.385849143715507,20.691715228881048,5.723249140164185,21.0,0,0.30828477111895225,20.66238218729008,20.5,21.5
3177.0,20.3829166237148,20.68878218621681,5.721621652975284,21.0,0,0.31121781378319113,20.65945175957442,20.5,21.5
3178.0,20.379984364720652,20.685849404884475,5.719993616240103,21.0,0,0.31415059511552457,20.65652159156114,20.5,21.5
3179.0,20.377052366570958,20.682916884721376,5.718365031198462,21.0,0,0.3170831152786242,20.65359168309038,20.5,21.5
3180.0,20.37412062910388,20.67998462556512,5.716735899090601,21.0,0,0.32001537443488104,20.65066203400255,20.5,21.5
3181.0,20.37118915215788,20.67705262725359,5.715106221157173,21.0,0,0.32294737274640894,20.647732644138312,20.5,21.5
3182.0,20.368257935571677,20.674120889624966,5.71347599863925,21.0,0,0.32587911037503403,20.644803513338715,20.5,21.5
3183.0,20.36532697918429,20.67118941251769,5.711845232778318,21.0,0,0.32881058748230885,20.641874641444943,20.5,21.5
3184.0,20.362396282835007,20.6682581957705,5.710213924816275,21.0,0,0.3317418042295017,20.63894602829857,20.5,21.5
3185.0,20.359465846363403,20.665327239222403,5.708582075995432,21.0,0,0.3346727607775968,20.636017673741453,20.5,21.5
3186.0,20.35653566960933,20.662396542712692,5.706949687558515,21.0,0,0.3376034572873081,20.63308957761558,20.5,21.5
3187.0,20.353605752412918,20.65946610608094,5.705316760748657,21.0,0,0.34053389391905853,20.630161739763437,20.5,21.5
3188.0,20.350676094614585,20.656535929167,5.703683296809404,21.0,0,0.3434640708330008,20.627234160027577,20.5,21.5
3189.0,20.347746696055022,20.653606011811004,5.702049296984709,21.0,0,0.34639398818899636,20.624306838251048,20.5,21.5
3190.0,20.344817556575208,20.650676353853363,5.700414762518935,21.0,0,0.3493236461466367,20.62137977427696,20.5,21.5
3191.0,20.341888676016396,20.647746955134778,5.69877969465685,21.0,0,0.3522530448652219,20.618452967948926,20.5,21.5
3192.0,20.338960054220124,20.644817815496218,5.6971440946436305,21.0,0,0.35518218450378214,20.615526419110616,20.5,21.5
3193.0,20.336031691028207,20.641888934778944,5.6955079637248565,21.0,0,0.3581110652210562,20.612600127606203,20.5,21.5
3194.0,20.333103586282746,20.638960312824487,5.693871303146511,21.0,0,0.3610396871755128,20.60967409327992,20.5,21.5
3195.0,20.330175739826117,20.63603194947467,5.692234114154987,21.0,0,0.36396805052532955,20.606748315976503,20.5,21.5
3196.0,20.32724815150098,20.633103844571586,5.690596397997069,21.0,0,0.3668961554284138,20.603822795540744,20.5,21.5
3197.0,20.32432082115028,20.63017599795762,5.688958155919954,21.0,0,0.36982400204238175,20.60089753181794,20.5,21.5
3198.0,20.321393748617233,20.627248409475424,5.687319389171233,21.0,0,0.37275159052457596,20.597972524653482,20.5,21.5
3199.0,20.318466933745345,20.624321078967945,5.685680098998897,21.0,0,0.3756789210320548,20.595047773893157,20.5,21.5
3200.0,20.315540376378397,20.6213940062784,5.684040286651338,21.0,0,0.37860599372159953,20.592123279382953,20.5,21.5
3201.0,20.31261407636045,20.618467191250293,5.682399953377344,21.0,0,0.3815328087497072,20.589199040969216,20.5,21.5
3202.0,20.309688033535853,20.615540633727406,5.6807591004260996,21.0,0,0.38445936627259414,20.586275058498536,20.5,21.5
3203.0,20.30676224774923,20.612614333553804,5.679117729047189,21.0,0,0.3873856664461961,20.583351331817784,20.5,21.5
3204.0,20.30383671884549,20.609688290573832,5.677475840490582,21.0,0,0.3903117094261681,20.580427860774112,20.5,21.5
3205.0,20.30091144666982,20.606762504632115,5.675833436006655,21.0,0,0.39323749536788455,20.57750464521495,20.5,21.5
3206.0,20.297986431067685,20.603836975573564,5.674190516846164,21.0,0,0.3961630244264356,20.574581684988054,20.5,21.5
3207.0,20.29506167188484,20.600911703243362,5.672547084260268,21.0,0,0.3990882967566378,20.57165897994134,20.5,21.5
3208.0,20.292137168967315,20.597986687486976,5.67090313950051,21.0,0,0.40201331251302364,20.568736529923118,20.5,21.5
3209.0,20.289212922161422,20.595061928150166,5.669258683818827,21.0,0,0.4049380718498341,20.56581433478206,20.5,21.5
3210.0,20.286288931313752,20.592137425078953,5.667613718467542,21.0,0,0.4078625749210474,20.56289239436682,20.5,21.5
3211.0,20.283365196271184,20.589213178119657,5.6659682446993695,21.0,0,0.4107868218803432,20.5599707085267,20.5,21.5
3212.0,20.28044171688087,20.586289187118858,5.664322263767406,21.0,0,0.413710812881142,20.55704927711087,20.5,21.5
3213.0,20.277518492990247,20.58336545192345,5.662675776925143,21.0,0,0.4166345480765514,20.554128099969354,20.5,21.5
3214.0,20.274595524447033,20.58044197238057,5.6610287854264465,21.0,0,0.4195580276194306,20.551207176951777,20.5,21.5
3215.0,20.27167281109923,20.577518748337667,5.659381290525575,21.0,0,0.4224812516623331,20.548286507908642,20.5,21.5
3216.0,20.268750352795113,20.574595779642454,5.6577332934771665,21.0,0,0.4254042203575459,20.545366092690326,20.5,21.5
3217.0,20.26582814938325,20.571673066142928,5.656084795536244,21.0,0,0.4283269338570719,20.542445931147668,20.5,21.5
3218.0,20.26290620071248,20.568750607687374,5.654435797958208,21.0,0,0.43124939231262616,20.53952602313183,20.5,21.5
3219.0,20.259984506631927,20.565828404124353,5.6527863019988445,21.0,0,0.4341715958756467,20.536606368494148,20.5,21.5
3220.0,20.257063066991,20.562906455302706,5.651136308914313,21.0,0,0.43709354469729433,20.53368696708623,20.5,21.5
3221.0,20.254141881639388,20.559984761071558,5.64948581996116,21.0,0,0.4400152389284422,20.53076781876008,20.5,21.5
3222.0,20.25122095042705,20.557063321280317,5.647834836396299,21.0,0,0.4429366787196827,20.527848923367912,20.5,21.5
3223.0,20.248300273204244,20.554142135778672,5.64618335947703,21.0,0,0.44585786422132756,20.524930280762224,20.5,21.5
3224.0,20.245379849821497,20.55122120441659,5.644531390461022,21.0,0,0.4487787955834115,20.52201189079575,20.5,21.5
3225.0,20.242459680129624,20.54830052704431,5.642878930606323,21.0,0,0.45169947295568846,20.519093753321542,20.5,21.5
3226.0,20.23953976397972,20.54538010351238,5.6412259811713525,21.0,0,0.45461989648762113,20.516175868193052,20.5,21.5
3227.0,20.23662010122316,20.5424599336716,5.639572543414903,21.0,0,0.4575400663283986,20.513258235263827,20.5,21.5
3228.0,20.233700691711597,20.53954001737307,5.6379186185961405,21.0,0,0.46045998262692933,20.510340854387763,20.5,21.5
3229.0,20.230781535296973,20.536620354468162,5.636264207974598,21.0,0,0.4633796455318375,20.50742372541908,20.5,21.5
3230.0,20.22786263183151,20.53370094480854,5.634609312810184,21.0,0,0.46629905519145964,20.50450684821232,20.5,21.5
3231.0,20.224943981167705,20.530781788246138,5.632953934363172,21.0,0,0.46921821175386214,20.501590222622113,20.5,21.5
3232.0,20.222025583158345,20.527862884633176,5.631298073894206,21.0,1,0.4721371153668237,20.49867384850356,20.5,21.5
3233.0,20.239107437656493,20.528944233822155,5.629641732664291,21.0,1,0.4710557661778445,20.539757725711947,20.5,21.5
3234.0,20.256185544515496,20.53402503566586,5.62798491193481,21.0,1,0.46597496433414065,20.584833054102898,20.5,21.5
3235.0,20.27325990438898,20.543104490177353,5.626327612967499,21.0,1,0.4568955098226475,20.633899035292284,20.5,21.5
3236.0,20.290330517930695,20.556181797529952,5.624669837024466,21.0,1,0.4438182024700481,20.686954871055946,20.5,21.5
3237.0,20.307397385794513,20.573256158057184,5.623011585368176,21.0,1,0.426743841942816,20.743999763329505,20.5,21.5
3238.0,20.324460508634427,20.59032677225277,5.621352859261464,21.0,1,0.4096732277472306,20.761032914208624,20.5,21.5
3239.0,20.341519887104553,20.607393640770578,5.619693659967519,21.0,1,0.392606359229422,20.778062325948664,20.5,21.5
3240.0,20.358575521859127,20.624456764264608,5.618033988749895,21.0,1,0.3755432357353925,20.795087999204902,20.5,21.5
3241.0,20.375627413552504,20.64151614338897,5.616373846872504,21.0,1,0.35848385661103066,20.812109934632588,20.5,21.5
3242.0,20.39267556283917,20.6585717787979,5.6147132355996145,21.0,1,0.3414282212021007,20.8291281328872,20.5,21.5
3243.0,20.40971997037372,20.67562367114576,5.613052156195855,21.0,1,0.32437632885423895,20.84614259462438,20.5,21.5
3244.0,20.426760636810886,20.692671821087025,5.611390609926212,21.0,1,0.30732817891297515,20.863153320499663,20.5,21.5
3245.0,20.44379756280551,20.709716229276303,5.609728598056021,21.0,1,0.29028377072369693,20.880160311169085,20.5,21.5
3246.0,20.460830749012562,20.726756896368315,5.608066121850982,21.0,1,0.27324310363168536,20.89716356728843,20.5,21.5
3247.0,20.47786019608713,20.743793823017906,5.606403182577136,21.0,1,0.2562061769820936,20.914163089513824,20.5,21.5
3248.0,20.494885904684427,20.760827009880046,5.604739781500889,21.0,1,0.23917299011995397,20.931158878501442,20.5,21.5
3249.0,20.51190787545979,20.77785645760983,5.603075919888992,21.0,1,0.22214354239017098,20.94815093490766,20.5,21.5
3250.0,20.528926109068678,20.79488216686246,5.6014115990085465,21.0,1,0.20511783313753895,20.96513925938878,20.5,21.5
3251.0,20.545940606166667,20.811904138293283,5.599746820127007,21.0,1,0.18809586170671722,20.9821238526015,20.5,21.5
3252.0,20.562951367409458,20.82892237255775,5.598081584512174,21.0,1,0.1710776274422514,20.999104715202407,20.5,21.5
3253.0,20.579958393452877,20.84593687031144,5.596415893432196,21.0,1,0.15406312968855929,21.016081847848362,20.5,21.5
3254.0,20.596961684952873,20.86294763221006,5.594749748155572,21.0,1,0.13705236778994134,21.033055251196238,20.5,21.5
3255.0,20.613961242565512,20.879954658909423,5.593083149951142,21.0,1,0.1200453410905773,21.050024925903063,20.5,21.5
3256.0,20.63095706694699,20.896957951065488,5.591416100088093,21.0,1,0.10304204893451185,21.066990872626143,20.5,21.5
3257.0,20.64794915875362,20.913957509334317,5.589748599835958,21.0,1,0.08604249066568315,21.083953092022604,20.5,21.5
3258.0,20.664937518641835,20.93095333437211,5.588080650464608,21.0,1,0.06904666562789075,21.100911584750033,20.5,21.5
3259.0,20.6819221472682,20.947945426835176,5.586412253244261,21.0,1,0.05205457316482409,21.117866351465842,20.5,21.5
3260.0,20.698903045289395,20.964933787379955,5.584743409445474,21.0,1,0.03506621262004472,21.13481739282775,20.5,21.5
3261.0,20.715880213362226,20.981918416663,5.583074120339143,21.0,1,0.018081583337000495,21.151764709493442,20.5,21.5
3262.0,20.73285365214362,20.998899315341,5.581404387196505,21.0,1,0.0011006846590007058,21.168708302120997,20.5,21.5
3263.0,20.74982336229063,21.015876484070763,5.579734211289135,21.0,1,-0.015876484070762586,21.185648171368396,20.5,21.5
3264.0,20.76678934446043,21.032849923509207,5.578063593888944,21.0,1,-0.03284992350920746,21.202584317893656,20.5,21.5
3265.0,20.783751599310317,21.04981963431339,5.5763925362681785,21.0,1,-0.04981963431339054,21.21951674235522,20.5,21.5
3266.0,20.80071012749771,21.06678561714049,5.5747210396994245,21.0,1,-0.06678561714048925,21.236445445411476,20.5,21.5
3267.0,20.81766492968015,21.08374787264779,5.573049105455597,21.0,1,-0.08374787264779116,21.25337042772081,20.5,21.5
3268.0,20.834616006515304,21.100706401492726,5.571376734809947,21.0,1,-0.10070640149272592,21.270291689942074,20.5,21.5
3269.0,20.851563358660965,21.117661204332833,5.569703929036059,21.0,1,-0.11766120433283334,21.287209232733908,20.5,21.5
3270.0,20.86850698677504,21.134612281825778,5.568030689407845,21.0,1,-0.13461228182577756,21.30412305675522,20.5,21.5
3271.0,20.885446891515564,21.15155963462935,5.566357017199552,21.0,1,-0.15155963462935063,21.32103316266508,20.5,21.5
3272.0,20.9023830735407,21.168503263401462,5.564682913685753,21.0,1,-0.16850326340146182,21.337939551122574,20.5,21.5
3273.0,20.91931553350873,21.18544316880015,5.563008380141351,21.0,1,-0.18544316880014833,21.354842222787013,20.5,21.5
3274.0,20.936244272078056,21.202379351483565,5.561333417841575,21.0,1,-0.20237935148356456,21.371741178317727,20.5,21.5
3275.0,20.95316928990721,21.21931181211,5.5596580280619845,21.0,1,-0.21931181210999995,21.388636418374354,20.5,21.5
3276.0,20.970090587654838,21.23624055133785,5.557982212078458,21.0,1,-0.2362405513378505,21.405527943616356,20.5,21.5
3277.0,20.987008165979724,21.253165569825658,5.556305971167206,21.0,1,-0.25316556982565785,21.42241575470373,20.5,21.5
3278.0,21.00392202554076,21.270086868232063,5.554629306604755,21.0,1,-0.2700868682320632,21.439299852296116,20.5,21.5
3279.0,21.02083216699697,21.287004447215846,5.5529522196679615,21.0,1,-0.28700444721584617,21.456180237053676,20.5,21.5
3280.0,21.037738591007507,21.303918307435907,5.551274711633998,21.0,1,-0.3039183074359073,21.47305690963652,20.5,21.5
3281.0,21.054641298231633,21.320828449551264,5.549596783780362,21.0,1,-0.3208284495512643,21.489929870704835,20.5,21.5
3282.0,21.071540289328745,21.33773487422107,5.547918437384865,21.0,0,-0.33773487422106996,21.506799120919126,20.5,21.5
3283.0,21.068435564958357,21.35063758210459,5.546239673725644,21.0,0,-0.3506375821045893,21.479664660939783,20.5,21.5
3284.0,21.06533112578011,21.35953737386122,5.544560494081148,21.0,0,-0.35953737386121887,21.448535291427515,20.5,21.5
3285.0,21.062226971653768,21.36443504999047,5.542880899730149,21.0,0,-0.36443504999046894,21.41341181128297,20.5,21.5
3286.0,21.059123102439383,21.36533141083202,5.5412008919517275,21.0,0,-0.36533141083202025,21.374295019247533,20.5,21.5
3287.0,21.056019517997285,21.362227256565728,5.539520472025285,21.0,0,-0.36222725656572763,21.3311857139028,20.5,21.5
3288.0,21.05291621818809,21.359123387211675,5.537839641230532,21.0,0,-0.3591233872116746,21.328084693671144,20.5,21.5
3289.0,21.0498132028727,21.356019802630193,5.536158400847496,21.0,0,-0.3560198026301933,21.32498395681538,20.5,21.5
3290.0,21.046710471912295,21.3529165026819,5.534476752156514,21.0,0,-0.3529165026819001,21.32188350319897,20.5,21.5
3291.0,21.043608025168343,21.349813487227692,5.532794696438235,21.0,0,-0.3498134872276921,21.318783332685612,20.5,21.5
3292.0,21.040505862502595,21.346710756128754,5.531112234973618,21.0,0,-0.3467107561287541,21.315683445139374,20.5,21.5
3293.0,21.03740398377709,21.343608309246555,5.52942936904393,21.0,0,-0.34360830924655517,21.312583840424566,20.5,21.5
3294.0,21.034302388854144,21.340506146442845,5.527746099930746,21.0,0,-0.34050614644284494,21.309484518405743,20.5,21.5
3295.0,21.03120107759636,21.33740426757966,5.52606242891595,21.0,0,-0.3374042675796609,21.30638547894782,20.5,21.5
3296.0,21.028100049866623,21.334302672519318,5.52437835728173,21.0,0,-0.33430267251931767,21.303286721915885,20.5,21.5
3297.0,21.024999305528105,21.33120136112442,5.522693886310579,21.0,0,-0.3312013611244211,21.300188247175456,20.5,21.5
3298.0,21.021898844444262,21.328100333257854,5.521009017285297,21.0,0,-0.32810033325785426,21.297090054592186,20.5,21.5
3299.0,21.01879866647883,21.32499958878279,5.519323751488983,21.0,0,-0.32499958878279145,21.293992144032163,20.5,21.5
3300.0,21.01569877149583,21.321899127562684,5.517638090205042,21.0,0,-0.32189912756268413,21.29089451536161,20.5,21.5
3301.0,21.012599159359574,21.318798949461275,5.515952034717176,21.0,0,-0.31879894946127507,21.287797168447185,20.5,21.5
3302.0,21.009499829934647,21.315699054342584,5.514265586309392,21.0,0,-0.31569905434258416,21.284700103155675,20.5,21.5
3303.0,21.006400783085923,21.312599442070916,5.512578746265993,21.0,0,-0.3125994420709155,21.28160331935423,20.5,21.5
3304.0,21.003302018678557,21.30950011251086,5.510891515871581,21.0,0,-0.30950011251086096,21.278506816910316,20.5,21.5
3305.0,21.000203536577995,21.306401065527293,5.509203896411055,21.0,0,-0.30640106552729307,21.275410595691614,20.5,21.5
3306.0,20.997105336649962,21.303302300985372,5.507515889169611,21.0,0,-0.30330230098537214,21.272314655566163,20.5,21.5
3307.0,20.994007418760468,21.300203818750536,5.50582749543274,21.0,0,-0.3002038187505356,21.26921899640217,20.5,21.5
3308.0,20.9909097827758,21.297105618688512,5.504138716486228,21.0,0,-0.29710561868851215,21.266123618068278,20.5,21.5
3309.0,20.987812428562545,21.29400770066531,5.502449553616151,21.0,0,-0.29400770066531123,21.263028520433302,20.5,21.5
3310.0,20.984715355987557,21.290910064547223,5.500760008108884,21.0,0,-0.2909100645472229,21.25993370336634,20.5,21.5
3311.0,20.98161856491798,21.287812710200825,5.499070081251085,21.0,0,-0.287812710200825,21.256839166736846,20.5,21.5
3312.0,20.978522055221248,21.28471563749298,5.497379774329709,21.0,0,-0.28471563749297957,21.253744910414525,20.5,21.5
3313.0,20.97542582676507,21.281618846290833,5.495689088632,21.0,0,-0.2816188462908329,21.250650934269366,20.5,21.5
3314.0,20.97232987941744,21.278522336461812,5.493998025445486,21.0,0,-0.2785223364618119,21.247557238171602,20.5,21.5
3315.0,20.969234213046647,21.27542610787363,5.492306586057986,21.0,0,-0.2754261078736313,21.244463821991825,20.5,21.5
3316.0,20.96613882752125,21.272330160394283,5.490614771757605,21.0,0,-0.2723301603942829,21.2413706856008,20.5,21.5
3317.0,20.963043722710097,21.269234493892053,5.488922583832733,21.0,0,-0.26923449389205345,21.23827782886976,20.5,21.5
3318.0,20.95994889848232,21.266139108235503,5.487230023572046,21.0,0,-0.26613910823550313,21.23518525167,20.5,21.5
3319.0,20.95685435470734,21.263044003293484,5.485537092264499,21.0,0,-0.26304400329348354,21.232092953873288,20.5,21.5
3320.0,20.95376009125485,21.259949178935123,5.483843791199336,21.0,0,-0.25994917893512337,21.22900093535152,20.5,21.5
3321.0,20.950666107994838,21.256854635029846,5.482150121666077,21.0,0,-0.2568546350298462,21.225909195977074,20.5,21.5
3322.0,20.947572404797572,21.253760371447342,5.480456084954528,21.0,0,-0.253760371447342,21.2228177356223,20.5,21.5
3323.0,20.944478981533603,21.2506663880576,5.478761682354769,21.0,0,-0.2506663880575992,21.21972655416017,20.5,21.5
3324.0,20.941385838073767,21.247572684730883,5.477066915157162,21.0,0,-0.24757268473088345,21.216635651463726,20.5,21.5
3325.0,20.938292974289183,21.24447926133775,5.475371784652346,21.0,0,-0.24447926133775155,21.213545027406433,20.5,21.5
3326.0,20.935200390051257,21.241386117749034,5.473676292131238,21.0,0,-0.24138611774903396,21.210454681861858,20.5,21.5
3327.0,20.932108085231672,21.238293253835856,5.471980438885026,21.0,0,-0.23829325383585598,21.207364614704076,20.5,21.5
3328.0,20.929016059702402,21.235200669469613,5.470284226205181,21.0,0,-0.23520066946961293,21.204274825807182,20.5,21.5
3329.0,20.925924313335702,21.232108364522002,5.468587655383438,21.0,0,-0.23210836452200212,21.201185315045894,20.5,21.5
3330.0,20.922832846004113,21.229016338864987,5.466890727711811,21.0,0,-0.2290163388649873,21.19809608229484,20.5,21.5
3331.0,20.919741657580452,21.225924592370827,5.465193444482585,21.0,0,-0.22592459237082707,21.195007127429225,20.5,21.5
3332.0,20.916650747937833,21.22283312491206,5.463495806988315,21.0,0,-0.22283312491206075,21.191918450324398,20.5,21.5
3333.0,20.913560116949643,21.21974193636151,5.461797816521825,21.0,0,-0.2197419363615083,21.188830050855984,20.5,21.5
3334.0,20.91046976448956,21.21665102659228,5.460099474376209,21.0,0,-0.21665102659228097,21.185741928900008,20.5,21.5
3335.0,20.907379690431537,21.213560395477764,5.458400781844828,21.0,0,-0.21356039547776362,21.18265408433259,20.5,21.5
3336.0,20.904289894649818,21.210470042891636,5.456701740221312,21.0,0,-0.21047004289163596,21.17956651703036,20.5,21.5
3337.0,20.90120037701893,21.20737996870786,5.455002350799552,21.0,0,-0.20737996870785835,21.176479226870082,20.5,21.5
3338.0,20.898111137413686,21.204290172800665,5.45330261487371,21.0,0,-0.20429017280066475,21.17339221372873,20.5,21.5
3339.0,20.89502217570918,21.20120065504459,5.451602533738208,21.0,0,-0.20120065504459106,21.170305477483854,20.5,21.5
3340.0,20.891933491780787,21.19811141531444,5.449902108687731,21.0,0,-0.19811141531443965,21.167219018012926,20.5,21.5
3341.0,20.88884508550417,21.19502245348531,5.448201341017226,21.0,0,-0.19502245348531133,21.164132835194028,20.5,21.5
3342.0,20.885756956755273,21.191933769432577,5.4465002320219025,21.0,0,-0.1919337694325769,21.161046928905233,20.5,21.5
3343.0,20.882669105410326,21.188845363031906,5.44479878299723,21.0,0,-0.18884536303190558,21.157961299025192,20.5,21.5
3344.0,20.879581531345842,21.185757234159237,5.4430969952389345,21.0,0,-0.18575723415923662,21.154875945432547,20.5,21.5
3345.0,20.87649423443862,21.182669382690804,5.441394870043002,21.0,0,-0.18266938269080413,21.15179086800648,20.5,21.5
3346.0,20.87340721456574,21.17958180850312,5.4396924087056755,21.0,0,-0.17958180850311933,21.14870606662627,20.5,21.5
3347.0,20.87032047160457,21.176494511472978,5.4379896125234515,21.0,0,-0.17649451147297768,21.14562154117156,20.5,21.5
3348.0,20.867234005432753,21.173407491477462,5.436286482793085,21.0,0,-0.17340749147746237,21.14253729152231,20.5,21.5
3349.0,20.864147815928224,21.17032074839394,5.4345830208115835,21.0,0,-0.17032074839394085,21.139453317558726,20.5,21.5
3350.0,20.8610619029692,21.167234282100054,5.432879227876206,21.0,0,-0.1672342821000541,21.136369619161187,20.5,21.5
3351.0,20.857976266434182,21.164148092473745,5.431175105284466,21.0,0,-0.16414809247374507,21.133286196210655,20.5,21.5
3352.0,20.854890906201952,21.16106217939322,5.429470654334127,21.0,0,-0.16106217939321965,21.130203048587965,20.5,21.5
3353.0,20.85180582215158,21.157976542736986,5.4277658763232015,21.0,0,-0.1579765427369857,21.127120176174646,20.5,21.5
3354.0,20.848721014162415,21.154891182383825,5.4260607725499534,21.0,0,-0.1548911823838246,21.124037578852214,20.5,21.5
3355.0,20.84563648211409,21.151806098212802,5.424355344312893,21.0,0,-0.151806098212802,21.120955256502576,20.5,21.5
3356.0,20.842552225886532,21.14872129010327,5.422649592910778,21.0,0,-0.1487212901032713,21.117873209007964,20.5,21.5
3357.0,20.83946824535994,21.145636757934867,5.420943519642612,21.0,0,-0.14563675793486652,21.11479143625082,20.5,21.5
3358.0,20.836384540414794,21.14255250158751,5.419237125807643,21.0,0,-0.14255250158750954,21.11170993811394,20.5,21.5
3359.0,20.833301110931874,21.139468520941403,5.417530412705368,21.0,0,-0.13946852094140283,21.108628714480336,20.5,21.5
3360.0,20.83021795679223,21.13638481587703,5.415823381635518,21.0,0,-0.13638481587702955,21.105547765233297,20.5,21.5
3361.0,20.827135077877198,21.13330138627516,5.414116033898077,21.0,0,-0.13330138627516064,21.10246709025647,20.5,21.5
3362.0,20.824052474068402,21.130218232016855,5.412408370793259,21.0,0,-0.13021823201685478,21.099386689433796,20.5,21.5
3363.0,20.82097014524775,21.127135352983448,5.410700393621528,21.0,0,-0.1271353529834478,21.096306562649378,20.5,21.5
3364.0,20.817888091297423,21.124052749056556,5.408992103683581,21.0,0,-0.12405274905655617,21.09322670978764,20.5,21.5
3365.0,20.8148063120999,21.12097042011809,5.407283502280356,21.0,0,-0.12097042011809123,21.090147130733442,20.5,21.5
3366.0,20.811724807537935,21.117888366050238,5.405574590713025,21.0,0,-0.11788836605023789,21.087067825371705,20.5,21.5
3367.0,20.80864357749457,21.114806586735472,5.403865370283002,21.0,0,-0.1148065867354724,21.083988793587817,20.5,21.5
3368.0,20.805562621853127,21.111725082056545,5.402155842291929,21.0,0,-0.11172508205654452,21.080910035267266,20.5,21.5
3369.0,20.802481940497216,21.108643851896506,5.4004460080416905,21.0,0,-0.10864385189650605,21.07783155029612,20.5,21.5
3370.0,20.799401533310725,21.10556289613867,5.398735868834395,21.0,0,-0.10556289613867165,21.074753338560328,20.5,21.5
3371.0,20.79632140017783,21.102482214666647,5.39702542597239,21.0,0,-0.10248221466664731,21.071675399946404,20.5,21.5
3372.0,20.79324154098299,21.09940180736433,5.395314680758252,21.0,0,-0.09940180736433035,21.06859773434116,20.5,21.5
3373.0,20.790161955610944,21.09632167411589,5.393603634494789,21.0,0,-0.09632167411589165,21.065520341631505,20.5,21.5
3374.0,20.78708264394672,21.093241814805797,5.391892288485036,21.0,0,-0.09324181480579696,21.06244322170485,20.5,21.5
3375.0,20.78400360587563,21.090162229318775,5.390180644032257,21.0,0,-0.09016222931877493,21.059366374448555,20.5,21.5
3376.0,20.78092484128326,21.087082917539863,5.388468702439944,21.0,0,-0.0870829175398633,21.056289799750747,20.5,21.5
3377.0,20.77784635005549,21.084003879354363,5.386756465011816,21.0,0,-0.08400387935436271,21.053213497499357,20.5,21.5
3378.0,20.77476813207848,21.080925114647876,5.385043933051815,21.0,0,-0.08092511464787577,21.050137467583006,20.5,21.5
3379.0,20.771690187238676,21.077846623306264,5.38333110786411,21.0,0,-0.07784662330626446,21.04706170989015,20.5,21.5
3380.0,20.768612515422802,21.0747684052157,5.38161799075309,21.0,0,-0.07476840521569983,21.043986224310054,20.5,21.5
3381.0,20.765535116517867,21.071690460262623,5.379904583023369,21.0,0,-0.07169046026262293,21.040911010731854,20.5,21.5
3382.0,20.762457990411168,21.06861278833376,5.378190885979783,21.0,0,-0.06861278833375906,21.03783606904512,20.5,21.5
3383.0,20.75938113699028,21.065535389316118,5.3764769009273845,21.0,0,-0.06553538931611769,21.034761399139704,20.5,21.5
3384.0,20.756304556143068,21.062458263096996,5.37476262917145,21.0,0,-0.06245826309699609,21.03168700090578,20.5,21.5
3385.0,20.753228247757672,21.059381409563972,5.373048072017469,21.0,0,-0.0593814095639722,21.028612874233733,20.5,21.5
3386.0,20.750152211722526,21.056304828604905,5.371333230771154,21.0,0,-0.0563048286049046,21.02553901901423,20.5,21.5
3387.0,20.747076447926336,21.05322852010794,5.369618106738431,21.0,0,-0.05322852010793966,21.02246543513829,20.5,21.5
3388.0,20.7440009562581,21.050152483961504,5.36790270122544,21.0,0,-0.0501524839615044,21.019392122497152,20.5,21.5
3389.0,20.740925736607092,21.04707672005431,5.3661870155385385,21.0,0,-0.04707672005431007,21.016319080982367,20.5,21.5
3390.0,20.73785078886288,21.044001228275352,5.364471050984296,21.0,0,-0.04400122827535213,21.013246310485773,20.5,21.5
3391.0,20.734776112915302,21.040926008513907,5.362754808869491,21.0,0,-0.04092600851390671,21.010173810899452,20.5,21.5
3392.0,20.731701708654494,21.03785106065954,5.361038290501121,21.0,0,-0.03785106065954125,21.007101582115887,20.5,21.5
3393.0,20.728627575970865,21.03477638460209,5.359321497186385,21.0,0,-0.03477638460208965,21.004029624027574,20.5,21.5
3394.0,20.725553714755108,21.031701980231695,5.3576044302326995,21.0,0,-0.031701980231694904,21.000957936527747,20.5,21.5
3395.0,20.722480124898205,21.02862784743876,5.355887090947684,21.0,0,-0.028627847438759346,20.997886519509404,20.5,21.5
3396.0,20.719406806291413,21.025553986113984,5.354169480639166,21.0,0,-0.02555398611398374,20.994815372866228,20.5,21.5
3397.0,20.716333758826284,21.02248039614834,5.352451600615184,21.0,0,-0.022480396148338855,20.99174449649189,20.5,21.5
3398.0,20.71326098239464,21.019407077433094,5.350733452183975,21.0,0,-0.01940707743309389,20.988673890280644,20.5,21.5
3399.0,20.710188476888597,21.016334029859795,5.3490150366539835,21.0,0,-0.01633402985979515,20.985603554126808,20.5,21.5
3400.0,20.70711624220055,21.013261253320263,5.347296355333861,21.0,0,-0.013261253320262512,20.982533487924936,20.5,21.5
3401.0,20.704044278223176,21.010188747706614,5.345577409532455,21.0,0,-0.010188747706614265,20.979463691570132,20.5,21.5
3402.0,20.70097258484944,21.007116512911246,5.34385820055882,21.0,0,-0.00711651291124582,20.97639416495756,20.5,21.5
3403.0,20.69790116197258,21.004044548826833,5.342138729722206,21.0,0,-0.00404454882683325,20.973324907982708,20.5,21.5
3404.0,20.694830009486132,21.00097285534634,5.340418998332066,21.0,0,-0.0009728553463403955,20.970255920541412,20.5,21.5
3405.0,20.691759127283902,20.997901432363008,5.338699007698049,21.0,0,0.0020985676369917883,20.967187202529686,20.5,21.5
3406.0,20.688688515259983,20.99483027977037,5.336978759130005,21.0,0,0.005169720229631025,20.964118753843977,20.5,21.5
3407.0,20.685618173308757,20.991759397462236,5.335258253937978,21.0,0,0.008240602537764374,20.961050574380902,20.5,21.5
3408.0,20.682548101324883,20.988688785332695,5.333537493432205,21.0,0,0.011311214667305336,20.957982664037285,20.5,21.5
3409.0,20.679478299203303,20.98561844327613,5.3318164789231215,21.0,0,0.014381556723868982,20.954915022710495,20.5,21.5
3410.0,20.67640876683925,20.9825483711872,5.330095211721355,21.0,0,0.01745162881280038,20.951847650297886,20.5,21.5
3411.0,20.673339504128226,20.97947856896085,5.328373693137726,21.0,0,0.020521431039149718,20.948780546697357,20.5,21.5
3412.0,20.670270510966027,20.976409036492306,5.326651924483245,21.0,0,0.02359096350769363,20.945713711806867,20.5,21.5
3413.0,20.667201787248732,20.973339773677075,5.324929907069113,21.0,0,0.02666022632292453,20.942647145524766,20.5,21.5
3414.0,20.664133332872698,20.970270780410956,5.3232076422067225,21.0,0,0.02972921958904351,20.939580847749767,20.5,21.5
3415.0,20.661065147734565,20.96720205659002,5.321485131207653,21.0,0,0.032797943409981656,20.936514818380637,20.5,21.5
3416.0,20.657997231731258,20.96413360211063,5.31976237538367,21.0,0,0.035866397889371626,20.93344905731673,20.5,21.5
3417.0,20.654929584759987,20.961065416869417,5.318039376046729,21.0,0,0.03893458313058318,20.9303835644573,20.5,21.5
3418.0,20.651862206718246,20.95799750076332,5.316316134508967,21.0,0,0.042002499236680535,20.927318339702346,20.5,21.5
3419.0,20.648795097503804,20.954929853689542,5.314592652082709,21.0,0,0.045070146310457915,20.92425338295177,20.5,21.5
3420.0,20.64572825701472,20.951862475545575,5.312868930080462,21.0,0,0.04813752445442532,20.9211886941059,20.5,21.5
3421.0,20.642661685149335,20.948795366229188,5.311144969814914,21.0,0,0.05120463377081208,20.91812427306532,20.5,21.5
3422.0,20.639595381806267,20.945728525638447,5.309420772598935,21.0,0,0.05427147436155266,20.91506011973104,20.5,21.5
3423.0,20.636529346884426,20.94266195367168,5.307696339745581,21.0,0,0.057338046328318626,20.91199623400402,20.5,21.5
3424.0,20.633463580283,20.939595650227524,5.3059716725680754,21.0,0,0.060404349772475996,20.90893261578595,20.5,21.5
3425.0,20.630398081901458,20.93652961520487,5.304246772379834,21.0,0,0.06347038479513145,20.905869264978314,20.5,21.5
3426.0,20.627332851639554,20.933463848502917,5.302521640494438,21.0,0,0.06653615149708259,20.902806181483406,20.5,21.5
3427.0,20.624267889397327,20.93039835002113,5.300796278225654,21.0,0,0.0696016499788712,20.899743365203243,20.5,21.5
3428.0,20.621203195075093,20.92733311965926,5.299070686887419,21.0,0,0.07266688034074065,20.896680816040565,20.5,21.5
3429.0,20.618138768573456,20.92426815731735,5.297344867793846,21.0,0,0.0757318426826501,20.893618533898255,20.5,21.5
3430.0,20.6150746097933,20.92120346289572,5.295618822259222,21.0,0,0.07879653710428158,20.890556518679404,20.5,21.5
3431.0,20.612010718635794,20.918139036294967,5.293892551598004,21.0,0,0.08186096370503293,20.887494770287454,20.5,21.5
3432.0,20.608947095002385,20.915074877415982,5.292166057124823,21.0,0,0.08492512258401774,20.884433288626134,20.5,21.5
3433.0,20.60588373879481,20.912010986159924,5.290439340154482,21.0,0,0.08798901384007607,20.88137207359934,20.5,21.5
3434.0,20.60282064991508,20.90894736242825,5.288712402001947,21.0,0,0.09105263757174953,20.878311125111516,20.5,21.5
3435.0,20.5997578282655,20.905884006122694,5.286985243982358,21.0,0,0.09411599387730618,20.875250443067127,20.5,21.5
3436.0,20.596695273748644,20.902820917145263,5.2852578674110235,21.0,0,0.09717908285473698,20.872190027370955,20.5,21.5
3437.0,20.593632986267377,20.899758095398262,5.2835302736034135,21.0,0,0.10024190460173799,20.869129877928252,20.5,21.5
3438.0,20.590570965724844,20.89669554078427,5.281802463875166,21.0,0,0.10330445921573173,20.86606999464433,20.5,21.5
3439.0,20.587509212024475,20.893633253206147,5.2800744395420836,21.0,0,0.10636674679385294,20.863010377424935,20.5,21.5
3440.0,20.584447725069978,20.890571232567044,5.27834620192013,21.0,0,0.10942876743295571,20.859951026176017,20.5,21.5
3441.0,20.581386504765348,20.887509478770383,5.276617752325438,21.0,0,0.112490521229617,20.85689194080377,20.5,21.5
3442.0,20.57832555101486,20.88444799171988,5.274889092074293,21.0,0,0.11555200828011891,20.853833121214862,20.5,21.5
3443.0,20.57526486372307,20.881386771319526,5.273160222483148,21.0,0,0.11861322868047353,20.85077456731598,20.5,21.5
3444.0,20.572204442794824,20.8783258174736,5.271431144868609,21.0,0,0.12167418252640161,20.847716279014318,20.5,21.5
3445.0,20.569144288135238,20.87526513008665,5.269701860547446,21.0,0,0.12473486991335037,20.844658256217162,20.5,21.5
3446.0,20.56608439964972,20.872204709063524,5.267972370836585,21.0,0,0.12779529093647568,20.84160049883227,20.5,21.5
3447.0,20.56302477724396,20.869144554309344,5.266242677053105,21.0,0,0.13085544569065632,20.838543006767537,20.5,21.5
3448.0,20.55996542082392,20.866084665729513,5.264512780514245,21.0,0,0.13391533427048685,20.835485779931208,20.5,21.5
3449.0,20.55690633029586,20.86302504322972,5.262782682537397,21.0,0,0.13697495677028115,20.832428818231776,20.5,21.5
3450.0,20.553847505566306,20.859965686715935,5.261052384440103,21.0,0,0.14003431328406535,20.829372121578093,20.5,21.5
3451.0,20.55078894654208,20.856906596094408,5.259321887540064,21.0,0,0.143093403905592,20.82631568987914,20.5,21.5
3452.0,20.54773065313028,20.85384777127167,5.257591193155125,21.0,0,0.14615222872832945,20.823259523044296,20.5,21.5
3453.0,20.544672625238285,20.850789212154545,5.255860302603288,21.0,0,0.14921078784545472,20.820203620983293,20.5,21.5
3454.0,20.54161486277376,20.847730918650125,5.254129217202701,21.0,0,0.15226908134987482,20.817147983605924,20.5,21.5
3455.0,20.538557365644646,20.844672890665795,5.252397938271659,21.0,0,0.15532710933420546,20.814092610822488,20.5,21.5
3456.0,20.53550013375917,20.84161512810921,5.250666467128609,21.0,0,0.15838487189078876,20.81103750254338,20.5,21.5
3457.0,20.532443167025846,20.838557630888324,5.248934805092138,21.0,0,0.16144236911167553,20.807982658679457,20.5,21.5
3458.0,20.52938646535346,20.835500398911357,5.247202953480985,21.0,0,0.16449960108864303,20.804928079141682,20.5,21.5
3459.0,20.52633002865109,20.832443432086826,5.24547091361403,21.0,0,0.16755656791317364,20.80187376384152,20.5,21.5
3460.0,20.52327385682808,20.829386730323513,5.243738686810295,21.0,0,0.17061326967648682,20.79881971269038,20.5,21.5
3461.0,20.520217949794077,20.826330293530496,5.242006274388948,21.0,0,0.17366970646950364,20.795765925600328,20.5,21.5
3462.0,20.517162307458996,20.823274121617125,5.240273677669294,21.0,0,0.17672587838287512,20.79271240248341,20.5,21.5
3463.0,20.51410692973304,20.820218214493043,5.238540897970783,21.0,0,0.17978178550695745,20.78965914325222,20.5,21.5
3464.0,20.511051816526688,20.817162572068163,5.236807936613002,21.0,0,0.18283742793183677,20.78660614781937,20.5,21.5
3465.0,20.507996967750707,20.81410719425269,5.2350747949156755,21.0,0,0.18589280574731148,20.78355341609794,20.5,21.5
3466.0,20.50494238331614,20.811052080957104,5.233341474198667,21.0,0,0.18894791904289576,20.78050094800126,20.5,21.5
3467.0,20.501888063134317,20.807997232092166,5.231607975781974,21.0,0,0.19200276790783377,20.777448743442786,20.5,21.5
3468.0,20.498834007116844,20.804942647568925,5.229874300985733,21.0,0,0.1950573524310748,20.774396802336515,20.5,21.5
3469.0,20.495780215175618,20.801888327298713,5.228140451130212,21.0,0,0.1981116727012875,20.771345124596586,20.5,21.5
3470.0,20.49272668722281,20.798834271193133,5.226406427535814,21.0,0,0.2011657288068669,20.76829371013734,20.5,21.5
3471.0,20.48967342317087,20.795780479164076,5.224672231523072,21.0,0,0.20421952083592387,20.765242558873506,20.5,21.5
3472.0,20.486620422932543,20.792726951123722,5.222937864412652,21.0,0,0.20727304887627795,20.76219167072018,20.5,21.5
3473.0,20.483567686420837,20.78967368698452,5.221203327525349,21.0,0,0.21032631301547866,20.759141045592514,20.5,21.5
3474.0,20.480515213549058,20.786620686659205,5.219468622182092,21.0,0,0.21337931334079485,20.756090683406043,20.5,21.5
3475.0,20.477463004230785,20.7835679500608,5.217733749703929,21.0,0,0.2164320499392005,20.753040584076743,20.5,21.5
3476.0,20.47441105837988,20.780515477102604,5.2159987114120465,21.0,0,0.21948452289739606,20.74999074752065,20.5,21.5
3477.0,20.471359375910485,20.77746326769819,5.214263508627748,21.0,0,0.22253673230180837,20.74694117365407,20.5,21.5
3478.0,20.46830795673703,20.77441132176143,5.212528142672467,21.0,0,0.22558867823856943,20.74389186239382,20.5,21.5
3479.0,20.465256800774217,20.771359639206462,5.21079261486776,21.0,0,0.22864036079353767,20.74084281365678,20.5,21.5
3480.0,20.462205907937037,20.768308219947716,5.2090569265353075,21.0,0,0.23169178005228375,20.737794027360255,20.5,21.5
3481.0,20.459155278140756,20.765257063899888,5.207321078996911,21.0,0,0.23474293610011188,20.734745503421607,20.5,21.5
3482.0,20.456104911300926,20.762206170977976,5.205585073574494,21.0,0,0.23779382902202428,20.73169724175885,20.5,21.5
3483.0,20.45305480733338,20.759155541097247,5.2038489115901,21.0,0,0.2408444589027532,20.728649242289958,20.5,21.5
3484.0,20.450004966154232,20.75610517417325,5.202112594365893,21.0,0,0.24389482582675015,20.72560150493328,20.5,21.5
3485.0,20.446955387679875,20.75305507012182,5.200376123224153,21.0,0,0.24694492987817895,20.722554029607533,20.5,21.5
3486.0,20.443906071826984,20.750005228859067,5.198639499487278,21.0,0,0.24999477114093338,20.719506816231522,20.5,21.5
3487.0,20.440857018512517,20.746955650301384,5.196902724477784,21.0,0,0.2530443496986159,20.71645986472456,20.5,21.5
3488.0,20.43780822765371,20.74390633436545,5.1951657995183,21.0,0,0.2560936656345483,20.713413175006128,20.5,21.5
3489.0,20.434759699168083,20.74085728096822,5.193428725931569,21.0,0,0.25914271903177877,20.710366746995916,20.5,21.5
3490.0,20.431711432973437,20.737808490026932,5.191691505040448,21.0,0,0.26219150997306784,20.70732058061404,20.5,21.5
3491.0,20.42866342898785,20.734759961459105,5.189954138167908,21.0,0,0.2652400385408953,20.70427467578083,20.5,21.5
3492.0,20.425615687129685,20.73171169518254,5.188216626637029,21.0,0,0.26828830481746024,20.70122903241689,20.5,21.5
3493.0,20.422568207317585,20.728663691115315,5.186478971771001,21.0,0,0.27133630888468474,20.69818365044307,20.5,21.5
3494.0,20.419520989470477,20.725615949175797,5.184741174893124,21.0,0,0.27438405082420303,20.695138529780614,20.5,21.5
3495.0,20.416474033507562,20.72256846928262,5.183003237326806,21.0,0,0.27743153071737936,20.692093670350857,20.5,21.5
3496.0,20.413427339348328,20.719521251354717,5.18126516039556,21.0,0,0.2804787486452831,20.68904907207568,20.5,21.5
3497.0,20.410380906912536,20.716474295311286,5.179526945423012,21.0,0,0.28352570468871363,20.68600473487698,20.5,21.5
3498.0,20.407334736120237,20.713427601071817,5.177788593732883,21.0,0,0.28657239892818254,20.68296065867713,20.5,21.5
3499.0,20.40428882689176,20.710381168556076,5.176050106649007,21.0,0,0.2896188314439243,20.679916843398658,20.5,21.5
3500.0,20.401243179147713,20.707334997684104,5.174311485495316,21.0,0,0.2926650023158963,20.676873288964384,20.5,21.5
3501.0,20.398197792808983,20.704289088376235,5.172572731595847,21.0,0,0.2957109116237646,20.673829995297552,20.5,21.5
3502.0,20.39515266779674,20.701243440553075,5.170833846274736,21.0,0,0.29875655944692525,20.67078696232147,20.5,21.5
3503.0,20.392107804032435,20.698198054135514,5.169094830856218,21.0,0,0.3018019458644865,20.6677441899599,20.5,21.5
3504.0,20.3890632014378,20.695152929044724,5.167355686664631,21.0,0,0.30484707095527597,20.66470167813683,20.5,21.5
3505.0,20.386018859934847,20.692108065202152,5.1656164150244095,21.0,0,0.3078919347978477,20.661659426776435,20.5,21.5
3506.0,20.382974779445863,20.68906346252953,5.163877017260082,21.0,0,0.31093653747047156,20.65861743580329,20.5,21.5
3507.0,20.379930959893425,20.686019120948867,5.162137494696278,21.0,0,0.31398087905113314,20.65557570514225,20.5,21.5
3508.0,20.376887401200385,20.68297504038246,5.160397848657718,21.0,0,0.31702495961754096,20.65253423471838,20.5,21.5
3509.0,20.373844103289876,20.679931220752874,5.158658080469219,21.0,0,0.3200687792471264,20.64949302445702,20.5,21.5
3510.0,20.370801066085313,20.676887661982967,5.1569181914556905,21.0,0,0.3231123380170331,20.6464520742839,20.5,21.5
3511.0,20.367758289510387,20.673844363995876,5.155178182942132,21.0,0,0.326155636004124,20.643411384124967,20.5,21.5
3512.0,20.364715773489074,20.670801326715004,5.153438056253638,21.0,0,0.32919867328499564,20.640370953906288,20.5,21.5
3513.0,20.361673517945626,20.667758550064054,5.151697812715389,21.0,0,0.33224144993594606,20.63733078355455,20.5,21.5
3514.0,20.35863152280458,20.664716033966993,5.149957453652656,21.0,0,0.3352839660330069,20.634290872996385,20.5,21.5
3515.0,20.35558978799075,20.66167377834808,5.148216980390799,21.0,0,0.3383262216519185,20.631251222158966,20.5,21.5
3516.0,20.352548313429228,20.65863178313185,5.146476394255263,21.0,0,0.3413682168681511,20.628211830969523,20.5,21.5
3517.0,20.349507099045393,20.655590048243113,5.144735696571583,21.0,0,0.34440995175688727,20.62517269935575,20.5,21.5
3518.0,20.3464661447649,20.652548573606968,5.142994888665372,21.0,0,0.3474514263930324,20.622133827245516,20.5,21.5
3519.0,20.34342545051368,20.649507359148785,5.141253971862334,21.0,0,0.3504926408512148,20.61909521456696,20.5,21.5
3520.0,20.34038501621795,20.646466404794225,5.139512947488251,21.0,0,0.353533595205775,20.616056861248623,20.5,21.5
3521.0,20.337344841804207,20.643425710469224,5.13777181686899,21.0,0,0.3565742895307764,20.61301876721921,20.5,21.5
3522.0,20.33430492719922,20.640385276099988,5.1360305813304965,21.0,0,0.3596147239000125,20.609980932407627,20.5,21.5
3523.0,20.331265272330047,20.637345101613015,5.134289242198799,21.0,0,0.3626548983869853,20.606943356743287,20.5,21.5
3524.0,20.32822587712402,20.634305186935087,5.1325478008,21.0,0,0.3656948130649127,20.603906040155813,20.5,21.5
3525.0,20.325186741508755,20.631265531993247,5.130806258460286,21.0,0,0.36873446800675325,20.60086898257484,20.5,21.5
3526.0,20.322147865412145,20.628226136714837,5.129064616505916,21.0,0,0.3717738632851635,20.597832183930734,20.5,21.5
3527.0,20.319109248762363,20.625187001027463,5.127322876263226,21.0,0,0.37481299897253706,20.594795644153727,20.5,21.5
3528.0,20.316070891487865,20.622148124859024,5.125581039058627,21.0,0,0.3778518751409763,20.59175936317463,20.5,21.5
3529.0,20.31303279351738,20.619109508137694,5.123839106218603,21.0,0,0.3808904918623064,20.588723340924393,20.5,21.5
3530.0,20.30999495477992,20.616071150791928,5.1220970790697145,21.0,0,0.3839288492080719,20.585687577334273,20.5,21.5
3531.0,20.306957375204778,20.613033052750453,5.120354958938587,21.0,0,0.3869669472495474,20.582652072335698,20.5,21.5
3532.0,20.303920054721523,20.609995213942284,5.118612747151923,21.0,0,0.39000478605771605,20.579616825860597,20.5,21.5
3533.0,20.30088299326001,20.606957634296712,5.116870445036493,21.0,0,0.39304236570328754,20.576581837840997,20.5,21.5
3534.0,20.297846190750366,20.603920313743313,5.115128053919134,21.0,0,0.3960796862566873,20.573547108209315,20.5,21.5
3535.0,20.294809647123,20.60088325221193,5.113385575126755,21.0,0,0.3991167477880708,20.570512636898094,20.5,21.5
3536.0,20.2917733623086,20.59784644963269,5.111643009986328,21.0,0,0.40215355036730926,20.567478423840306,20.5,21.5
3537.0,20.288737336238135,20.594809905936014,5.109900359824891,21.0,0,0.4051900940639861,20.564444468969246,20.5,21.5
3538.0,20.285701568842853,20.59177362105258,5.108157625969551,21.0,0,0.4082263789474183,20.56141077221826,20.5,21.5
3539.0,20.28266606005428,20.58873759491336,5.106414809747473,21.0,0,0.4112624050866387,20.558377333521157,20.5,21.5
3540.0,20.279630809804218,20.585701827449604,5.104671912485888,21.0,0,0.4142981725503958,20.555344152812033,20.5,21.5
3541.0,20.276595818024752,20.582666318592835,5.102928935512089,21.0,0,0.41733368140716465,20.552311230025147,20.5,21.5
3542.0,20.27356108464825,20.579631068274857,5.101185880153427,21.0,0,0.4203689317251431,20.549278565095072,20.5,21.5
3543.0,20.27052660960735,20.57659607642776,5.099442747737316,21.0,0,0.4234039235722413,20.546246157956777,20.5,21.5
3544.0,20.267492392834978,20.5735613429839,5.097699539591227,21.0,0,0.4264386570160994,20.54321400854532,20.5,21.5
3545.0,20.26445843426433,20.57052686787592,5.095956257042688,21.0,0,0.42947313212408034,20.54018211679611,20.5,21.5
3546.0,20.261424733828886,20.567492651036748,5.094212901419286,21.0,0,0.43250734896325227,20.53715048264503,20.5,21.5
3547.0,20.258391291462402,20.564458692399576,5.092469474048659,21.0,0,0.435541307600424,20.53411910602786,20.5,21.5
3548.0,20.25535810709892,20.56142499189789,5.090725976258509,21.0,0,0.43857500810210936,20.531087986881037,20.5,21.5
3549.0,20.252325180672752,20.558391549465448,5.088982409376578,21.0,0,0.44160845053455233,20.528057125141018,20.5,21.5
3550.0,20.249292512118494,20.555358365036277,5.087238774730672,21.0,0,0.4446416349637232,20.525026520744568,20.5,21.5
3551.0,20.246260101371018,20.552325438544706,5.085495073648644,21.0,0,0.44767456145529394,20.521996173629,20.5,21.5
3552.0,20.243227948365472,20.54929276992532,5.0837513074583995,21.0,0,0.4507072300746806,20.518966083731453,20.5,21.5
3553.0,20.24019605303729,20.546260359112992,5.082007477487891,21.0,0,0.453739640887008,20.515936250989718,20.5,21.5
3554.0,20.23716441532218,20.543228206042876,5.08026358506512,21.0,0,0.45677179395712386,20.512906675341718,20.5,21.5
3555.0,20.23413303515613,20.540196310650405,5.078519631518137,21.0,0,0.45980368934959515,20.509877356725692,20.5,21.5
3556.0,20.231101912475403,20.53716467287128,5.0767756181750405,21.0,0,0.4628353271287189,20.506848295080044,20.5,21.5
3557.0,20.22807104721654,20.534133292641496,5.075031546363969,21.0,0,0.46586670735850433,20.50381949034364,20.5,21.5
3558.0,20.22504043931637,20.531102169897313,5.073287417413113,21.0,0,0.46889783010268715,20.500790942455485,20.5,21.5
3559.0,20.22201008871199,20.528071304575274,5.0715432326507,21.0,1,0.47192869542472593,20.497762651354886,20.5,21.5
3560.0,20.238979995340777,20.529040696612206,5.069798993405002,21.0,1,0.4709593033877937,20.53873461698153,20.5,21.5
3561.0,20.25594615914039,20.534009545945203,5.0680547010043355,21.0,1,0.465990454054797,20.58369803927517,20.5,21.5
3562.0,20.272908580848764,20.542977052671645,5.066310356777053,21.0,1,0.4570229473283547,20.63265211993607,20.5,21.5
3563.0,20.28986726120395,20.55594241704916,5.0645659620515495,21.0,1,0.4440575829508404,20.685596060824302,20.5,21.5
3564.0,20.30682220094412,20.572904839495585,5.062821518156256,21.0,1,0.42709516050441465,20.742529063959843,20.5,21.5
3565.0,20.32377340080756,20.589863520588942,5.061077026419645,21.0,1,0.410136479411058,20.75945033152251,20.5,21.5
3566.0,20.340720861532684,20.6068184610674,5.059332488170222,21.0,1,0.39318153893259833,20.776367865852,20.5,21.5
3567.0,20.35766458385801,20.62376966166925,5.057587904736527,21.0,1,0.3762303383307497,20.793281667687737,20.5,21.5
3568.0,20.374604568522187,20.640717123132898,5.0558432774471385,21.0,1,0.3592828768671019,20.810191737769376,20.5,21.5
3569.0,20.391540816263973,20.65766084619687,5.054098607630664,21.0,1,0.34233915380313107,20.827098076836577,20.5,21.5
3570.0,20.408473327822247,20.674600831599808,5.052353896615746,21.0,1,0.32539916840019245,20.844000685629194,20.5,21.5
3571.0,20.425402103936005,20.691537080080472,5.05060914573106,21.0,1,0.3084629199195277,20.86089956488712,20.5,21.5
3572.0,20.442327145344365,20.708469592377742,5.048864356305306,21.0,1,0.29153040762225757,20.877794715350444,20.5,21.5
3573.0,20.459248452786557,20.725398369230614,5.047119529667221,21.0,1,0.2746016307693857,20.894686137759333,20.5,21.5
3574.0,20.476166027001934,20.74232341137821,5.045374667145563,21.0,1,0.2576765886217913,20.911573832854152,20.5,21.5
3575.0,20.493079868729964,20.759244719559753,5.043629770069122,21.0,1,0.24075528044024708,20.928457801375195,20.5,21.5
3576.0,20.509989978710234,20.7761622945146,5.041884839766714,21.0,1,0.22383770548540127,20.945338044063057,20.5,21.5
3577.0,20.526896357682446,20.793076136982215,5.040139877567179,21.0,1,0.20692386301778498,20.962214561658378,20.5,21.5
3578.0,20.543799006386422,20.809986247702188,5.038394884799379,21.0,1,0.19001375229781203,20.979087354901917,20.5,21.5
3579.0,20.560697925562106,20.82689262741422,5.036649862792206,21.0,1,0.17310737258577902,20.99595642453455,20.5,21.5
3580.0,20.57759311594955,20.84379527685814,5.034904812874567,21.0,1,0.15620472314186173,21.01282177129731,20.5,21.5
3581.0,20.594484578288935,20.86069419677388,5.033159736375396,21.0,1,0.13930580322611874,21.02968339593131,20.5,21.5
3582.0,20.61137231332055,20.8775893879015,5.0314146346236415,21.0,1,0.12241061209849846,21.046541299177704,20.5,21.5
3583.0,20.62825632178481,20.894480850981182,5.029669508948277,21.0,1,0.10551914901881787,21.063395481777988,20.5,21.5
3584.0,20.645136604422245,20.91136858675321,5.02792436067829,21.0,1,0.08863141324679091,21.08024594447348,20.5,21.5
3585.0,20.662013161973494,20.928252595958,5.026179191142689,21.0,1,0.07174740404200008,21.097092688005908,20.5,21.5
3586.0,20.67888599517933,20.94513287933608,5.024434001670495,21.0,1,0.0548671206639213,21.113935713116867,20.5,21.5
3587.0,20.695755104780627,20.96200943762809,5.022688793590746,21.0,1,0.037990562371909675,21.130775020548207,20.5,21.5
3588.0,20.71262049151839,20.978882271574808,5.020943568232491,21.0,1,0.02111772842519244,21.14761061104198,20.5,21.5
3589.0,20.729482156133734,20.995751381917106,5.019198326924801,21.0,1,0.004248618082893785,21.164442485340093,20.5,21.5
3590.0,20.74634009936789,21.012616769395986,5.017453070996748,21.0,1,-0.012616769395986438,21.18127064418479,20.5,21.5
3591.0,20.763194321962217,21.029478434752566,5.015707801777423,21.0,1,-0.02947843475256562,21.198095088318357,20.5,21.5
3592.0,20.78004482465818,21.04633637872808,5.013962520595923,21.0,1,-0.04633637872807839,21.214915818483206,20.5,21.5
3593.0,20.796891608197367,21.063190602063873,5.012217228781357,21.0,1,-0.06319060206387306,21.23173283542182,20.5,21.5
3594.0,20.813734673321484,21.080041105501422,5.01047192766284,21.0,1,-0.0800411055014223,21.248546139876915,20.5,21.5
3595.0,20.830574020772353,21.096887889782316,5.008726618569494,21.0,1,-0.096887889782316,21.265355732591253,20.5,21.5
3596.0,20.847409651291912,21.113730955648254,5.0069813028304475,21.0,1,-0.1137309556482542,21.282161614307636,20.5,21.5
3597.0,20.86424156562222,21.13057030384106,5.005235981774836,21.0,1,-0.13057030384106127,21.298963785769132,20.5,21.5
3598.0,20.88106976450545,21.14740593510268,5.003490656731796,21.0,1,-0.14740593510267885,21.315762247718855,20.5,21.5
3599.0,20.897894248683897,21.164237850175162,5.00174532903047,21.0,1,-0.16423785017516224,21.332557000899996,20.5,21.5
