t,T_true,T_meas,T_out,setpoint,heater,error,T_pred,lower,upper
0.0,19.0,19.2,8.0,21.0,1,1.8000000000000007,19.2,20.5,21.5
1.0,19.0028,19.2014,8.001163552572116,21.0,1,1.7986000000000004,19.2014,20.5,21.5
2.0,19.005599672710517,19.202799890903506,8.00232710356895,21.0,1,1.7972001090964937,19.202799890903506,20.5,21.5
3.0,19.008399018196688,19.2041996727268,8.003490651415223,21.0,1,1.7958003272731986,19.2041996727268,20.5,21.5
4.0,19.011198036523332,19.205599345486107,8.00465419453566,21.0,1,1.7944006545138933,19.205599345486107,20.5,21.5
5.0,19.013996727754936,19.208398691037093,8.005817731354993,21.0,1,1.7916013089629068,19.208398691037093,20.5,21.5
6.0,19.016795091955657,19.211197709428227,8.006981260297962,21.0,1,1.7888022905717733,19.211197709428227,20.5,21.5
7.0,19.019593129189325,19.213996400723985,8.008144779789315,21.0,1,1.7860035992760146,19.213996400723985,20.5,21.5
8.0,19.022390839519446,19.21679476498854,8.009308288253816,21.0,1,1.7832052350114616,19.21679476498854,20.5,21.5
9.0,19.02518822300919,19.21959280228571,8.010471784116246,21.0,1,1.7804071977142897,19.21959280228571,20.5,21.5
10.0,19.027985279721413,19.222390512679006,8.011635265801397,21.0,1,1.7776094873209942,19.222390512679006,20.5,21.5
11.0,19.030782009718628,19.225187896231596,8.012798731734085,21.0,1,1.7748121037684044,19.225187896231596,20.5,21.5
12.0,19.03357841306303,19.227984953006338,8.013962180339146,21.0,1,1.772015046993662,19.227984953006338,20.5,21.5
13.0,19.036374489816485,19.230781683065747,8.015125610041437,21.0,1,1.7692183169342535,19.230781683065747,20.5,21.5
14.0,19.03917024004053,19.233578086472015,8.016289019265846,21.0,1,1.766421913527985,19.233578086472015,20.5,21.5
15.0,19.041965663796375,19.23637416328701,8.017452406437284,21.0,1,1.7636258367129898,19.23637416328701,20.5,21.5
16.0,19.044760761144904,19.239169913572265,8.018615769980693,21.0,1,1.7608300864277346,19.239169913572265,20.5,21.5
17.0,19.04755553214667,19.241965337388994,8.019779108321048,21.0,1,1.7580346626110064,19.241965337388994,20.5,21.5
18.0,19.050349976861906,19.244760434798074,8.020942419883356,21.0,1,1.7552395652019257,19.244760434798074,20.5,21.5
19.0,19.05314409535051,19.247555205860074,8.022105703092665,21.0,1,1.752444794139926,19.247555205860074,20.5,21.5
20.0,19.05593788767206,19.250349650635208,8.023268956374057,21.0,1,1.7496503493647921,19.250349650635208,20.5,21.5
21.0,19.0587313538858,19.25314376918339,8.024432178152653,21.0,1,1.7468562308166113,19.25314376918339,20.5,21.5
22.0,19.061524494050655,19.25593756156419,8.025595366853622,21.0,1,1.7440624384358117,19.25593756156419,20.5,21.5
23.0,19.064317308225217,19.258731027836852,8.026758520902176,21.0,1,1.741268972163148,19.258731027836852,20.5,21.5
24.0,19.06710979646775,19.2615241680603,8.02792163872357,21.0,1,1.7384758319396987,19.2615241680603,20.5,21.5
25.0,19.0699019588362,19.26431698229313,8.029084718743112,21.0,1,1.7356830177068687,19.26431698229313,20.5,21.5
26.0,19.072693795388183,19.267109470593606,8.03024775938616,21.0,1,1.7328905294063937,19.267109470593606,20.5,21.5
27.0,19.075485306180983,19.269901633019675,8.031410759078128,21.0,1,1.7300983669803252,19.269901633019675,20.5,21.5
28.0,19.078276491271563,19.27269346962894,8.032573716244482,21.0,1,1.7273065303710595,19.27269346962894,20.5,21.5
29.0,19.08106735071656,19.2754849804787,8.033736629310743,21.0,1,1.7245150195212986,19.2754849804787,20.5,21.5
30.0,19.08385788457228,19.27827616562592,8.0348994967025,21.0,1,1.7217238343740817,19.27827616562592,20.5,21.5
31.0,19.086648092894706,19.28106702512722,8.036062316845399,21.0,1,1.7189329748727786,19.28106702512722,20.5,21.5
32.0,19.089437975739497,19.283857559038925,8.037225088165146,21.0,1,1.7161424409610753,19.283857559038925,20.5,21.5
33.0,19.09222753316198,19.28664776741701,8.03838780908752,21.0,1,1.7133522325829915,19.28664776741701,20.5,21.5
34.0,19.095016765217167,19.289437650317133,8.039550478038365,21.0,1,1.710562349682867,19.289437650317133,20.5,21.5
35.0,19.09780567195973,19.29222720779462,8.040713093443596,21.0,1,1.707772792205379,19.29222720779462,20.5,21.5
36.0,19.100594253444026,19.295016439904483,8.0418756537292,21.0,1,1.704983560095517,19.295016439904483,20.5,21.5
37.0,19.10338250972408,19.2978053467014,8.043038157321238,21.0,1,1.7021946532986014,19.2978053467014,20.5,21.5
38.0,19.1061704408536,19.300593928239724,8.04420060264585,21.0,1,1.6994060717602757,19.300593928239724,20.5,21.5
39.0,19.10895804688596,19.303382184573483,8.045362988129254,21.0,1,1.6966178154265172,19.303382184573483,20.5,21.5
40.0,19.111745327874207,19.30617011575638,8.046525312197746,21.0,1,1.6938298842436197,19.30617011575638,20.5,21.5
41.0,19.11453228387107,19.30895772184179,8.047687573277711,21.0,1,1.6910422781582106,19.30895772184179,20.5,21.5
42.0,19.11731891492895,19.311745002882766,8.048849769795613,21.0,1,1.6882549971172338,19.311745002882766,20.5,21.5
43.0,19.120105221099923,19.31453195893203,8.050011900178008,21.0,1,1.6854680410679705,19.31453195893203,20.5,21.5
44.0,19.12289120243574,19.317318590041985,8.05117396285154,21.0,1,1.6826814099580147,19.317318590041985,20.5,21.5
45.0,19.12567685898782,19.32010489626471,8.052335956242944,21.0,1,1.6798951037352907,19.32010489626471,20.5,21.5
46.0,19.12846219080727,19.32289087765195,8.05349787877905,21.0,1,1.6771091223480497,19.32289087765195,20.5,21.5
47.0,19.131247197944862,19.32567653425513,8.054659728886781,21.0,1,1.6743234657448696,19.32567653425513,20.5,21.5
48.0,19.13403188045105,19.32846186612536,8.055821504993164,21.0,1,1.6715381338746411,19.32846186612536,20.5,21.5
49.0,19.13681623837596,19.3312468733134,8.05698320552532,21.0,1,1.6687531266865996,19.3312468733134,20.5,21.5
50.0,19.13960027176939,19.334031555869714,8.058144828910477,21.0,1,1.6659684441302858,19.334031555869714,20.5,21.5
51.0,19.14238398068082,19.336815913844426,8.059306373575962,21.0,1,1.6631840861555744,19.336815913844426,20.5,21.5
52.0,19.1451673651594,19.339599947287333,8.060467837949215,21.0,1,1.6604000527126672,19.339599947287333,20.5,21.5
53.0,19.147950425253956,19.34238365624791,8.06162922045778,21.0,1,1.657616343752089,19.34238365624791,20.5,21.5
54.0,19.150733161012997,19.34516704077532,8.062790519529313,21.0,1,1.6548329592246809,19.34516704077532,20.5,21.5
55.0,19.1535155724847,19.347950100918382,8.063951733591585,21.0,1,1.652049899081618,19.347950100918382,20.5,21.5
56.0,19.156297659716923,19.3507328367256,8.06511286107248,21.0,1,1.6492671632743985,19.3507328367256,20.5,21.5
57.0,19.159079422757195,19.35351524824516,8.0662739004,21.0,1,1.6464847517548407,19.35351524824516,20.5,21.5
58.0,19.161860861652723,19.35629733552491,8.067434850002265,21.0,1,1.6437026644750894,19.35629733552491,20.5,21.5
59.0,19.164641976450394,19.35907909861239,8.068595708307518,21.0,1,1.6409209013876094,19.35907909861239,20.5,21.5
60.0,19.167422767196765,19.361860537554804,8.069756473744125,21.0,1,1.6381394624451957,19.361860537554804,20.5,21.5
61.0,19.170203233938075,19.364641652399037,8.070917144740578,21.0,1,1.6353583476009632,19.364641652399037,20.5,21.5
62.0,19.172983376720236,19.367422443191646,8.072077719725497,21.0,1,1.6325775568083536,19.367422443191646,20.5,21.5
63.0,19.175763195588836,19.370202909978865,8.073238197127631,21.0,1,1.6297970900211354,19.370202909978865,20.5,21.5
64.0,19.178542690589143,19.372983052806614,8.074398575375863,21.0,1,1.6270169471933862,19.372983052806614,20.5,21.5
65.0,19.1813218617661,19.37576287172048,8.075558852899208,21.0,1,1.6242371282795212,19.37576287172048,20.5,21.5
66.0,19.184100709164326,19.378542366765732,8.076719028126819,21.0,1,1.621457633234268,19.378542366765732,20.5,21.5
67.0,19.18687923282812,19.38132153798731,8.077879099487985,21.0,1,1.6186784620126886,19.38132153798731,20.5,21.5
68.0,19.18965743280145,19.384100385429832,8.079039065412141,21.0,1,1.6158996145701678,19.384100385429832,20.5,21.5
69.0,19.192435309127973,19.3868789091376,8.080198924328858,21.0,1,1.6131210908623999,19.3868789091376,20.5,21.5
70.0,19.19521286185101,19.38965710915458,8.081358674667857,21.0,1,1.6103428908454198,19.38965710915458,20.5,21.5
71.0,19.197990091013576,19.39243498552443,8.082518314859005,21.0,1,1.6075650144755684,19.39243498552443,20.5,21.5
72.0,19.200766996658345,19.395212538290476,8.083677843332316,21.0,1,1.604787461709524,19.395212538290476,20.5,21.5
73.0,19.20354357882768,19.397989767495723,8.084837258517956,21.0,1,1.602010232504277,19.397989767495723,20.5,21.5
74.0,19.20631983756362,19.40076667318285,8.085996558846244,21.0,1,1.5992333268171492,19.40076667318285,20.5,21.5
75.0,19.209095772907876,19.403543255394222,8.087155742747658,21.0,1,1.5964567446057778,19.403543255394222,20.5,21.5
76.0,19.211871384901844,19.406319514171877,8.08831480865283,21.0,1,1.5936804858281235,19.406319514171877,20.5,21.5
77.0,19.214646673586593,19.409095449557526,8.089473754992552,21.0,1,1.590904550442474,19.409095449557526,20.5,21.5
78.0,19.217421639002875,19.411871061592564,8.09063258019778,21.0,1,1.5881289384074364,19.411871061592564,20.5,21.5
79.0,19.220196281191114,19.414646350318062,8.091791282699631,21.0,1,1.585353649681938,19.414646350318062,20.5,21.5
80.0,19.222970600191417,19.41742131577477,8.092949860929393,21.0,1,1.5825786842252292,19.41742131577477,20.5,21.5
81.0,19.225744596043565,19.420195958003113,8.094108313318515,21.0,1,1.579804041996887,19.420195958003113,20.5,21.5
82.0,19.22851826878702,19.4229702770432,8.095266638298622,21.0,1,1.5770297229568015,19.4229702770432,20.5,21.5
83.0,19.231291618460922,19.42574427293481,8.09642483430151,21.0,1,1.5742557270651893,19.42574427293481,20.5,21.5
84.0,19.23406464510409,19.428517945717406,8.09758289975915,21.0,1,1.571482054282594,19.428517945717406,20.5,21.5
85.0,19.23683734875502,19.431291295430125,8.098740833103689,21.0,1,1.5687087045698753,19.431291295430125,20.5,21.5
86.0,19.23960972945189,19.434064322111787,8.09989863276745,21.0,1,1.5659356778882128,19.434064322111787,20.5,21.5
87.0,19.242381787232553,19.436837025800894,8.101056297182947,21.0,1,1.5631629741991055,19.436837025800894,20.5,21.5
88.0,19.245153522134544,19.43960940653562,8.102213824782863,21.0,1,1.5603905934643798,19.43960940653562,20.5,21.5
89.0,19.247924934195073,19.44238146435382,8.103371214000079,21.0,1,1.5576185356461814,19.44238146435382,20.5,21.5
90.0,19.250696023451034,19.44515319929302,8.104528463267654,21.0,1,1.5548468007069793,19.44515319929302,20.5,21.5
91.0,19.253466789938997,19.44792461139044,8.10568557101884,21.0,1,1.552075388609559,19.44792461139044,20.5,21.5
92.0,19.256237233695213,19.450695700682978,8.106842535687084,21.0,1,1.549304299317022,19.450695700682978,20.5,21.5
93.0,19.25900735475561,19.45346646720719,8.107999355706022,21.0,1,1.546533532792811,19.45346646720719,20.5,21.5
94.0,19.2617771531558,19.456236910999337,8.109156029509489,21.0,1,1.543763089000663,19.456236910999337,20.5,21.5
95.0,19.264546628931072,19.459007032095347,8.110312555531511,21.0,1,1.5409929679046535,19.459007032095347,20.5,21.5
96.0,19.26731578211639,19.461776830530823,8.111468932206325,21.0,1,1.5382231694691768,19.461776830530823,20.5,21.5
97.0,19.27008461274641,19.46454630634106,8.112625157968363,21.0,1,1.5354536936589405,19.46454630634106,20.5,21.5
98.0,19.272853120855455,19.46731545956103,8.113781231252261,21.0,1,1.5326845404389715,19.46731545956103,20.5,21.5
99.0,19.275621306477536,19.47008429022538,8.114937150492867,21.0,1,1.5299157097746203,19.47008429022538,20.5,21.5
100.0,19.27838916964634,19.47285279836843,8.11609291412523,21.0,1,1.5271472016315712,19.47285279836843,20.5,21.5
101.0,19.281156710395233,19.4756209840242,8.117248520584615,21.0,1,1.5243790159758,19.4756209840242,20.5,21.5
102.0,19.28392392875727,19.478388847226377,8.1184039683065,21.0,1,1.5216111527736231,19.478388847226377,20.5,21.5
103.0,19.28669082476518,19.481156388008323,8.119559255726575,21.0,1,1.5188436119916773,19.481156388008323,20.5,21.5
104.0,19.289457398451372,19.48392360640309,8.120714381280749,21.0,1,1.5160763935969115,19.48392360640309,20.5,21.5
105.0,19.292223649847937,19.486690502443412,8.121869343405148,21.0,1,1.5133094975565875,19.486690502443412,20.5,21.5
106.0,19.294989578986648,19.489457076161692,8.12302414053612,21.0,1,1.5105429238383081,19.489457076161692,20.5,21.5
107.0,19.297755185898957,19.49222332759003,8.124178771110241,21.0,1,1.507776672409971,19.49222332759003,20.5,21.5
108.0,19.300520470616,19.494989256760192,8.125333233564305,21.0,1,1.5050107432398079,19.494989256760192,20.5,21.5
109.0,19.30328543316859,19.497754863703637,8.126487526335337,21.0,1,1.502245136296363,19.497754863703637,20.5,21.5
110.0,19.306050073587222,19.500520148451493,8.127641647860594,21.0,1,1.4994798515485073,19.500520148451493,20.5,21.5
111.0,19.30881439190208,19.50328511103458,8.128795596577563,21.0,1,1.4967148889654212,19.50328511103458,20.5,21.5
112.0,19.311578388143015,19.506049751483395,8.129949370923963,21.0,1,1.4939502485166045,19.506049751483395,20.5,21.5
113.0,19.31434206233957,19.50881406982811,8.131102969337752,21.0,1,1.4911859301718913,19.50881406982811,20.5,21.5
114.0,19.31710541452097,19.511578066098586,8.132256390257123,21.0,1,1.4884219339014138,19.511578066098586,20.5,21.5
115.0,19.319868444716118,19.514341740324365,8.133409632120513,21.0,1,1.4856582596756347,19.514341740324365,20.5,21.5
116.0,19.322631152953598,19.51710509253467,8.134562693366599,21.0,1,1.4828949074653295,19.51710509253467,20.5,21.5
117.0,19.32539353926168,19.519868122758403,8.135715572434304,21.0,1,1.4801318772415968,19.519868122758403,20.5,21.5
118.0,19.328155603668314,19.522630831024152,8.136868267762797,21.0,1,1.477369168975848,19.522630831024152,20.5,21.5
119.0,19.330917346201133,19.525393217360183,8.138020777791494,21.0,1,1.4746067826398175,19.525393217360183,20.5,21.5
120.0,19.333678766887452,19.528155281794447,8.139173100960065,21.0,1,1.4718447182055527,19.528155281794447,20.5,21.5
121.0,19.336439865754265,19.530917024354583,8.140325235708431,21.0,1,1.4690829756454171,19.530917024354583,20.5,21.5
122.0,19.339200642828256,19.5336784450679,8.14147718047677,21.0,1,1.466321554932101,19.5336784450679,20.5,21.5
123.0,19.341961098135787,19.536439543961393,8.142628933705511,21.0,1,1.463560456038607,19.536439543961393,20.5,21.5
124.0,19.344721231702902,19.53920032106175,8.143780493835353,21.0,1,1.4607996789382511,19.53920032106175,20.5,21.5
125.0,19.34748104355533,19.541960776395324,8.144931859307247,21.0,1,1.4580392236046755,19.541960776395324,20.5,21.5
126.0,19.35024053371848,19.54472090998817,8.146083028562412,21.0,1,1.4552790900118318,19.54472090998817,20.5,21.5
127.0,19.35299970221745,19.54748072186601,8.147234000042332,21.0,1,1.452519278133991,19.54748072186601,20.5,21.5
128.0,19.355758549077013,19.550240212054256,8.148384772188757,21.0,1,1.4497597879457444,19.550240212054256,20.5,21.5
129.0,19.358517074321636,19.552999380578,8.14953534344371,21.0,1,1.447000619421999,19.552999380578,20.5,21.5
130.0,19.36127527797546,19.555758227462025,8.150685712249484,21.0,1,1.4442417725379748,19.555758227462025,20.5,21.5
131.0,19.364033160062313,19.55851675273079,8.151835877048645,21.0,1,1.4414832472692112,19.55851675273079,20.5,21.5
132.0,19.36679072060571,19.561274956408443,8.152985836284039,21.0,1,1.4387250435915568,19.561274956408443,20.5,21.5
133.0,19.369547959628846,19.56403283851881,8.154135588398784,21.0,1,1.4359671614811909,19.56403283851881,20.5,21.5
134.0,19.3723048771546,19.566790399085402,8.155285131836287,21.0,1,1.4332096009145978,19.566790399085402,20.5,21.5
135.0,19.375061473205538,19.569547638131418,8.156434465040231,21.0,1,1.430452361868582,19.569547638131418,20.5,21.5
136.0,19.377817747803906,19.57230455567974,8.157583586454585,21.0,1,1.4276954443202605,19.57230455567974,20.5,21.5
137.0,19.380573700971635,19.575061151752923,8.158732494523603,21.0,1,1.424938848247077,19.575061151752923,20.5,21.5
138.0,19.383329332730344,19.577817426373223,8.159881187691834,21.0,1,1.4221825736267775,19.577817426373223,20.5,21.5
139.0,19.386084643101338,19.580573379562566,8.161029664404113,21.0,1,1.4194266204374344,19.580573379562566,20.5,21.5
140.0,19.388839632105597,19.583329011342578,8.162177923105567,21.0,1,1.4166709886574225,19.583329011342578,20.5,21.5
141.0,19.391594299763796,19.586084321734553,8.163325962241622,21.0,1,1.4139156782654467,19.586084321734553,20.5,21.5
142.0,19.39434864609629,19.58883931075949,8.164473780258,21.0,1,1.4111606892405106,19.58883931075949,20.5,21.5
143.0,19.397102671123122,19.591593978438045,8.165621375600718,21.0,1,1.4084060215619552,19.591593978438045,20.5,21.5
144.0,19.39985637486402,19.59434832479058,8.166768746716102,21.0,1,1.4056516752094197,19.59434832479058,20.5,21.5
145.0,19.40260975733839,19.597102349837137,8.167915892050777,21.0,1,1.4028976501628634,19.597102349837137,20.5,21.5
146.0,19.405362818565333,19.599856053597446,8.169062810051674,21.0,1,1.4001439464025545,19.599856053597446,20.5,21.5
147.0,19.40811555856363,19.602609436090912,8.170209499166033,21.0,1,1.397390563909088,19.602609436090912,20.5,21.5
148.0,19.41086797735175,19.605362497336635,8.171355957841401,21.0,1,1.3946375026633646,19.605362497336635,20.5,21.5
149.0,19.413620074947847,19.608115237353402,8.172502184525642,21.0,1,1.3918847626465976,19.608115237353402,20.5,21.5
150.0,19.416371851369764,19.610867656159677,8.17364817766693,21.0,1,1.3891323438403234,19.610867656159677,20.5,21.5
151.0,19.419123306635022,19.613619753773616,8.174793935713756,21.0,1,1.3863802462263841,19.613619753773616,20.5,21.5
152.0,19.42187444076084,19.61637153021306,8.17593945711493,21.0,1,1.3836284697869417,19.61637153021306,20.5,21.5
153.0,19.42462525376411,19.61912298549553,8.177084740319584,21.0,1,1.3808770145044704,19.61912298549553,20.5,21.5
154.0,19.42737574566142,19.621874119638242,8.178229783777166,21.0,1,1.3781258803617575,19.621874119638242,20.5,21.5
155.0,19.43012591646904,19.6246249326581,8.179374585937458,21.0,1,1.3753750673418992,19.6246249326581,20.5,21.5
156.0,19.432875766202937,19.627375424571685,8.18051914525056,21.0,1,1.3726245754283148,19.627375424571685,20.5,21.5
157.0,19.435625294878747,19.630125595395267,8.181663460166908,21.0,1,1.369874404604733,19.630125595395267,20.5,21.5
158.0,19.438374502511806,19.63287544514481,8.18280752913726,21.0,1,1.3671245548551916,19.63287544514481,20.5,21.5
159.0,19.44112338911713,19.635624973835952,8.18395135061272,21.0,1,1.3643750261640477,19.635624973835952,20.5,21.5
160.0,19.44387195470943,19.63837418148403,8.185094923044714,21.0,1,1.3616258185159715,19.63837418148403,20.5,21.5
161.0,19.446620199303098,19.641123068104058,8.186238244885013,21.0,1,1.3588769318959422,19.641123068104058,20.5,21.5
162.0,19.449368122912215,19.643871633710752,8.187381314585725,21.0,1,1.3561283662892478,19.643871633710752,20.5,21.5
163.0,19.45211572555055,19.6466198783185,8.188524130599298,21.0,1,1.3533801216815,19.6466198783185,20.5,21.5
164.0,19.45486300723156,19.649367801941388,8.189666691378525,21.0,1,1.3506321980586122,19.649367801941388,20.5,21.5
165.0,19.457609967968388,19.65211540459318,8.190808995376544,21.0,1,1.3478845954068213,19.65211540459318,20.5,21.5
166.0,19.46035660777387,19.654862686287334,8.191951041046844,21.0,1,1.3451373137126659,19.654862686287334,20.5,21.5
167.0,19.463102926660525,19.657609647037,8.193092826843257,21.0,1,1.342390352963001,19.657609647037,20.5,21.5
168.0,19.46584892464056,19.660356286855,8.194234351219972,21.0,1,1.3396437131450014,19.660356286855,20.5,21.5
169.0,19.468594601725876,19.663102605753863,8.19537561263153,21.0,1,1.3368973942461366,19.663102605753863,20.5,21.5
170.0,19.471339957928055,19.665848603745797,8.19651660953283,21.0,1,1.334151396254203,19.665848603745797,20.5,21.5
171.0,19.474084993258376,19.6685942808427,8.197657340379125,21.0,1,1.3314057191572992,19.6685942808427,20.5,21.5
172.0,19.476829707727802,19.671339637056157,8.198797803626034,21.0,1,1.3286603629438432,19.671339637056157,20.5,21.5
173.0,19.47957410134698,19.67408467239744,8.199937997729533,21.0,1,1.3259153276025586,19.67408467239744,20.5,21.5
174.0,19.482318174126256,19.676829386877518,8.201077921145965,21.0,1,1.3231706131224819,19.676829386877518,20.5,21.5
175.0,19.48506192607566,19.679573780507038,8.202217572332039,21.0,1,1.320426219492962,19.679573780507038,20.5,21.5
176.0,19.48780535720491,19.682317853296347,8.20335694974483,21.0,1,1.3176821467036532,19.682317853296347,20.5,21.5
177.0,19.490548467523418,19.685061605255466,8.20449605184179,21.0,1,1.3149383947445337,19.685061605255466,20.5,21.5
178.0,19.49329125704028,19.687805036394128,8.205634877080739,21.0,1,1.3121949636058723,19.687805036394128,20.5,21.5
179.0,19.49603372576429,19.690548146721735,8.20677342391987,21.0,1,1.309451853278265,19.690548146721735,20.5,21.5
180.0,19.49877587370392,19.693290936247386,8.20791169081776,21.0,1,1.3067090637526135,19.693290936247386,20.5,21.5
181.0,19.501517700867343,19.696033404979875,8.209049676233356,21.0,1,1.3039665950201247,19.696033404979875,20.5,21.5
182.0,19.504259207262415,19.698775552927675,8.210187378625994,21.0,1,1.3012244470723253,19.698775552927675,20.5,21.5
183.0,19.507000392896686,19.701517380098956,8.211324796455388,21.0,1,1.2984826199010442,19.701517380098956,20.5,21.5
184.0,19.509741257777396,19.704258886501577,8.212461928181641,21.0,1,1.2957411134984227,19.704258886501577,20.5,21.5
185.0,19.512481801911477,19.70700007214309,8.21359877226524,21.0,1,1.2929999278569113,19.70700007214309,20.5,21.5
186.0,19.515222025305548,19.70974093703073,8.214735327167062,21.0,1,1.2902590629692696,19.70974093703073,20.5,21.5
187.0,19.51796192796592,19.71248148117143,8.21587159134838,21.0,1,1.2875185188285698,19.71248148117143,20.5,21.5
188.0,19.520701509898597,19.71522170457181,8.217007563270853,21.0,1,1.2847782954281897,19.71522170457181,20.5,21.5
189.0,19.52344077110927,19.717961607238188,8.218143241396543,21.0,1,1.2820383927618124,19.717961607238188,20.5,21.5
190.0,19.52617971160333,19.720701189176555,8.219278624187904,21.0,1,1.2792988108234447,19.720701189176555,20.5,21.5
191.0,19.528918331385846,19.723440450392612,8.220413710107792,21.0,1,1.2765595496073878,19.723440450392612,20.5,21.5
192.0,19.53165663046159,19.726179390891748,8.221548497619468,21.0,1,1.2738206091082525,19.726179390891748,20.5,21.5
193.0,19.534394608835022,19.72891801067903,8.22268298518659,21.0,1,1.2710819893209688,19.72891801067903,20.5,21.5
194.0,19.53713226651029,19.731656309759234,8.22381717127323,21.0,1,1.2683436902407657,19.731656309759234,20.5,21.5
195.0,19.539869603491244,19.734394288136816,8.224951054343865,21.0,1,1.2656057118631843,19.734394288136816,20.5,21.5
196.0,19.542606619781413,19.73713194581593,8.226084632863378,21.0,1,1.2628680541840716,19.73713194581593,20.5,21.5
197.0,19.54534331538403,19.73986928280042,8.22721790529707,21.0,1,1.26013071719958,19.73986928280042,20.5,21.5
198.0,19.548079690302014,19.742606299093815,8.228350870110656,21.0,1,1.257393700906185,19.742606299093815,20.5,21.5
199.0,19.550815744537974,19.745342994699353,8.229483525770263,21.0,1,1.254657005300647,19.745342994699353,20.5,21.5
200.0,19.55355147809422,19.74807936961995,8.23061587074244,21.0,1,1.2519206303800487,19.74807936961995,20.5,21.5
201.0,19.55628689097275,19.750815423858217,8.231747903494158,21.0,1,1.2491845761417828,19.750815423858217,20.5,21.5
202.0,19.559021983175253,19.75355115741646,8.232879622492806,21.0,1,1.2464488425835398,19.75355115741646,20.5,21.5
203.0,19.561756754703115,19.75628657029668,8.234011026206202,21.0,1,1.2437134297033197,19.75628657029668,20.5,21.5
204.0,19.564491205557417,19.75902166250057,8.23514211310259,21.0,1,1.2409783374994312,19.75902166250057,20.5,21.5
205.0,19.567225335738925,19.76175643402951,8.236272881650642,21.0,1,1.238243565970489,19.76175643402951,20.5,21.5
206.0,19.569959145248106,19.764490884884584,8.23740333031946,21.0,1,1.2355091151154163,19.764490884884584,20.5,21.5
207.0,19.57269263408512,19.767225015066554,8.238533457578582,21.0,1,1.232774984933446,19.767225015066554,20.5,21.5
208.0,19.575425802249818,19.769958824575895,8.239663261897977,21.0,1,1.2300411754241054,19.769958824575895,20.5,21.5
209.0,19.57815864974175,19.77269231341276,8.240792741748056,21.0,1,1.2273076865872383,19.77269231341276,20.5,21.5
210.0,19.58089117656015,19.775425481577006,8.241921895599667,21.0,1,1.224574518422994,19.775425481577006,20.5,21.5
211.0,19.58362338270396,19.778158329068177,8.2430507219241,21.0,1,1.2218416709318234,19.778158329068177,20.5,21.5
212.0,19.586355268171804,19.780890855885513,8.244179219193086,21.0,1,1.219109144114487,19.780890855885513,20.5,21.5
213.0,19.589086832962007,19.78362306202795,8.245307385878803,21.0,1,1.2163769379720506,19.78362306202795,20.5,21.5
214.0,19.591818077072592,19.786354947494118,8.246435220453877,21.0,1,1.213645052505882,19.786354947494118,20.5,21.5
215.0,19.594549000501267,19.789086512282342,8.247562721391386,21.0,1,1.210913487717658,19.789086512282342,20.5,21.5
216.0,19.597279603245447,19.79181775639064,8.248689887164854,21.0,1,1.208182243609361,19.79181775639064,20.5,21.5
217.0,19.60000988530223,19.794548679816725,8.249816716248265,21.0,1,1.2054513201832755,19.794548679816725,20.5,21.5
218.0,19.60273984666842,19.79727928255801,8.250943207116054,21.0,1,1.2027207174419914,19.79727928255801,20.5,21.5
219.0,19.60546948734051,19.800009564611592,8.252069358243114,21.0,1,1.1999904353884077,19.800009564611592,20.5,21.5
220.0,19.60819880731469,19.802739525974278,8.253195168104801,21.0,1,1.1972604740257218,19.802739525974278,20.5,21.5
221.0,19.610927806586847,19.80546916664256,8.254320635176933,21.0,1,1.1945308333574403,19.80546916664256,20.5,21.5
222.0,19.613656485152564,19.808198486612625,8.25544575793579,21.0,1,1.1918015133873752,19.808198486612625,20.5,21.5
223.0,19.616384843007122,19.810927485880367,8.256570534858119,21.0,1,1.1890725141196334,19.810927485880367,20.5,21.5
224.0,19.619112880145494,19.813656164441362,8.257694964421134,21.0,1,1.1863438355586382,19.813656164441362,20.5,21.5
225.0,19.62184059656235,19.816384522290896,8.25881904510252,21.0,1,1.183615477709104,19.816384522290896,20.5,21.5
226.0,19.624567992252057,19.819112559423935,8.259942775380438,21.0,1,1.1808874405760648,19.819112559423935,20.5,21.5
227.0,19.62729506720868,19.82184027583516,8.261066153733516,21.0,1,1.1781597241648392,19.82184027583516,20.5,21.5
228.0,19.630021821425988,19.824567671518935,8.262189178640865,21.0,1,1.1754323284810653,19.824567671518935,20.5,21.5
229.0,19.632748254897432,19.827294746469324,8.26331184858207,21.0,1,1.1727052535306761,19.827294746469324,20.5,21.5
230.0,19.63547436761617,19.830021500680086,8.264434162037203,21.0,1,1.1699784993199138,19.830021500680086,20.5,21.5
231.0,19.638200159575053,19.832747934144685,8.265556117486808,21.0,1,1.1672520658553154,19.832747934144685,20.5,21.5
232.0,19.640925630766635,19.835474046856277,8.266677713411926,21.0,1,1.1645259531437233,19.835474046856277,20.5,21.5
233.0,19.643650781183165,19.838199838807714,8.267798948294075,21.0,1,1.1618001611922857,19.838199838807714,20.5,21.5
234.0,19.646375610816587,19.84092530999154,8.268919820615265,21.0,1,1.1590746900084596,19.84092530999154,20.5,21.5
235.0,19.64910011965855,19.843650460400017,8.270040328858,21.0,1,1.156349539599983,19.843650460400017,20.5,21.5
236.0,19.651824307700387,19.846375290025083,8.271160471505274,21.0,1,1.1536247099749168,19.846375290025083,20.5,21.5
237.0,19.654548174933147,19.849099798858383,8.272280247040575,21.0,1,1.1509002011416172,19.849099798858383,20.5,21.5
238.0,19.65727172134757,19.851823986891265,8.273399653947887,21.0,1,1.1481760131087348,19.851823986891265,20.5,21.5
239.0,19.65999494693409,19.854547854114763,8.274518690711702,21.0,1,1.145452145885237,19.854547854114763,20.5,21.5
240.0,19.662717851682846,19.857271400519625,8.275637355816999,21.0,1,1.1427285994803746,19.857271400519625,20.5,21.5
241.0,19.665440435583672,19.859994626096285,8.276755647749273,21.0,1,1.1400053739037155,19.859994626096285,20.5,21.5
242.0,19.668162698626105,19.86271753083488,8.277873564994515,21.0,1,1.1372824691651218,19.86271753083488,20.5,21.5
243.0,19.67088464079938,19.86544011472524,8.278991106039228,21.0,1,1.1345598852747614,19.86544011472524,20.5,21.5
244.0,19.673606262092427,19.868162377756903,8.280108269370427,21.0,1,1.131837622243097,19.868162377756903,20.5,21.5
245.0,19.67632756249388,19.87088431991911,8.28122505347563,21.0,1,1.12911568008089,19.87088431991911,20.5,21.5
246.0,19.679048541992078,19.873605941200793,8.282341456842877,21.0,1,1.1263940587992067,19.873605941200793,20.5,21.5
247.0,19.681769200575047,19.87632724159058,8.283457477960717,21.0,1,1.1236727584094197,19.87632724159058,20.5,21.5
248.0,19.684489538230526,19.87904822107681,8.284573115318219,21.0,1,1.1209517789231889,19.87904822107681,20.5,21.5
249.0,19.687209554945944,19.881768879647517,8.285688367404973,21.0,1,1.1182311203524833,19.881768879647517,20.5,21.5
250.0,19.689929250708435,19.884489217290426,8.28680323271109,21.0,1,1.115510782709574,19.884489217290426,20.5,21.5
251.0,19.692648625504834,19.887209233992976,8.287917709727203,21.0,1,1.1127907660070235,19.887209233992976,20.5,21.5
252.0,19.695367679321677,19.889928929742304,8.289031796944471,21.0,1,1.1100710702576961,19.889928929742304,20.5,21.5
253.0,19.6980864121452,19.89264830452524,8.290145492854583,21.0,1,1.1073516954747618,19.89264830452524,20.5,21.5
254.0,19.700804823961345,19.895367358328322,8.291258795949755,21.0,1,1.104632641671678,19.895367358328322,20.5,21.5
255.0,19.703522914755744,19.89808609113778,8.292371704722736,21.0,1,1.101913908862219,19.89808609113778,20.5,21.5
256.0,19.706240684513737,19.90080450293956,8.29348421766681,21.0,1,1.099195497060439,19.90080450293956,20.5,21.5
257.0,19.708958133220367,19.9035225937193,8.294596333275795,21.0,1,1.0964774062807017,19.9035225937193,20.5,21.5
258.0,19.71167526086038,19.906240363462334,8.295708050044047,21.0,1,1.0937596365376656,19.906240363462334,20.5,21.5
259.0,19.714392067418213,19.908957812153705,8.296819366466464,21.0,1,1.0910421878462948,19.908957812153705,20.5,21.5
260.0,19.717108552878024,19.91167493977816,8.297930281038482,21.0,1,1.088325060221841,19.91167493977816,20.5,21.5
261.0,19.719824717223656,19.914391746320142,8.299040792256086,21.0,1,1.0856082536798581,19.914391746320142,20.5,21.5
262.0,19.722540560438663,19.9171082317638,8.300150898615806,21.0,1,1.0828917682361983,19.9171082317638,20.5,21.5
263.0,19.7252560825063,19.919824396092984,8.301260598614716,21.0,1,1.0801756039070156,19.919824396092984,20.5,21.5
264.0,19.72797128340952,19.922540239291248,8.302369890750445,21.0,1,1.0774597607087522,19.922540239291248,20.5,21.5
265.0,19.730686163130986,19.92525576134184,8.30347877352117,21.0,1,1.074744238658159,19.92525576134184,20.5,21.5
266.0,19.733400721653066,19.92797096222772,8.304587245425628,21.0,1,1.0720290377722783,19.92797096222772,20.5,21.5
267.0,19.73611495895782,19.930685841931552,8.305695304963105,21.0,1,1.0693141580684475,19.930685841931552,20.5,21.5
268.0,19.73882887502702,19.933400400435694,8.306802950633452,21.0,1,1.0665995995643058,19.933400400435694,20.5,21.5
269.0,19.74154246984214,19.93611463772222,8.307910180937077,21.0,1,1.0638853622777802,19.93611463772222,20.5,21.5
270.0,19.74425574338436,19.938828553772893,8.309016994374947,21.0,1,1.0611714462271067,19.938828553772893,20.5,21.5
271.0,19.74696869563456,19.94154214856919,8.310123389448602,21.0,1,1.0584578514308092,19.94154214856919,20.5,21.5
272.0,19.749681326573324,19.944255422092294,8.31122936466014,21.0,1,1.0557445779077064,19.944255422092294,20.5,21.5
273.0,19.75239363618094,19.94696837432308,8.312334918512233,21.0,1,1.053031625676919,19.94696837432308,20.5,21.5
274.0,19.755105624437405,19.949681005242134,8.31344004950812,21.0,1,1.0503189947578662,19.949681005242134,20.5,21.5
275.0,19.757817291322418,19.95239331482974,8.314544756151614,21.0,1,1.0476066851702583,19.95239331482974,20.5,21.5
276.0,19.760528636815383,19.95510530306591,8.315649036947102,21.0,1,1.0448946969340902,19.95510530306591,20.5,21.5
277.0,19.763239660895408,19.957816969930327,8.316752890399549,21.0,1,1.0421830300696726,19.957816969930327,20.5,21.5
278.0,19.765950363541307,19.9605283154024,8.317856315014497,21.0,1,1.0394716845976006,19.9605283154024,20.5,21.5
279.0,19.7686607447316,19.96323933946124,8.31895930929807,21.0,1,1.0367606605387607,19.96323933946124,20.5,21.5
280.0,19.771370804444516,19.96595004208566,8.320061871756971,21.0,1,1.0340499579143412,19.96595004208566,20.5,21.5
281.0,19.774080542657977,19.96866042325418,8.321164000898493,21.0,1,1.0313395767458218,19.96866042325418,20.5,21.5
282.0,19.776789959349625,19.971370482945023,8.322265695230511,21.0,1,1.028629517054977,19.971370482945023,20.5,21.5
283.0,19.7794990544968,19.97408022113612,8.323366953261491,21.0,1,1.02591977886388,19.97408022113612,20.5,21.5
284.0,19.78220782807655,19.97678963780511,8.32446777350049,21.0,1,1.0232103621948916,19.97678963780511,20.5,21.5
285.0,19.784916280065637,19.979498732929333,8.325568154457157,21.0,1,1.0205012670706672,19.979498732929333,20.5,21.5
286.0,19.787624410440515,19.982207506485842,8.326668094641734,21.0,1,1.0177924935141576,19.982207506485842,20.5,21.5
287.0,19.790332219177355,19.98491595845139,8.327767592565063,21.0,1,1.0150840415486115,19.98491595845139,20.5,21.5
288.0,19.79303970625203,19.987624088802434,8.328866646738582,21.0,1,1.0123759111975659,19.987624088802434,20.5,21.5
289.0,19.79574687164013,19.990331897515148,8.329965255674335,21.0,1,1.0096681024848522,19.990331897515148,20.5,21.5
290.0,19.79845371531694,19.99303938456541,8.331063417884959,21.0,1,1.0069606154345898,19.99303938456541,20.5,21.5
291.0,19.801160237257452,19.995746549928796,8.332161131883703,21.0,1,1.0042534500712037,19.995746549928796,20.5,21.5
292.0,19.803866437436376,19.998453393580597,8.333258396184425,21.0,1,1.001546606419403,19.998453393580597,20.5,21.5
293.0,19.806572315828127,20.001159915495816,8.334355209301583,21.0,1,0.9988400845041845,20.001159915495816,20.5,21.5
294.0,19.80927787240682,20.003866115649153,8.335451569750255,21.0,1,0.9961338843508472,20.003866115649153,20.5,21.5
295.0,19.81198310714629,20.006571994015022,8.336547476046126,21.0,1,0.9934280059849776,20.006571994015022,20.5,21.5
296.0,19.81468802002007,20.009277550567546,8.337642926705499,21.0,1,0.9907224494324538,20.009277550567546,20.5,21.5
297.0,19.81739261100141,20.011982785280555,8.338737920245292,21.0,1,0.988017214719445,20.011982785280555,20.5,21.5
298.0,19.820096880063257,20.01468769812758,8.339832455183041,21.0,1,0.985312301872419,20.01468769812758,20.5,21.5
299.0,19.82280082717828,20.017392289081876,8.340926530036906,21.0,1,0.9826077109181242,20.017392289081876,20.5,21.5
300.0,19.825504452318853,20.020096558116386,8.34202014332567,21.0,1,0.9799034418836143,20.020096558116386,20.5,21.5
301.0,19.828207755457054,20.022800505203783,8.343113293568734,21.0,1,0.977199494796217,20.022800505203783,20.5,21.5
302.0,19.830910736564675,20.02550413031644,8.344205979286135,21.0,1,0.9744958696835617,20.02550413031644,20.5,21.5
303.0,19.83361339561322,20.028207433426427,8.345298198998535,21.0,1,0.9717925665735727,20.028207433426427,20.5,21.5
304.0,19.836315732573897,20.030910414505552,8.346389951227225,21.0,1,0.9690895854944479,20.030910414505552,20.5,21.5
305.0,19.83901774741763,20.03361307352531,8.347481234494131,21.0,1,0.9663869264746907,20.03361307352531,20.5,21.5
306.0,19.841719440115043,20.036315410456904,8.348572047321815,21.0,1,0.9636845895430959,20.036315410456904,20.5,21.5
307.0,19.844420810636485,20.039017425271265,8.349662388233474,21.0,1,0.9609825747287353,20.039017425271265,20.5,21.5
308.0,19.847121858952004,20.041719117939024,8.350752255752944,21.0,1,0.9582808820609756,20.041719117939024,20.5,21.5
309.0,19.849822585031365,20.044420488430518,8.351841648404703,21.0,1,0.9555795115694821,20.044420488430518,20.5,21.5
310.0,19.85252298884404,20.0471215367158,8.35293056471387,21.0,1,0.9528784632842004,20.0471215367158,20.5,21.5
311.0,19.855223070359212,20.04982226276463,8.35401900320621,21.0,1,0.9501777372353715,20.04982226276463,20.5,21.5
312.0,19.85792282954578,20.052522666546487,8.355106962408136,21.0,1,0.9474773334535129,20.052522666546487,20.5,21.5
313.0,19.860622266372353,20.05522274803056,8.35619444084671,21.0,1,0.9447772519694411,20.05522274803056,20.5,21.5
314.0,19.863321380807246,20.057922507185737,8.357281437049643,21.0,1,0.9420774928142635,20.057922507185737,20.5,21.5
315.0,19.866020172818494,20.060621943980628,8.3583679495453,21.0,1,0.9393780560193719,20.060621943980628,20.5,21.5
316.0,19.86871864237384,20.063321058383554,8.3594539768627,21.0,1,0.9366789416164458,20.063321058383554,20.5,21.5
317.0,19.871416789440737,20.066019850362544,8.36053951753152,21.0,1,0.9339801496374562,20.066019850362544,20.5,21.5
318.0,19.874114613986354,20.068718319885345,8.361624570082093,21.0,1,0.9312816801146546,20.068718319885345,20.5,21.5
319.0,19.87681211597757,20.071416466919413,8.362709133045417,21.0,1,0.9285835330805874,20.071416466919413,20.5,21.5
320.0,19.879509295380984,20.07411429143191,8.36379320495315,21.0,1,0.9258857085680887,20.07411429143191,20.5,21.5
321.0,19.882206152162897,20.076811793389723,8.36487678433762,21.0,1,0.923188206610277,20.076811793389723,20.5,21.5
322.0,19.884902686289333,20.079508972759445,8.365959869731812,21.0,1,0.9204910272405549,20.079508972759445,20.5,21.5
323.0,19.887598897726022,20.08220582950738,8.367042459669388,21.0,1,0.9177941704926198,20.08220582950738,20.5,21.5
324.0,19.89029478643841,20.084902363599547,8.368124552684678,21.0,1,0.9150976364004535,20.084902363599547,20.5,21.5
325.0,19.89299035239166,20.087598575001678,8.369206147312685,21.0,1,0.9124014249983219,20.087598575001678,20.5,21.5
326.0,19.895685595550646,20.09029446367923,8.370287242089086,21.0,1,0.9097055363207716,20.09029446367923,20.5,21.5
327.0,19.898380515879953,20.092990029597352,8.371367835550235,21.0,1,0.9070099704026475,20.092990029597352,20.5,21.5
328.0,19.901075113343886,20.095685272720925,8.372447926233166,21.0,1,0.9043147272790755,20.095685272720925,20.5,21.5
329.0,19.903769387906465,20.09838019301454,8.373527512675594,21.0,1,0.9016198069854617,20.09838019301454,20.5,21.5
330.0,19.90646333953142,20.10107479044249,8.374606593415912,21.0,1,0.8989252095575111,20.10107479044249,20.5,21.5
331.0,19.9091569681822,20.103769064968795,8.375685166993204,21.0,1,0.8962309350312054,20.103769064968795,20.5,21.5
332.0,19.911850273821962,20.106463016557196,8.376763231947237,21.0,1,0.8935369834428037,20.106463016557196,20.5,21.5
333.0,19.914543256413587,20.109156645171137,8.377840786818467,21.0,1,0.8908433548288635,20.109156645171137,20.5,21.5
334.0,19.91723591591967,20.111849950773777,8.37891783014804,21.0,1,0.8881500492262226,20.111849950773777,20.5,21.5
335.0,19.919928252302515,20.114542933327996,8.379994360477799,21.0,1,0.8854570666720036,20.114542933327996,20.5,21.5
336.0,19.922620265524152,20.117235592796384,8.381070376350275,21.0,1,0.8827644072036165,20.117235592796384,20.5,21.5
337.0,19.925311955546317,20.11992792914126,8.382145876308698,21.0,1,0.8800720708587413,20.11992792914126,20.5,21.5
338.0,19.92800332233047,20.122619942324636,8.383220858896998,21.0,1,0.8773800576753636,20.122619942324636,20.5,21.5
339.0,19.93069436583778,20.12531163230826,8.384295322659804,21.0,1,0.8746883676917392,20.12531163230826,20.5,21.5
340.0,19.933385086029144,20.128002999053585,8.385369266142447,21.0,1,0.8719970009464149,20.128002999053585,20.5,21.5
341.0,19.936075482865167,20.13069404252179,8.386442687890968,21.0,1,0.8693059574782112,20.13069404252179,20.5,21.5
342.0,19.938765556306173,20.133384762673764,8.387515586452103,21.0,1,0.8666152373262364,20.133384762673764,20.5,21.5
343.0,19.941455306312204,20.136075159470106,8.388587960373307,21.0,1,0.8639248405298936,20.136075159470106,20.5,21.5
344.0,19.944144732843014,20.138765232871155,8.389659808202738,21.0,1,0.8612347671288454,20.138765232871155,20.5,21.5
345.0,19.946833835858087,20.141454982836944,8.390731128489273,21.0,1,0.8585450171630562,20.141454982836944,20.5,21.5
346.0,19.949522615316614,20.144144409327232,8.391801919782498,21.0,1,0.8558555906727676,20.144144409327232,20.5,21.5
347.0,19.95221107117751,20.1468335123015,8.392872180632716,21.0,1,0.8531664876984983,20.1468335123015,20.5,21.5
348.0,19.9548992033994,20.149522291718938,8.393941909590952,21.0,1,0.850477708281062,20.149522291718938,20.5,21.5
349.0,19.95758701194064,20.15221074753846,8.395011105208942,21.0,1,0.8477892524615385,20.15221074753846,20.5,21.5
350.0,19.960274496759293,20.154898879718704,8.396079766039156,21.0,1,0.8451011202812957,20.154898879718704,20.5,21.5
351.0,19.96296165781315,20.15758668821801,8.39714789063478,21.0,1,0.8424133117819892,20.15758668821801,20.5,21.5
352.0,19.965648495059714,20.160274172994452,8.398215477549728,21.0,1,0.8397258270055481,20.160274172994452,20.5,21.5
353.0,19.96833500845621,20.162961334005814,8.399282525338643,21.0,1,0.8370386659941857,20.162961334005814,20.5,21.5
354.0,19.971021197959587,20.165648171209604,8.400349032556894,21.0,1,0.8343518287903962,20.165648171209604,20.5,21.5
355.0,19.973707063526508,20.168334684563046,8.40141499776059,21.0,1,0.831665315436954,20.168334684563046,20.5,21.5
356.0,19.976392605113354,20.17102087402309,8.402480419506563,21.0,1,0.828979125976911,20.17102087402309,20.5,21.5
357.0,19.97907782267623,20.173706739546393,8.403545296352391,21.0,1,0.8262932604536068,20.173706739546393,20.5,21.5
358.0,19.981762716170966,20.176392281089342,8.40460962685638,21.0,1,0.8236077189106581,20.176392281089342,20.5,21.5
359.0,19.984447285553102,20.179077498608045,8.405673409577586,21.0,1,0.820922501391955,20.179077498608045,20.5,21.5
360.0,19.98713153077791,20.181762392058324,8.4067366430758,21.0,1,0.8182376079416755,20.181762392058324,20.5,21.5
361.0,19.989815451800368,20.18444696139573,8.407799325911556,21.0,1,0.8155530386042713,20.18444696139573,20.5,21.5
362.0,19.99249904857519,20.187131206575522,8.408861456646138,21.0,1,0.812868793424478,20.187131206575522,20.5,21.5
363.0,19.995182321056806,20.189815127552688,8.409923033841572,21.0,1,0.8101848724473122,20.189815127552688,20.5,21.5
364.0,19.997865269199362,20.19249872428194,8.41098405606064,21.0,1,0.8075012757180602,20.19249872428194,20.5,21.5
365.0,20.000547892956735,20.195181996717707,8.412044521866868,21.0,1,0.8048180032822927,20.195181996717707,20.5,21.5
366.0,20.00323019228252,20.197864944814135,8.413104429824541,21.0,1,0.8021350551858646,20.197864944814135,20.5,21.5
367.0,20.005912167130028,20.200547568525103,8.414163778498699,21.0,1,0.7994524314748972,20.200547568525103,20.5,21.5
368.0,20.0085938174523,20.203229867804204,8.415222566455133,21.0,1,0.7967701321957961,20.203229867804204,20.5,21.5
369.0,20.011275143202102,20.205911842604753,8.416280792260402,21.0,1,0.7940881573952474,20.205911842604753,20.5,21.5
370.0,20.013956144331914,20.20859349287979,8.417338454481818,21.0,1,0.791406507120211,20.20859349287979,20.5,21.5
371.0,20.016636820793945,20.211274818582076,8.418395551687462,21.0,1,0.7887251814179237,20.211274818582076,20.5,21.5
372.0,20.019317172540124,20.213955819664093,8.419452082446178,21.0,1,0.7860441803359066,20.213955819664093,20.5,21.5
373.0,20.021997199522104,20.216636496078056,8.420508045327574,21.0,1,0.7833635039219438,20.216636496078056,20.5,21.5
374.0,20.024676901691265,20.21931684777589,8.42156343890203,21.0,1,0.7806831522241104,20.21931684777589,20.5,21.5
375.0,20.027356278998706,20.221996874709248,8.4226182617407,21.0,1,0.778003125290752,20.221996874709248,20.5,21.5
376.0,20.030035331395254,20.224676576829513,8.423672512415502,21.0,1,0.7753234231704873,20.224676576829513,20.5,21.5
377.0,20.03271405883146,20.227355954087777,8.424726189499134,21.0,1,0.772644045912223,20.227355954087777,20.5,21.5
378.0,20.035392461257594,20.230035006434875,8.425779291565073,21.0,1,0.7699649935651252,20.230035006434875,20.5,21.5
379.0,20.038070538623654,20.232713733821353,8.42683181718757,21.0,1,0.7672862661786475,20.232713733821353,20.5,21.5
380.0,20.040748290879367,20.235392136197486,8.427883764941654,21.0,1,0.7646078638025138,20.235392136197486,20.5,21.5
381.0,20.04342571797418,20.23807021351327,8.428935133403145,21.0,1,0.7619297864867285,20.23807021351327,20.5,21.5
382.0,20.046102819857268,20.240747965718434,8.429985921148642,21.0,1,0.7592520342815661,20.240747965718434,20.5,21.5
383.0,20.048779596477527,20.24342539276242,8.43103612675553,21.0,1,0.7565746072375816,20.24342539276242,20.5,21.5
384.0,20.05145604778358,20.246102494594403,8.432085748801983,21.0,1,0.7538975054055967,20.246102494594403,20.5,21.5
385.0,20.054132173723787,20.248779271163286,8.433134785866963,21.0,1,0.7512207288367136,20.248779271163286,20.5,21.5
386.0,20.056807974246215,20.251455722417695,8.434183236530227,21.0,1,0.7485442775823046,20.251455722417695,20.5,21.5
387.0,20.05948344929867,20.254131848305974,8.435231099372327,21.0,1,0.745868151694026,20.254131848305974,20.5,21.5
388.0,20.062158598828685,20.256807648776203,8.436278372974607,21.0,1,0.7431923512237972,20.256807648776203,20.5,21.5
389.0,20.064833422783515,20.25948312377619,8.437325055919208,21.0,1,0.7405168762238112,20.25948312377619,20.5,21.5
390.0,20.067507921110142,20.26215827325346,8.438371146789077,21.0,1,0.7378417267465416,20.26215827325346,20.5,21.5
391.0,20.070182093755278,20.26483309715527,8.439416644167956,21.0,1,0.7351669028447283,20.26483309715527,20.5,21.5
392.0,20.07285594066536,20.26750759542861,8.440461546640394,21.0,1,0.7324924045713885,20.26750759542861,20.5,21.5
393.0,20.075529461786555,20.270181768020187,8.441505852791746,21.0,1,0.729818231979813,20.270181768020187,20.5,21.5
394.0,20.078202657064757,20.272855614876438,8.44254956120817,21.0,1,0.7271443851235624,20.272855614876438,20.5,21.5
395.0,20.080875526445585,20.275529135943525,8.443592670476637,21.0,1,0.7244708640564745,20.275529135943525,20.5,21.5
396.0,20.08354806987439,20.278202331167346,8.444635179184928,21.0,1,0.7217976688326537,20.278202331167346,20.5,21.5
397.0,20.08622028729625,20.280875200493522,8.445677085921638,21.0,1,0.7191247995064778,20.280875200493522,20.5,21.5
398.0,20.088892178655975,20.283547743867405,8.446718389276176,21.0,1,0.7164522561325946,20.283547743867405,20.5,21.5
399.0,20.0915637438981,20.286219961234075,8.44775908783877,21.0,1,0.7137800387659254,20.286219961234075,20.5,21.5
400.0,20.09423498296689,20.288891852538335,8.448799180200462,21.0,1,0.7111081474616654,20.288891852538335,20.5,21.5
401.0,20.096905895806334,20.291563417724724,8.44983866495312,21.0,1,0.7084365822752758,20.291563417724724,20.5,21.5
402.0,20.099576482360163,20.29423465673751,8.450877540689431,21.0,1,0.7057653432624917,20.29423465673751,20.5,21.5
403.0,20.10224674257183,20.29690556952068,8.451915806002908,21.0,1,0.7030944304793216,20.29690556952068,20.5,21.5
404.0,20.104916676384516,20.29957615601796,8.45295345948789,21.0,1,0.7004238439820405,20.29957615601796,20.5,21.5
405.0,20.107586283741135,20.30224641617281,8.453990499739547,21.0,1,0.6977535838271898,20.30224641617281,20.5,21.5
406.0,20.110255564584335,20.304916349928412,8.455026925353874,21.0,1,0.695083650071588,20.304916349928412,20.5,21.5
407.0,20.112924518856488,20.307585957227676,8.456062734927702,21.0,1,0.6924140427723238,20.307585957227676,20.5,21.5
408.0,20.1155931464997,20.310255238013248,8.457097927058694,21.0,1,0.689744761986752,20.310255238013248,20.5,21.5
409.0,20.118261447455815,20.312924192227506,8.458132500345352,21.0,1,0.6870758077724943,20.312924192227506,20.5,21.5
410.0,20.120929421666393,20.315592819812558,8.459166453387011,21.0,1,0.6844071801874421,20.315592819812558,20.5,21.5
411.0,20.123597069072737,20.31826112071024,8.460199784783851,21.0,1,0.6817388792897603,20.31826112071024,20.5,21.5
412.0,20.12626438961588,20.320929094862116,8.46123249313689,21.0,1,0.679070905137884,20.320929094862116,20.5,21.5
413.0,20.128931383236583,20.323596742209492,8.462264577047991,21.0,1,0.6764032577905077,20.323596742209492,20.5,21.5
414.0,20.131598049875347,20.326264062693397,8.463296035119862,21.0,1,0.6737359373066028,20.326264062693397,20.5,21.5
415.0,20.134264389472396,20.328931056254596,8.464326865956057,21.0,1,0.6710689437454036,20.328931056254596,20.5,21.5
416.0,20.136930401967692,20.33159772283359,8.465357068160982,21.0,1,0.6684022771664111,20.33159772283359,20.5,21.5
417.0,20.13959608730093,20.3342640623706,8.466386640339891,21.0,1,0.6657359376293996,20.3342640623706,20.5,21.5
418.0,20.14226144541154,20.336930074805593,8.467415581098894,21.0,1,0.6630699251944066,20.336930074805593,20.5,21.5
419.0,20.144926476238677,20.33959576007826,8.468443889044954,21.0,1,0.6604042399217391,20.33959576007826,20.5,21.5
420.0,20.14759117972124,20.34226111812803,8.469471562785891,21.0,1,0.6577388818719712,20.34226111812803,20.5,21.5
421.0,20.15025555579785,20.344926148894057,8.470498600930384,21.0,1,0.6550738511059429,20.344926148894057,20.5,21.5
422.0,20.15291960440688,20.347590852315246,8.47152500208797,21.0,1,0.6524091476847538,20.347590852315246,20.5,21.5
423.0,20.155583325486415,20.350255228330223,8.472550764869053,21.0,1,0.6497447716697771,20.350255228330223,20.5,21.5
424.0,20.15824671897429,20.352919276877344,8.4735758878849,21.0,1,0.6470807231226559,20.352919276877344,20.5,21.5
425.0,20.160909784808073,20.35558299789471,8.474600369747641,21.0,1,0.6444170021052891,20.35558299789471,20.5,21.5
426.0,20.16357252292506,20.358246391320154,8.475624209070276,21.0,1,0.6417536086798457,20.358246391320154,20.5,21.5
427.0,20.16623493326229,20.360909457091235,8.476647404466675,21.0,1,0.6390905429087645,20.360909457091235,20.5,21.5
428.0,20.16889701575653,20.36357219514526,8.47766995455158,21.0,1,0.6364278048547405,20.36357219514526,20.5,21.5
429.0,20.17155877034429,20.36623460541926,8.478691857940607,21.0,1,0.6337653945807418,20.36623460541926,20.5,21.5
430.0,20.17422019696181,20.368896687850004,8.479713113250247,21.0,1,0.631103312149996,20.368896687850004,20.5,21.5
431.0,20.176881295545066,20.371558442374003,8.480733719097866,21.0,1,0.6284415576259974,20.371558442374003,20.5,21.5
432.0,20.179542066029775,20.3742198689275,8.481753674101716,21.0,1,0.6257801310724993,20.3742198689275,20.5,21.5
433.0,20.182202508351388,20.37688096744647,8.482772976880922,21.0,1,0.6231190325535287,20.37688096744647,20.5,21.5
434.0,20.184862622445095,20.37954173786663,8.483791626055496,21.0,1,0.6204582621333685,20.37954173786663,20.5,21.5
435.0,20.18752240824582,20.382202180123432,8.484809620246336,21.0,1,0.6177978198765679,20.382202180123432,20.5,21.5
436.0,20.19018186568822,20.384862294152065,8.485826958075227,21.0,1,0.6151377058479355,20.384862294152065,20.5,21.5
437.0,20.1928409947067,20.38752207988745,8.486843638164839,21.0,1,0.6124779201125499,20.38752207988745,20.5,21.5
438.0,20.195499795235392,20.39018153726425,8.487859659138733,21.0,1,0.609818462735749,20.39018153726425,20.5,21.5
439.0,20.19815826720817,20.392840666216866,8.488875019621366,21.0,1,0.6071593337831338,20.392840666216866,20.5,21.5
440.0,20.200816410558655,20.395499466679432,8.489889718238087,21.0,1,0.604500533320568,20.395499466679432,20.5,21.5
441.0,20.20347422522019,20.39815793858583,8.490903753615141,21.0,1,0.6018420614141711,20.39815793858583,20.5,21.5
442.0,20.20613171112587,20.40081608186966,8.49191712437967,21.0,1,0.5991839181303398,20.40081608186966,20.5,21.5
443.0,20.208788868208522,20.403473896464284,8.492929829159719,21.0,1,0.5965261035357159,20.403473896464284,20.5,21.5
444.0,20.211445696400713,20.406131382302796,8.493941866584231,21.0,1,0.5938686176972041,20.406131382302796,20.5,21.5
445.0,20.214102195634748,20.40878853931801,8.494953235283054,21.0,1,0.5912114606819898,20.40878853931801,20.5,21.5
446.0,20.21675836584268,20.411445367442507,8.495963933886943,21.0,1,0.5885546325574929,20.411445367442507,20.5,21.5
447.0,20.219414206956287,20.414101866608593,8.496973961027555,21.0,1,0.5858981333914066,20.414101866608593,20.5,21.5
448.0,20.2220697189071,20.41675803674831,8.497983315337464,21.0,1,0.583241963251691,20.41675803674831,20.5,21.5
449.0,20.224724901626388,20.419413877793442,8.498991995450147,21.0,1,0.580586122206558,20.419413877793442,20.5,21.5
450.0,20.227379755045153,20.42206938967552,8.5,21.0,1,0.5779306103244792,20.42206938967552,20.5,21.5
451.0,20.230034279094145,20.424724572325815,8.501007327622329,21.0,1,0.5752754276741854,20.424724572325815,20.5,21.5
452.0,20.23268847370385,20.427379425675326,8.50201397695336,21.0,1,0.5726205743246737,20.427379425675326,20.5,21.5
453.0,20.2353423388045,20.430033949654806,8.503019946630236,21.0,1,0.5699660503451938,20.430033949654806,20.5,21.5
454.0,20.237995874326064,20.432688144194742,8.504025235291017,21.0,1,0.5673118558052579,20.432688144194742,20.5,21.5
455.0,20.240649080198256,20.435342009225362,8.50502984157469,21.0,1,0.5646579907746379,20.435342009225362,20.5,21.5
456.0,20.243301956350532,20.437995544676642,8.506033764121163,21.0,1,0.5620044553233576,20.437995544676642,20.5,21.5
457.0,20.245954502712085,20.44064875047829,8.507037001571273,21.0,1,0.5593512495217112,20.44064875047829,20.5,21.5
458.0,20.248606719211857,20.44330162655976,8.508039552566778,21.0,1,0.5566983734402413,20.44330162655976,20.5,21.5
459.0,20.251258605778528,20.44595417285025,8.50904141575037,21.0,1,0.5540458271497499,20.44595417285025,20.5,21.5
460.0,20.25391016234052,20.4486063892787,8.510042589765675,21.0,1,0.5513936107212984,20.4486063892787,20.5,21.5
461.0,20.256561388826007,20.451258275773796,8.511043073257245,21.0,1,0.548741724226204,20.451258275773796,20.5,21.5
462.0,20.259212285162892,20.453909832263957,8.51204286487057,21.0,1,0.5460901677360432,20.453909832263957,20.5,21.5
463.0,20.261862851278835,20.456561058677355,8.513041963252082,21.0,1,0.5434389413226448,20.456561058677355,20.5,21.5
464.0,20.26451308710123,20.459211954941896,8.514040367049141,21.0,1,0.540788045058104,20.459211954941896,20.5,21.5
465.0,20.267162992557218,20.461862520985235,8.515038074910054,21.0,1,0.5381374790147646,20.461862520985235,20.5,21.5
466.0,20.269812567573688,20.46451275673477,8.516035085484072,21.0,1,0.53548724326523,20.46451275673477,20.5,21.5
467.0,20.27246181207727,20.467162662117648,8.517031397421384,21.0,1,0.5328373378823521,20.467162662117648,20.5,21.5
468.0,20.275110725994338,20.469812237060747,8.51802700937313,21.0,1,0.5301877629392528,20.469812237060747,20.5,21.5
469.0,20.277759309251014,20.472461481490704,8.519021919991395,21.0,1,0.5275385185092958,20.472461481490704,20.5,21.5
470.0,20.280407561773163,20.475110395333893,8.520016127929216,21.0,1,0.5248896046661073,20.475110395333893,20.5,21.5
471.0,20.283055483486393,20.477758978516437,8.521009631840576,21.0,1,0.5222410214835627,20.477758978516437,20.5,21.5
472.0,20.285703074316064,20.480407230964197,8.522002430380418,21.0,1,0.5195927690358033,20.480407230964197,20.5,21.5
473.0,20.288350334187278,20.48305515260278,8.522994522204636,21.0,1,0.5169448473972196,20.48305515260278,20.5,21.5
474.0,20.29099726302488,20.485702743357557,8.523985905970079,21.0,1,0.5142972566424433,20.485702743357557,20.5,21.5
475.0,20.29364386075347,20.488350003153617,8.52497658033456,21.0,1,0.5116499968463835,20.488350003153617,20.5,21.5
476.0,20.296290127297386,20.490996931915813,8.525966543956848,21.0,1,0.509003068084187,20.490996931915813,20.5,21.5
477.0,20.29893606258072,20.493643529568743,8.526955795496677,21.0,1,0.5063564704312569,20.493643529568743,20.5,21.5
478.0,20.3015816665273,20.49628979603675,8.527944333614743,21.0,1,0.5037102039632515,20.49628979603675,20.5,21.5
479.0,20.30422693906072,20.498935731243915,8.52893215697271,21.0,1,0.5010642687560853,20.498935731243915,20.5,21.5
480.0,20.3068718801043,20.501581335114082,8.529919264233206,21.0,1,0.4984186648859179,20.501581335114082,20.5,21.5
481.0,20.309516489581124,20.504226607570832,8.530905654059831,21.0,1,0.49577339242916807,20.504226607570832,20.5,21.5
482.0,20.31216076741402,20.506871548537493,8.531891325117158,21.0,1,0.49312845146250694,20.506871548537493,20.5,21.5
483.0,20.31480471352556,20.509516157937146,8.53287627607073,21.0,1,0.49048384206285434,20.509516157937146,20.5,21.5
484.0,20.31744832783807,20.512160435692614,8.533860505587066,21.0,1,0.48783956430738584,20.512160435692614,20.5,21.5
485.0,20.320091610273618,20.514804381726478,8.534844012333664,21.0,1,0.4851956182735222,20.514804381726478,20.5,21.5
486.0,20.32273456075403,20.51744799596106,8.535826794978997,21.0,1,0.48255200403893994,20.51744799596106,20.5,21.5
487.0,20.325377179200874,20.520091278318432,8.536808852192518,21.0,1,0.47990872168156784,20.520091278318432,20.5,21.5
488.0,20.328019465535473,20.522734228720413,8.537790182644667,21.0,1,0.4772657712795869,20.522734228720413,20.5,21.5
489.0,20.330661419678894,20.525376847088577,8.538770785006863,21.0,1,0.4746231529114233,20.525376847088577,20.5,21.5
490.0,20.333303041551957,20.528019133344248,8.539750657951513,21.0,1,0.4719808666557519,20.528019133344248,20.5,21.5
491.0,20.335944331075236,20.530661087408486,8.540729800152011,21.0,1,0.46933891259151395,20.530661087408486,20.5,21.5
492.0,20.338585288169053,20.533302709202125,8.54170821028274,21.0,1,0.4666972907978746,20.533302709202125,20.5,21.5
493.0,20.341225912753476,20.535943998645724,8.542685887019076,21.0,1,0.46405600135427605,20.535943998645724,20.5,21.5
494.0,20.34386620474833,20.53858495565961,8.543662829037384,21.0,1,0.4614150443403915,20.53858495565961,20.5,21.5
495.0,20.346506164073187,20.541225580163854,8.544639035015027,21.0,1,0.4587744198361463,20.541225580163854,20.5,21.5
496.0,20.349145790647373,20.543865872078282,8.545614503630365,21.0,1,0.45613412792171815,20.543865872078282,20.5,21.5
497.0,20.35178508438997,20.546505831322463,8.546589233562754,21.0,1,0.4534941686775369,20.546505831322463,20.5,21.5
498.0,20.354424045219805,20.54914545781573,8.547563223492551,21.0,1,0.45085454218427046,20.54914545781573,20.5,21.5
499.0,20.35706267305546,20.551784751477154,8.548536472101114,21.0,1,0.4482152485228461,20.551784751477154,20.5,21.5
500.0,20.359700967815268,20.55442371222557,8.549508978070806,21.0,1,0.44557628777442915,20.55442371222557,20.5,21.5
501.0,20.36233892941732,20.55706233997956,8.550480740084996,21.0,1,0.44293766002044066,20.55706233997956,20.5,21.5
502.0,20.364976557779453,20.559700634657457,8.551451756828058,21.0,1,0.4402993653425433,20.559700634657457,20.5,21.5
503.0,20.367613852819265,20.562338596177348,8.552422026985376,21.0,1,0.43766140382265206,20.562338596177348,20.5,21.5
504.0,20.3702508144541,20.564976224457077,8.553391549243344,21.0,1,0.4350237755429234,20.564976224457077,20.5,21.5
505.0,20.37288744260106,20.567613519414238,8.554360322289371,21.0,1,0.43238648058576246,20.567613519414238,20.5,21.5
506.0,20.375523737176994,20.570250480966173,8.55532834481188,21.0,1,0.42974951903382674,20.570250480966173,20.5,21.5
507.0,20.37815969809852,20.572887109029985,8.556295615500305,21.0,1,0.42711289097001526,20.572887109029985,20.5,21.5
508.0,20.380795325282,20.57552340352253,8.557262133045104,21.0,1,0.4244765964774686,20.57552340352253,20.5,21.5
509.0,20.383430618643555,20.578159364360424,8.558227896137753,21.0,1,0.4218406356395761,20.578159364360424,20.5,21.5
510.0,20.386065578099053,20.58079499146002,8.559192903470747,21.0,1,0.4192050085399792,20.58079499146002,20.5,21.5
511.0,20.388700203564127,20.58343028473745,8.560157153737606,21.0,1,0.4165697152625505,20.58343028473745,20.5,21.5
512.0,20.39133449495416,20.58606524410858,8.561120645632878,21.0,1,0.4139347558914217,20.58606524410858,20.5,21.5
513.0,20.393968452184296,20.58869986948904,8.562083377852131,21.0,1,0.41130013051095915,20.58869986948904,20.5,21.5
514.0,20.39660207516943,20.59133416079421,8.563045349091967,21.0,1,0.4086658392057885,20.59133416079421,20.5,21.5
515.0,20.399235363824214,20.593968117939248,8.564006558050014,21.0,1,0.406031882060752,20.593968117939248,20.5,21.5
516.0,20.40186831806306,20.59660174083903,8.564967003424938,21.0,1,0.4033982591609693,20.59660174083903,20.5,21.5
517.0,20.40450093780013,20.599235029408227,8.565926683916432,21.0,1,0.40076497059177285,20.599235029408227,20.5,21.5
518.0,20.40713322294935,20.601867983561238,8.56688559822523,21.0,1,0.39813201643876184,20.601867983561238,20.5,21.5
519.0,20.409765173424407,20.604500603212234,8.567843745053102,21.0,1,0.39549939678776624,20.604500603212234,20.5,21.5
520.0,20.412396789138732,20.607132888275135,8.568801123102851,21.0,1,0.39286711172486477,20.607132888275135,20.5,21.5
521.0,20.415028070005526,20.60976483866363,8.569757731078331,21.0,1,0.3902351613363706,20.60976483866363,20.5,21.5
522.0,20.41765901593774,20.61239645429115,8.570713567684432,21.0,1,0.38760354570884914,20.61239645429115,20.5,21.5
523.0,20.42028962684809,20.615027735070903,8.57166863162709,21.0,1,0.38497226492909675,20.615027735070903,20.5,21.5
524.0,20.422919902649046,20.61765868091583,8.572622921613283,21.0,1,0.38234131908416913,20.61765868091583,20.5,21.5
525.0,20.42554984325284,20.62028929173865,8.573576436351047,21.0,1,0.37971070826134934,20.62028929173865,20.5,21.5
526.0,20.42817944857146,20.622919567451838,8.574529174549456,21.0,1,0.37708043254816204,20.622919567451838,20.5,21.5
527.0,20.430808718516655,20.625549507967623,8.575481134918643,21.0,1,0.374450492032377,20.625549507967623,20.5,21.5
528.0,20.433437652999935,20.62817911319799,8.576432316169793,21.0,1,0.3718208868020092,20.62817911319799,20.5,21.5
529.0,20.43606625193257,20.630808383054692,8.577382717015142,21.0,1,0.369191616945308,20.630808383054692,20.5,21.5
530.0,20.438694515225585,20.633437317449243,8.578332336167987,21.0,1,0.3665626825507573,20.633437317449243,20.5,21.5
531.0,20.441322442789772,20.636065916292903,8.579281172342679,21.0,1,0.3639340837070968,20.636065916292903,20.5,21.5
532.0,20.443950034535682,20.638694179496706,8.580229224254632,21.0,1,0.3613058205032935,20.638694179496706,20.5,21.5
533.0,20.446577290373625,20.641322106971447,8.581176490620324,21.0,1,0.3586778930285526,20.641322106971447,20.5,21.5
534.0,20.449204210213676,20.643949698627672,8.58212297015729,21.0,1,0.35605030137232774,20.643949698627672,20.5,21.5
535.0,20.451830793965666,20.64657695437569,8.583068661584134,21.0,1,0.3534230456243108,20.64657695437569,20.5,21.5
536.0,20.45445704153919,20.649203874125572,8.58401356362053,21.0,1,0.3507961258744281,20.649203874125572,20.5,21.5
537.0,20.457082952843606,20.65183045778716,8.584957674987216,21.0,1,0.34816954221284035,20.65183045778716,20.5,21.5
538.0,20.459708527788035,20.65445670527004,8.585900994406,21.0,1,0.3455432947299606,20.65445670527004,20.5,21.5
539.0,20.462333766281358,20.657082616483574,8.586843520599768,21.0,1,0.34291738351642564,20.657082616483574,20.5,21.5
540.0,20.46495866823222,20.659708191336886,8.587785252292473,21.0,1,0.3402918086631139,20.659708191336886,20.5,21.5
541.0,20.467583233549032,20.662333429738858,8.588726188209149,21.0,1,0.3376665702611419,20.662333429738858,20.5,21.5
542.0,20.470207462139964,20.664958331598125,8.589666327075903,21.0,1,0.33504166840187466,20.664958331598125,20.5,21.5
543.0,20.47283135391295,20.66758289682311,8.590605667619926,21.0,1,0.33241710317689055,20.66758289682311,20.5,21.5
544.0,20.475454908775692,20.670207125321973,8.591544208569484,21.0,1,0.3297928746780272,20.670207125321973,20.5,21.5
545.0,20.47807812663565,20.67283101700266,8.59248194865393,21.0,1,0.327168982997339,20.67283101700266,20.5,21.5
546.0,20.480701007400054,20.675454571772867,8.593418886603702,21.0,1,0.3245454282271325,20.675454571772867,20.5,21.5
547.0,20.483323550975893,20.678077789540055,8.594355021150317,21.0,1,0.3219222104599453,20.678077789540055,20.5,21.5
548.0,20.485945757269928,20.68070067021145,8.59529035102639,21.0,1,0.31929932978854936,20.68070067021145,20.5,21.5
549.0,20.48856762618868,20.683323213694045,8.596224874965616,21.0,1,0.31667678630595475,20.683323213694045,20.5,21.5
550.0,20.491189157638434,20.6859454198946,8.597158591702787,21.0,1,0.3140545801053989,20.6859454198946,20.5,21.5
551.0,20.493810351525248,20.68856728871964,8.598091499973783,21.0,1,0.31143271128036076,20.68856728871964,20.5,21.5
552.0,20.496431207754938,20.69118882007545,8.599023598515586,21.0,1,0.3088111799245503,20.69118882007545,20.5,21.5
553.0,20.49905172623309,20.693810013868084,8.599954886066266,21.0,1,0.3061899861319155,20.693810013868084,20.5,21.5
554.0,20.50167190686506,20.69643087000336,8.600885361364996,21.0,1,0.30356912999663876,20.69643087000336,20.5,21.5
555.0,20.50429174955596,20.699051388386867,8.601815023152048,21.0,1,0.30094861161313347,20.699051388386867,20.5,21.5
556.0,20.50691125421068,20.701671568923953,8.602743870168794,21.0,1,0.29832843107604745,20.701671568923953,20.5,21.5
557.0,20.509530420733874,20.70429141151974,8.603671901157709,21.0,1,0.2957085884802595,20.70429141151974,20.5,21.5
558.0,20.51214924902996,20.706910916079114,8.604599114862374,21.0,1,0.2930890839208864,20.706910916079114,20.5,21.5
559.0,20.514767739003126,20.709530082506724,8.605525510027478,21.0,1,0.2904699174932759,20.709530082506724,20.5,21.5
560.0,20.517385890557332,20.712148910707,8.606451085398813,21.0,1,0.2878510892929995,20.712148910707,20.5,21.5
561.0,20.5200037035963,20.714767400584126,8.607375839723286,21.0,1,0.285232599415874,20.714767400584126,20.5,21.5
562.0,20.522621178023524,20.717385552042053,8.608299771748914,21.0,1,0.2826144479579469,20.717385552042053,20.5,21.5
563.0,20.525238313742268,20.720003364984514,8.609222880224827,21.0,1,0.2799966350154861,20.720003364984514,20.5,21.5
564.0,20.527855110655565,20.722620839315006,8.610145163901267,21.0,1,0.277379160684994,20.722620839315006,20.5,21.5
565.0,20.530471568666215,20.725237974936782,8.6110666215296,21.0,1,0.2747620250632181,20.725237974936782,20.5,21.5
566.0,20.533087687676787,20.72785477175288,8.611987251862303,21.0,1,0.27214522824711906,20.72785477175288,20.5,21.5
567.0,20.535703467589624,20.730471229666097,8.612907053652977,21.0,1,0.26952877033390266,20.730471229666097,20.5,21.5
568.0,20.538318908306838,20.733087348579012,8.613826025656342,21.0,1,0.26691265142098786,20.733087348579012,20.5,21.5
569.0,20.540934009730307,20.735703128393958,8.614744166628247,21.0,1,0.2642968716060423,20.735703128393958,20.5,21.5
570.0,20.543548771761685,20.738318569013053,8.615661475325659,21.0,1,0.26168143098694685,20.738318569013053,20.5,21.5
571.0,20.546163194302398,20.740933670338173,8.616577950506676,21.0,1,0.2590663296618274,20.740933670338173,20.5,21.5
572.0,20.548777277253638,20.743548432270977,8.617493590930522,21.0,1,0.2564515677290231,20.743548432270977,20.5,21.5
573.0,20.551391020516373,20.746162854712885,8.618408395357553,21.0,1,0.25383714528711465,20.746162854712885,20.5,21.5
574.0,20.55400442399134,20.74877693756509,8.61932236254926,21.0,1,0.2512230624349101,20.74877693756509,20.5,21.5
575.0,20.556617487579054,20.751390680728566,8.62023549126826,21.0,1,0.24860931927143426,20.751390680728566,20.5,21.5
576.0,20.55923021117979,20.754004084104043,8.62114778027831,21.0,1,0.24599591589595704,20.754004084104043,20.5,21.5
577.0,20.561842594693612,20.756617147592035,8.622059228344304,21.0,1,0.2433828524079651,20.756617147592035,20.5,21.5
578.0,20.564454638020344,20.759229871092828,8.622969834232272,21.0,1,0.24077012890717242,20.759229871092828,20.5,21.5
579.0,20.567066341059586,20.76184225450648,8.623879596709386,21.0,1,0.23815774549352042,20.76184225450648,20.5,21.5
580.0,20.569677703710717,20.76445429773281,8.62478851454396,21.0,1,0.23554570226718852,20.76445429773281,20.5,21.5
581.0,20.572288725872884,20.767066000671427,8.625696586505452,21.0,1,0.23293399932857284,20.767066000671427,20.5,21.5
582.0,20.57489940744501,20.769677363221707,8.626603811364461,21.0,1,0.23032263677829334,20.769677363221707,20.5,21.5
583.0,20.577509748325795,20.7722883852828,8.627510187892739,21.0,1,0.22771161471720092,20.7722883852828,20.5,21.5
584.0,20.580119748413708,20.774899066753623,8.62841571486318,21.0,1,0.22510093324637737,20.774899066753623,20.5,21.5
585.0,20.582729407606998,20.77750940753288,8.629320391049838,21.0,1,0.22249059246712122,20.77750940753288,20.5,21.5
586.0,20.585338725803688,20.780119407519038,8.630224215227907,21.0,1,0.21988059248096192,20.780119407519038,20.5,21.5
587.0,20.587947702901573,20.78272906661035,8.631127186173742,21.0,1,0.2172709333896492,20.78272906661035,20.5,21.5
588.0,20.590556338798226,20.785338384704836,8.63202930266485,21.0,1,0.2146616152951637,20.785338384704836,20.5,21.5
589.0,20.593164633390998,20.787947361700297,8.6329305634799,21.0,1,0.21205263829970278,20.787947361700297,20.5,21.5
590.0,20.595772586577016,20.7905559974943,8.63383096739871,21.0,1,0.20944400250569828,20.7905559974943,20.5,21.5
591.0,20.59838019825318,20.7931642919842,8.634730513202268,21.0,1,0.20683570801579876,20.7931642919842,20.5,21.5
592.0,20.60098746831617,20.79577224506712,8.635629199672717,21.0,1,0.20422775493288015,20.79577224506712,20.5,21.5
593.0,20.60359439666244,20.79837985663996,8.636527025593367,21.0,1,0.20162014336003864,20.79837985663996,20.5,21.5
594.0,20.606200983188227,20.800987126599402,8.63742398974869,21.0,1,0.1990128734005978,20.800987126599402,20.5,21.5
595.0,20.60880722778954,20.80359405484191,8.638320090924328,21.0,1,0.19640594515809084,20.80359405484191,20.5,21.5
596.0,20.611413130362166,20.806200641263707,8.63921532790709,21.0,1,0.1937993587362925,20.806200641263707,20.5,21.5
597.0,20.614018690801675,20.80880688576081,8.640109699484956,21.0,1,0.19119311423919072,20.80880688576081,20.5,21.5
598.0,20.616623909003412,20.811412788229,8.641003204447074,21.0,1,0.1885872117710008,20.811412788229,20.5,21.5
599.0,20.6192287848625,20.814018348563856,8.641895841583768,21.0,1,0.1859816514361441,20.814018348563856,20.5,21.5
600.0,20.621833318273843,20.816623566660716,8.64278760968654,21.0,1,0.18337643333928355,20.816623566660716,20.5,21.5
601.0,20.624437509132125,20.819228442414705,8.64367850754806,21.0,1,0.18077155758529528,20.819228442414705,20.5,21.5
602.0,20.62704135733181,20.82183297572073,8.644568533962186,21.0,1,0.17816702427926856,20.82183297572073,20.5,21.5
603.0,20.629644862767133,20.824437166473476,8.645457687723951,21.0,1,0.17556283352652358,20.824437166473476,20.5,21.5
604.0,20.632248025332125,20.8270410145674,8.646345967629566,21.0,1,0.1729589854326008,20.8270410145674,20.5,21.5
605.0,20.634850844920585,20.829644519896746,8.647233372476432,21.0,1,0.17035548010325385,20.829644519896746,20.5,21.5
606.0,20.637453321426097,20.83224768235554,8.648119901063131,21.0,1,0.1677523176444602,20.83224768235554,20.5,21.5
607.0,20.640055454742026,20.834850501837586,8.649005552189431,21.0,1,0.16514949816241398,20.834850501837586,20.5,21.5
608.0,20.642657244761516,20.837452978236463,8.649890324656289,21.0,1,0.16254702176353675,20.837452978236463,20.5,21.5
609.0,20.645258691377496,20.840055111445537,8.650774217265852,21.0,1,0.1599448885544632,20.840055111445537,20.5,21.5
610.0,20.647859794482674,20.842656901357955,8.651657228821454,21.0,1,0.15734309864204477,20.842656901357955,20.5,21.5
611.0,20.65046055396954,20.845258347866643,8.652539358127632,21.0,1,0.15474165213335667,20.845258347866643,20.5,21.5
612.0,20.653060969730372,20.847859450864313,8.653420603990105,21.0,1,0.1521405491356873,20.847859450864313,20.5,21.5
613.0,20.655661041657225,20.850460210243455,8.654300965215796,21.0,1,0.14953978975654536,20.850460210243455,20.5,21.5
614.0,20.658260769641938,20.85306062589634,8.655180440612826,21.0,1,0.14693937410365976,20.85306062589634,20.5,21.5
615.0,20.66086015357613,20.85566069771503,8.656059028990507,21.0,1,0.14433930228496905,20.85566069771503,20.5,21.5
616.0,20.663459193351216,20.858260425591368,8.656936729159362,21.0,1,0.14173957440863205,20.858260425591368,20.5,21.5
617.0,20.666057888858376,20.86085980941697,8.657813539931112,21.0,1,0.1391401905830314,20.86085980941697,20.5,21.5
618.0,20.66865623998859,20.863458849083237,8.65868946011868,21.0,1,0.1365411509167629,20.863458849083237,20.5,21.5
619.0,20.671254246632614,20.86605754448137,8.6595644885362,21.0,1,0.13394245551862838,20.86605754448137,20.5,21.5
620.0,20.673851908680994,20.868655895502346,8.660438623999008,21.0,1,0.13134410449765355,20.868655895502346,20.5,21.5
621.0,20.676449226024058,20.871253902036916,8.661311865323652,21.0,1,0.12874609796308434,20.871253902036916,20.5,21.5
622.0,20.67904619855192,20.873851563975624,8.66218421132789,21.0,1,0.1261484360243763,20.873851563975624,20.5,21.5
623.0,20.681642826154473,20.876448881208802,8.663055660830691,21.0,1,0.12355111879119818,20.876448881208802,20.5,21.5
624.0,20.684239108721407,20.879045853626558,8.66392621265224,21.0,1,0.12095414637344248,20.879045853626558,20.5,21.5
625.0,20.686835046142193,20.8816424811188,8.664795865613938,21.0,1,0.11835751888120072,20.8816424811188,20.5,21.5
626.0,20.68943063830609,20.884238763575205,8.665664618538397,21.0,1,0.1157612364247953,20.884238763575205,20.5,21.5
627.0,20.692025885102137,20.88683470088525,8.666532470249452,21.0,1,0.11316529911475115,20.88683470088525,20.5,21.5
628.0,20.694620786419165,20.889430292938187,8.66739941957216,21.0,1,0.11056970706181346,20.889430292938187,20.5,21.5
629.0,20.697215342145796,20.892025539623067,8.668265465332794,21.0,1,0.10797446037693348,20.892025539623067,20.5,21.5
630.0,20.699809552170432,20.89462044082871,8.66913060635886,21.0,1,0.10537955917128983,20.89462044082871,20.5,21.5
631.0,20.70240341638127,20.897214996443743,8.669994841479072,21.0,1,0.10278500355625653,20.897214996443743,20.5,21.5
632.0,20.70499693466629,20.899809206356576,8.67085816952339,21.0,1,0.10019079364342431,20.899809206356576,20.5,21.5
633.0,20.707590106913262,20.902403070455396,8.671720589322991,21.0,1,0.0975969295446042,20.902403070455396,20.5,21.5
634.0,20.710182933009744,20.904996588628187,8.67258209971028,21.0,1,0.09500341137181323,20.904996588628187,20.5,21.5
635.0,20.712775412843083,20.907589760762715,8.673442699518901,21.0,1,0.0924102392372852,20.907589760762715,20.5,21.5
636.0,20.715367546300417,20.910182586746544,8.674302387583722,21.0,1,0.08981741325345638,20.910182586746544,20.5,21.5
637.0,20.717959333268674,20.91277506646702,8.675161162740856,21.0,1,0.08722493353297978,20.91277506646702,20.5,21.5
638.0,20.720550773634567,20.915367199811282,8.676019023827642,21.0,1,0.084632800188718,20.915367199811282,20.5,21.5
639.0,20.723141867284607,20.917958986666257,8.67687596968266,21.0,1,0.08204101333374325,20.917958986666257,20.5,21.5
640.0,20.725732614105087,20.92055042691866,8.677731999145733,21.0,1,0.07944957308134093,20.92055042691866,20.5,21.5
641.0,20.728323013982095,20.923141520454994,8.678587111057917,21.0,1,0.07685847954500602,20.923141520454994,20.5,21.5
642.0,20.73091306680151,20.92573226716156,8.679441304261516,21.0,1,0.07426773283843957,20.92573226716156,20.5,21.5
643.0,20.733502772449,20.928322666924448,8.680294577600078,21.0,1,0.07167733307555224,20.928322666924448,20.5,21.5
644.0,20.736092130810032,20.930912719629532,8.681146929918393,21.0,1,0.06908728037046785,20.930912719629532,20.5,21.5
645.0,20.738681141769852,20.933502425162484,8.681998360062499,21.0,1,0.06649757483751628,20.933502425162484,20.5,21.5
646.0,20.741269805213513,20.936091783408767,8.682848866879683,21.0,1,0.06390821659123347,20.936091783408767,20.5,21.5
647.0,20.743858121025845,20.938680794253635,8.683698449218484,21.0,1,0.06131920574636496,20.938680794253635,20.5,21.5
648.0,20.746446089091485,20.94126945758213,8.684547105928688,21.0,1,0.05873054241786946,20.94126945758213,20.5,21.5
649.0,20.749033709294853,20.943857773279092,8.68539483586134,21.0,1,0.056142226720908184,20.943857773279092,20.5,21.5
650.0,20.751620981520166,20.946445741229155,8.686241637868733,21.0,1,0.053554258770844854,20.946445741229155,20.5,21.5
651.0,20.754207905651434,20.94903336131674,8.687087510804423,21.0,1,0.0509666386832599,20.94903336131674,20.5,21.5
652.0,20.756794481572463,20.951620633426064,8.687932453523219,21.0,1,0.04837936657393627,20.951620633426064,20.5,21.5
653.0,20.75938070916685,20.954207557441137,8.68877646488119,21.0,1,0.045792442558862945,20.954207557441137,20.5,21.5
654.0,20.761966588317996,20.956794133245765,8.68961954373567,21.0,1,0.04320586675423499,20.956794133245765,20.5,21.5
655.0,20.76455211890908,20.95938036072355,8.69046168894525,21.0,1,0.04061963927644996,20.95938036072355,20.5,21.5
656.0,20.767137300823087,20.961966239757878,8.691302899369788,21.0,1,0.03803376024212213,20.961966239757878,20.5,21.5
657.0,20.769722133942796,20.964551770231946,8.692143173870408,21.0,1,0.03544822976805406,20.964551770231946,20.5,21.5
658.0,20.772306618150782,20.96713695202873,8.692982511309497,21.0,1,0.0328630479712686,20.96713695202873,20.5,21.5
659.0,20.774890753329416,20.96972178503102,8.693820910550718,21.0,1,0.03027821496898042,20.96972178503102,20.5,21.5
660.0,20.77747453936086,20.972306269121372,8.694658370458997,21.0,1,0.02769373087862803,20.972306269121372,20.5,21.5
661.0,20.78005797612708,20.974890404182172,8.695494889900537,21.0,1,0.025109595817827568,20.974890404182172,20.5,21.5
662.0,20.782641063509832,20.97747419009558,8.69633046774281,21.0,1,0.022525809904418992,20.97747419009558,20.5,21.5
663.0,20.78522380139068,20.98005762674356,8.697165102854564,21.0,1,0.019942373256441215,20.98005762674356,20.5,21.5
664.0,20.787806189650972,20.982640714007868,8.697998794105827,21.0,1,0.0173592859921321,20.982640714007868,20.5,21.5
665.0,20.790388228171864,20.98522345177007,8.6988315403679,21.0,1,0.014776548229928466,20.98522345177007,20.5,21.5
666.0,20.792969916834302,20.987805839911516,8.699663340513366,21.0,1,0.01219416008848384,20.987805839911516,20.5,21.5
667.0,20.795551255519037,20.990387878313356,8.700494193416086,21.0,1,0.009612121686643604,20.990387878313356,20.5,21.5
668.0,20.798132244106615,20.992969566856544,8.70132409795121,21.0,1,0.007030433143455639,20.992969566856544,20.5,21.5
669.0,20.800712882477384,20.99555090542183,8.702153052995163,21.0,1,0.004449094578170332,20.99555090542183,20.5,21.5
670.0,20.803293170511488,20.998131893889752,8.702981057425662,21.0,1,0.0018681061102476804,20.998131893889752,20.5,21.5
671.0,20.80587310808887,21.000712532140668,8.70380811012171,21.0,1,-0.0007125321406675766,21.000712532140668,20.5,21.5
672.0,20.80845269508928,21.003292820054718,8.704634209963595,21.0,1,-0.003292820054717538,21.003292820054718,20.5,21.5
673.0,20.811031931392254,21.005872757511845,8.7054593558329,21.0,1,-0.00587275751184535,21.005872757511845,20.5,21.5
674.0,20.81361081687714,21.00845234439179,8.706283546612495,21.0,1,-0.008452344391791655,21.00845234439179,20.5,21.5
675.0,20.816189351423088,21.011031580574116,8.707106781186548,21.0,1,-0.011031580574115907,21.011031580574116,20.5,21.5
676.0,20.81876753490904,21.01361046593815,8.707929058440516,21.0,1,-0.013610465938150185,21.01361046593815,20.5,21.5
677.0,20.821345367213745,21.016189000363042,8.708750377261156,21.0,1,-0.016189000363041828,21.016189000363042,20.5,21.5
678.0,20.823922848215755,21.01876718372774,8.70957073653652,21.0,1,-0.018767183727739223,21.01876718372774,20.5,21.5
679.0,20.826499977793418,21.021345015911,8.710390135155963,21.0,1,-0.02134501591099891,21.021345015911,20.5,21.5
680.0,20.82907675582489,21.023922496791357,8.711208572010136,21.0,1,-0.023922496791357162,21.023922496791357,20.5,21.5
681.0,20.831653182188127,21.026499626247176,8.712026045990996,21.0,1,-0.026499626247176167,21.026499626247176,20.5,21.5
682.0,20.83422925676089,21.029076404156605,8.7128425559918,21.0,1,-0.02907640415660495,21.029076404156605,20.5,21.5
683.0,20.836804979420734,21.031652830397597,8.713658100907113,21.0,1,-0.03165283039759714,21.031652830397597,20.5,21.5
684.0,20.83938035004503,21.03422890484792,8.714472679632804,21.0,1,-0.034228904847921626,21.03422890484792,20.5,21.5
685.0,20.84195536851095,21.036804627385134,8.715286291066052,21.0,1,-0.036804627385134125,21.036804627385134,20.5,21.5
686.0,20.84453003469546,21.039379997886602,8.716098934105345,21.0,1,-0.03937999788660207,21.039379997886602,20.5,21.5
687.0,20.84710434847534,21.04195501622949,8.716910607650483,21.0,1,-0.04195501622949038,21.04195501622949,20.5,21.5
688.0,20.849678309727175,21.04452968229078,8.717721310602577,21.0,1,-0.04452968229077925,21.04452968229078,20.5,21.5
689.0,20.85225191832735,21.047103995947243,8.718531041864052,21.0,1,-0.047103995947242794,21.047103995947243,20.5,21.5
690.0,20.854825174152058,21.049677957075467,8.719339800338652,21.0,1,-0.04967795707546685,21.049677957075467,20.5,21.5
691.0,20.857398077077296,21.052251565551835,8.720147584931432,21.0,1,-0.052251565551834744,21.052251565551835,20.5,21.5
692.0,20.859970626978868,21.054824821252538,8.72095439454877,21.0,1,-0.05482482125253796,21.054824821252538,20.5,21.5
693.0,20.862542823732383,21.05739772405358,8.721760228098361,21.0,1,-0.05739772405357968,21.05739772405358,20.5,21.5
694.0,20.865114667213255,21.05997027383076,8.722565084489228,21.0,1,-0.05997027383076059,21.05997027383076,20.5,21.5
695.0,20.86768615729671,21.06254247045969,8.723368962631708,21.0,1,-0.06254247045968953,21.06254247045969,20.5,21.5
696.0,20.870257293857776,21.065114313815787,8.724171861437467,21.0,1,-0.06511431381578703,21.065114313815787,20.5,21.5
697.0,20.87282807677129,21.06768580377427,8.724973779819498,21.0,1,-0.06768580377427114,21.06768580377427,20.5,21.5
698.0,20.8753985059119,21.07025694021017,8.725774716692118,21.0,1,-0.07025694021017159,21.07025694021017,20.5,21.5
699.0,20.877968581154057,21.072827722998333,8.726574670970976,21.0,1,-0.0728277229983334,21.072827722998333,20.5,21.5
700.0,20.88053830237202,21.075398152013396,8.727373641573049,21.0,1,-0.0753981520133955,21.075398152013396,20.5,21.5
701.0,20.88310766943986,21.07796822712981,8.728171627416646,21.0,1,-0.07796822712980855,21.07796822712981,20.5,21.5
702.0,20.885676682231455,21.080537948221842,8.72896862742141,21.0,1,-0.08053794822184202,21.080537948221842,20.5,21.5
703.0,20.888245340620493,21.083107315163563,8.729764640508321,21.0,1,-0.08310731516356284,21.083107315163563,20.5,21.5
704.0,20.89081364448047,21.085676327828846,8.73055966559969,21.0,1,-0.08567632782884615,21.085676327828846,20.5,21.5
705.0,20.893381593684694,21.088244986091382,8.73135370161917,21.0,1,-0.08824498609138232,21.088244986091382,20.5,21.5
706.0,20.895949188106282,21.09081328982467,8.73214674749175,21.0,1,-0.09081328982466985,21.09081328982467,20.5,21.5
707.0,20.89851642761816,21.09338123890201,8.732938802143762,21.0,1,-0.09338123890200833,21.09338123890201,20.5,21.5
708.0,20.901083312093064,21.095948833196523,8.733729864502877,21.0,1,-0.09594883319652325,21.095948833196523,20.5,21.5
709.0,20.903649841403546,21.09851607258114,8.734519933498111,21.0,1,-0.09851607258114115,21.09851607258114,20.5,21.5
710.0,20.906216015421965,21.101082956928593,8.73530900805983,21.0,1,-0.10108295692859315,21.101082956928593,20.5,21.5
711.0,20.90878183402049,21.103649486111436,8.736097087119735,21.0,1,-0.10364948611143632,21.103649486111436,20.5,21.5
712.0,20.91134729707111,21.10621566000203,8.736884169610883,21.0,1,-0.10621566000202876,21.10621566000203,20.5,21.5
713.0,20.913912404445618,21.108781478472537,8.737670254467682,21.0,1,-0.10878147847253672,21.108781478472537,20.5,21.5
714.0,20.916477156015624,21.111346941394952,8.738455340625883,21.0,1,-0.11134694139495238,21.111346941394952,20.5,21.5
715.0,20.919041551652548,21.11391204864107,8.739239427022596,21.0,1,-0.11391204864106896,21.11391204864107,20.5,21.5
716.0,20.92160559122762,21.116476800082495,8.74002251259628,21.0,1,-0.11647680008249495,21.116476800082495,20.5,21.5
717.0,20.924169274611895,21.11904119559065,8.74080459628675,21.0,1,-0.11904119559065052,21.11904119559065,20.5,21.5
718.0,20.92673260167623,21.121605235036775,8.741585677035179,21.0,1,-0.12160523503677467,21.121605235036775,20.5,21.5
719.0,20.9292955722913,21.124168918291907,8.742365753784098,21.0,1,-0.12416891829190746,21.124168918291907,20.5,21.5
720.0,20.9318581863276,21.12673224522692,8.743144825477394,21.0,1,-0.1267322452269184,21.12673224522692,20.5,21.5
721.0,20.93442044365543,21.12929521571248,8.743922891060318,21.0,1,-0.1292952157124816,21.12929521571248,20.5,21.5
722.0,20.936982344144912,21.131857829619083,8.744699949479482,21.0,1,-0.13185782961908288,21.131857829619083,20.5,21.5
723.0,20.93954388766598,21.134420086817034,8.745475999682862,21.0,1,-0.134420086817034,21.134420086817034,20.5,21.5
724.0,20.942105074088385,21.13698198717645,8.746251040619798,21.0,1,-0.13698198717645127,21.13698198717645,20.5,21.5
725.0,20.94466590328169,21.139543530567273,8.747025071240996,21.0,1,-0.13954353056727342,21.139543530567273,20.5,21.5
726.0,20.947226375115285,21.142104716859244,8.747798090498533,21.0,1,-0.14210471685924375,21.142104716859244,20.5,21.5
727.0,20.94978648945836,21.14466554592193,8.74857009734585,21.0,1,-0.14466554592193148,21.14466554592193,20.5,21.5
728.0,20.95234624617994,21.147226017624725,8.749341090737763,21.0,1,-0.14722601762472465,21.147226017624725,20.5,21.5
729.0,20.954905645148852,21.149786131836816,8.75011106963046,21.0,1,-0.14978613183681588,21.149786131836816,20.5,21.5
730.0,20.95746468623375,21.152345888427227,8.750880032981499,21.0,1,-0.1523458884272273,21.152345888427227,20.5,21.5
731.0,20.960023369303098,21.15490528726479,8.751647979749817,21.0,1,-0.15490528726478914,21.15490528726479,20.5,21.5
732.0,20.962581694225186,21.157464328218154,8.752414908895725,21.0,1,-0.15746432821815404,21.157464328218154,20.5,21.5
733.0,20.96513966086812,21.16002301115579,8.75318081938091,21.0,1,-0.16002301115578987,21.16002301115579,20.5,21.5
734.0,20.967697269099823,21.16258133594598,8.753945710168443,21.0,1,-0.1625813359459798,21.16258133594598,20.5,21.5
735.0,20.970254518788035,21.165139302456836,8.754709580222771,21.0,1,-0.1651393024568364,21.165139302456836,20.5,21.5
736.0,20.97281140980032,21.16769691055628,8.755472428509727,21.0,1,-0.16769691055628044,21.16769691055628,20.5,21.5
737.0,20.975367942004063,21.17025416011206,8.756234253996523,21.0,1,-0.17025416011205863,21.17025416011206,20.5,21.5
738.0,20.97792411526646,21.172811050991726,8.756995055651757,21.0,1,-0.17281105099172578,21.172811050991726,20.5,21.5
739.0,20.98047992945454,21.17536758306267,8.757754832445414,21.0,1,-0.17536758306266975,21.17536758306267,20.5,21.5
740.0,20.983035384435137,21.177923756192094,8.758513583348869,21.0,1,-0.17792375619209366,21.177923756192094,20.5,21.5
741.0,20.98559048007492,21.180479570247012,8.759271307334881,21.0,1,-0.18047957024701233,21.180479570247012,20.5,21.5
742.0,20.98814521624037,21.183035025094277,8.760028003377602,21.0,1,-0.18303502509427716,21.183035025094277,20.5,21.5
743.0,20.990699592797796,21.185590120600544,8.760783670452575,21.0,1,-0.18559012060054414,21.185590120600544,20.5,21.5
744.0,20.993253609613326,21.1881448566323,8.761538307536737,21.0,1,-0.18814485663229874,21.1881448566323,20.5,21.5
745.0,20.995807266552912,21.19069923305586,8.762291913608419,21.0,1,-0.19069923305585945,21.19069923305586,20.5,21.5
746.0,20.998360563482322,21.19325324973734,8.763044487647345,21.0,1,-0.1932532497373387,21.19325324973734,20.5,21.5
747.0,21.000913500267156,21.195806906542696,8.763796028634642,21.0,1,-0.19580690654269617,21.195806906542696,20.5,21.5
748.0,21.00346607677283,21.198360203337703,8.764546535552832,21.0,1,-0.1983602033377032,21.198360203337703,20.5,21.5
749.0,21.00601829286459,21.200913139987954,8.765296007385835,21.0,1,-0.20091313998795357,21.200913139987954,20.5,21.5
750.0,21.008570148407493,21.20346571635887,8.766044443118979,21.0,1,-0.20346571635887045,21.20346571635887,20.5,21.5
751.0,21.011121643266435,21.206017932315692,8.766791841738986,21.0,1,-0.20601793231569232,21.206017932315692,20.5,21.5
752.0,21.01367277730613,21.208569787723484,8.767538202233988,21.0,1,-0.20856978772348356,21.208569787723484,20.5,21.5
753.0,21.016223550391114,21.21112128244714,8.768283523593523,21.0,1,-0.21112128244714157,21.21112128244714,20.5,21.5
754.0,21.018773962385755,21.213672416351375,8.769027804808532,21.0,1,-0.21367241635137546,21.213672416351375,20.5,21.5
755.0,21.02132401315424,21.216223189300724,8.769771044871367,21.0,1,-0.21622318930072382,21.216223189300724,20.5,21.5
756.0,21.023873702560582,21.21877360115955,8.77051324277579,21.0,1,-0.21877360115955113,21.21877360115955,20.5,21.5
757.0,21.026423030468624,21.22132365179205,8.77125439751697,21.0,1,-0.22132365179205138,21.22132365179205,20.5,21.5
758.0,21.028971996742033,21.223873341062234,8.77199450809149,21.0,1,-0.22387334106223378,21.223873341062234,20.5,21.5
759.0,21.031520601244303,21.22642266883394,8.772733573497352,21.0,1,-0.22642266883394058,21.22642266883394,20.5,21.5
760.0,21.034068843838753,21.228971634970843,8.773471592733964,21.0,1,-0.2289716349708435,21.228971634970843,20.5,21.5
761.0,21.036616724388534,21.231520239336437,8.774208564802159,21.0,1,-0.23152023933643662,21.231520239336437,20.5,21.5
762.0,21.039164242756616,21.234068481794033,8.774944488704179,21.0,1,-0.23406848179403283,21.234068481794033,20.5,21.5
763.0,21.041711398805806,21.23661636220679,8.775679363443695,21.0,1,-0.23661636220678872,21.23661636220679,20.5,21.5
764.0,21.044258192398733,21.239163880437676,8.776413188025789,21.0,1,-0.2391638804376761,21.239163880437676,20.5,21.5
765.0,21.046804623397858,21.241711036349496,8.77714596145697,21.0,1,-0.2417110363494963,21.241711036349496,20.5,21.5
766.0,21.04935069166547,21.244257829804884,8.77787768274517,21.0,1,-0.24425782980488364,21.244257829804884,20.5,21.5
767.0,21.051896397063686,21.2468042606663,8.778608350899745,21.0,1,-0.24680426066629835,21.2468042606663,20.5,21.5
768.0,21.054441739454454,21.249350328796027,8.779337964931473,21.0,1,-0.2493503287960266,21.249350328796027,20.5,21.5
769.0,21.056986718699548,21.25189603405619,8.780066523852566,21.0,1,-0.2518960340561911,21.25189603405619,20.5,21.5
770.0,21.05953133466058,21.254441376308733,8.78079402667666,21.0,1,-0.2544413763087334,21.254441376308733,20.5,21.5
771.0,21.062075587198983,21.256986355415435,8.78152047241882,21.0,1,-0.25698635541543524,21.256986355415435,20.5,21.5
772.0,21.064619476176027,21.2595309712379,8.782245860095543,21.0,1,-0.2595309712379006,21.2595309712379,20.5,21.5
773.0,21.067163001452812,21.262075223637574,8.78297018872476,21.0,1,-0.26207522363757363,21.262075223637574,20.5,21.5
774.0,21.069706162890267,21.26461911247572,8.783693457325839,21.0,1,-0.2646191124757209,21.26461911247572,20.5,21.5
775.0,21.072248960349153,21.26716263761343,8.784415664919576,21.0,1,-0.2671626376134313,21.26716263761343,20.5,21.5
776.0,21.074791393690067,21.26970579891165,8.785136810528206,21.0,1,-0.2697057989116516,21.26970579891165,20.5,21.5
777.0,21.077333462773435,21.272248596231133,8.785856893175401,21.0,1,-0.2722485962311332,21.272248596231133,20.5,21.5
778.0,21.079875167459516,21.274791029432475,8.786575911886278,21.0,1,-0.2747910294324747,21.274791029432475,20.5,21.5
779.0,21.0824165076084,21.2773330983761,8.787293865687387,21.0,1,-0.27733309837610065,21.2773330983761,20.5,21.5
780.0,21.084957483080014,21.279874802922272,8.788010753606722,21.0,1,-0.2798748029222722,21.279874802922272,20.5,21.5
781.0,21.08749809373412,21.282416142931083,8.788726574673722,21.0,1,-0.2824161429310834,21.282416142931083,20.5,21.5
782.0,21.090038339430308,21.284957118262458,8.789441327919269,21.0,1,-0.28495711826245795,21.284957118262458,20.5,21.5
783.0,21.092578220028006,21.287497728776156,8.79015501237569,21.0,1,-0.287497728776156,21.287497728776156,20.5,21.5
784.0,21.095117735386477,21.29003797433177,8.79086762707676,21.0,1,-0.2900379743317707,21.29003797433177,20.5,21.5
785.0,21.097656885364817,21.292577854788732,8.791579171057704,21.0,1,-0.2925778547887319,21.292577854788732,20.5,21.5
786.0,21.100195669821954,21.295117370006302,8.79228964335519,21.0,1,-0.29511737000630234,21.295117370006302,20.5,21.5
787.0,21.10273408861666,21.29765651984357,8.792999043007347,21.0,1,-0.2976565198435708,21.29765651984357,20.5,21.5
788.0,21.10527214160754,21.300195304159477,8.793707369053745,21.0,1,-0.3001953041594767,21.300195304159477,20.5,21.5
789.0,21.10780982865303,21.302733722812786,8.794414620535418,21.0,1,-0.30273372281278554,21.302733722812786,20.5,21.5
790.0,21.110347149611403,21.305271775662103,8.795120796494848,21.0,1,-0.30527177566210284,21.305271775662103,20.5,21.5
791.0,21.11288410434078,21.30780946256587,8.795825895975975,21.0,1,-0.3078094625658707,21.30780946256587,20.5,21.5
792.0,21.115420692699107,21.31034678338236,8.796529918024197,21.0,1,-0.31034678338236077,21.31034678338236,20.5,21.5
793.0,21.117956914544173,21.312883737969685,8.79723286168637,21.0,1,-0.3128837379696847,21.312883737969685,20.5,21.5
794.0,21.120492769733602,21.3154203261858,8.797934726010809,21.0,1,-0.3154203261858015,21.3154203261858,20.5,21.5
795.0,21.123028258124858,21.317956547888492,8.798635510047292,21.0,1,-0.3179565478884925,21.317956547888492,20.5,21.5
796.0,21.125563379575244,21.320492402935383,8.799335212847062,21.0,1,-0.3204924029353826,21.320492402935383,20.5,21.5
797.0,21.128098133941897,21.32302789118394,8.80003383346282,21.0,1,-0.3230278911839406,21.32302789118394,20.5,21.5
798.0,21.1306325210818,21.325563012491465,8.800731370948734,21.0,1,-0.3255630124914646,21.325563012491465,20.5,21.5
799.0,21.133166540851775,21.3280977667151,8.801427824360442,21.0,1,-0.32809776671509994,21.3280977667151,20.5,21.5
800.0,21.135700193108477,21.330632153711825,8.802123192755044,21.0,1,-0.3306321537118251,21.330632153711825,20.5,21.5
801.0,21.138233477708408,21.33316617333846,8.802817475191114,21.0,1,-0.33316617333845855,21.33316617333846,20.5,21.5
802.0,21.140766394507903,21.335699825451663,8.803510670728695,21.0,1,-0.33569982545166255,21.335699825451663,20.5,21.5
803.0,21.143298943363146,21.338233109907932,8.8042027784293,21.0,1,-0.3382331099079323,21.338233109907932,20.5,21.5
804.0,21.145831124130158,21.340766026563607,8.804893797355914,21.0,1,-0.34076602656360677,21.340766026563607,20.5,21.5
805.0,21.148362936664803,21.343298575274876,8.805583726573,21.0,1,-0.3432985752748756,21.343298575274876,20.5,21.5
806.0,21.150894380822784,21.345830755897754,8.806272565146491,21.0,1,-0.34583075589775447,21.345830755897754,20.5,21.5
807.0,21.153425456459647,21.3483625682881,8.806960312143802,21.0,1,-0.3483625682880991,21.3483625682881,20.5,21.5
808.0,21.155956163430783,21.350894012301627,8.807646966633822,21.0,1,-0.35089401230162665,21.350894012301627,20.5,21.5
809.0,21.158486501591423,21.353425087793877,8.80833252768692,21.0,1,-0.3534250877938767,21.353425087793877,20.5,21.5
810.0,21.161016470796643,21.35595579462025,8.809016994374947,21.0,1,-0.3559557946202503,21.35595579462025,20.5,21.5
811.0,21.163546070901358,21.358486132635967,8.809700365771233,21.0,1,-0.3584861326359672,21.358486132635967,20.5,21.5
812.0,21.166075301760333,21.3610161016961,8.810382640950595,21.0,1,-0.36101610169610154,21.3610161016961,20.5,21.5
813.0,21.16860416322817,21.36354570165558,8.811063818989327,21.0,1,-0.3635457016555783,21.36354570165558,20.5,21.5
814.0,21.171132655159322,21.366074932369163,8.811743898965215,21.0,1,-0.36607493236916255,21.366074932369163,20.5,21.5
815.0,21.173660777408084,21.36860379369145,8.812422879957529,21.0,1,-0.3686037936914488,21.36860379369145,20.5,21.5
816.0,21.176188529828593,21.371132285476897,8.813100761047028,21.0,1,-0.3711322854768966,21.371132285476897,20.5,21.5
817.0,21.178715912274836,21.3736604075798,8.813777541315957,21.0,1,-0.37366040757979846,21.3736604075798,20.5,21.5
818.0,21.181242924600642,21.376188159854287,8.814453219848057,21.0,1,-0.3761881598542871,21.376188159854287,20.5,21.5
819.0,21.18376956665969,21.37871554215436,8.815127795728554,21.0,1,-0.3787155421543602,21.37871554215436,20.5,21.5
820.0,21.186295838305504,21.381242554333845,8.815801268044172,21.0,1,-0.3812425543338449,21.381242554333845,20.5,21.5
821.0,21.188821739391454,21.38376919624642,8.816473635883126,21.0,1,-0.38376919624641914,21.38376919624642,20.5,21.5
822.0,21.191347269770752,21.386295467745605,8.817144898335128,21.0,1,-0.3862954677456045,21.386295467745605,20.5,21.5
823.0,21.193872429296466,21.38882136868477,8.817815054491387,21.0,1,-0.3888213686847699,21.38882136868477,20.5,21.5
824.0,21.196397217821506,21.39134689891713,8.818484103444606,21.0,1,-0.39134689891713137,21.39134689891713,20.5,21.5
825.0,21.19892163519863,21.393872058295756,8.819152044288991,21.0,1,-0.3938720582957558,21.393872058295756,20.5,21.5
826.0,21.201445681280447,21.396396846673554,8.819818876120248,21.0,1,-0.3963968466735537,21.396396846673554,20.5,21.5
827.0,21.203969355919416,21.398921263903283,8.820484598035582,21.0,1,-0.39892126390328286,21.398921263903283,20.5,21.5
828.0,21.20649265896784,21.401445309837563,8.821149209133704,21.0,1,-0.40144530983756255,21.401445309837563,20.5,21.5
829.0,21.209015590277872,21.403968984328834,8.821812708514825,21.0,1,-0.4039689843288343,21.403968984328834,20.5,21.5
830.0,21.211538149701518,21.406492287229412,8.822475095280662,21.0,1,-0.4064922872294119,21.406492287229412,20.5,21.5
831.0,21.214060337090633,21.40901521839145,8.823136368534442,21.0,1,-0.40901521839144905,21.40901521839145,20.5,21.5
832.0,21.216582152296922,21.411537777666947,8.823796527380896,21.0,1,-0.4115377776669469,21.411537777666947,20.5,21.5
833.0,21.21910359517194,21.414059964907768,8.824455570926263,21.0,1,-0.41405996490776786,21.414059964907768,20.5,21.5
834.0,21.22162466556709,21.41658177996561,8.825113498278295,21.0,1,-0.4165817799656111,21.41658177996561,20.5,21.5
835.0,21.224145363333633,21.419103222692033,8.825770308546254,21.0,1,-0.4191032226920335,21.419103222692033,20.5,21.5
836.0,21.226665688322676,21.42162429293844,8.826426000840915,21.0,1,-0.4216242929384393,21.42162429293844,20.5,21.5
837.0,21.22918564038518,21.424144990556094,8.827080574274563,21.0,1,-0.4241449905560941,21.424144990556094,20.5,21.5
838.0,21.231705219371957,21.426665315396093,8.827734027961,21.0,1,-0.4266653153960931,21.426665315396093,20.5,21.5
839.0,21.234224425133675,21.429185267309407,8.828386361015548,21.0,1,-0.429185267309407,21.429185267309407,20.5,21.5
840.0,21.236743257520853,21.43170484614685,8.829037572555041,21.0,1,-0.43170484614685023,21.43170484614685,20.5,21.5
841.0,21.23926171638386,21.434224051759085,8.829687661697834,21.0,1,-0.4342240517590845,21.434224051759085,20.5,21.5
842.0,21.241779801572925,21.436742883996637,8.830336627563797,21.0,1,-0.4367428839966365,21.436742883996637,20.5,21.5
843.0,21.24429751293812,21.43926134270987,8.830984469274329,21.0,1,-0.4392613427098695,21.43926134270987,20.5,21.5
844.0,21.24681485032939,21.44177942774901,8.831631185952341,21.0,1,-0.4417794277490117,21.44177942774901,20.5,21.5
845.0,21.249331813596513,21.444297138964146,8.832276776722278,21.0,1,-0.4442971389641457,21.444297138964146,20.5,21.5
846.0,21.251848402589136,21.446814476205198,8.8329212407101,21.0,1,-0.44681447620519776,21.446814476205198,20.5,21.5
847.0,21.25436461715676,21.449331439321963,8.833564577043296,21.0,1,-0.44933143932196273,21.449331439321963,20.5,21.5
848.0,21.25688045714874,21.451848028164086,8.834206784850885,21.0,1,-0.4518480281640862,21.451848028164086,20.5,21.5
849.0,21.259395922414278,21.454364242581068,8.834847863263407,21.0,1,-0.4543642425810681,21.454364242581068,20.5,21.5
850.0,21.261911012802447,21.456880082422256,8.835487811412936,21.0,1,-0.45688008242225564,21.456880082422256,20.5,21.5
851.0,21.26442572816217,21.459395547536865,8.836126628433076,21.0,1,-0.4593955475368645,21.459395547536865,20.5,21.5
852.0,21.266940068342223,21.461910637773958,8.836764313458962,21.0,1,-0.4619106377739577,21.461910637773958,20.5,21.5
853.0,21.269454033191245,21.46442535298246,8.837400865627258,21.0,1,-0.46442535298245957,21.46442535298246,20.5,21.5
854.0,21.27196762255773,21.466939693011152,8.838036284076168,21.0,1,-0.46693969301115246,21.466939693011152,20.5,21.5
855.0,21.274480836290035,21.469453657708673,8.838670567945424,21.0,1,-0.469453657708673,21.469453657708673,20.5,21.5
856.0,21.276993674236365,21.471967246923512,8.8393037163763,21.0,1,-0.4719672469235121,21.471967246923512,20.5,21.5
857.0,21.279506136244795,21.47448046050403,8.839935728511605,21.0,1,-0.47448046050402937,21.47448046050403,20.5,21.5
858.0,21.28201822216325,21.47699329829843,8.840566603495684,21.0,1,-0.4769932982984315,21.47699329829843,20.5,21.5
859.0,21.284529931839515,21.479505760154787,8.841196340474426,21.0,1,-0.47950576015478674,21.479505760154787,20.5,21.5
860.0,21.287041265121243,21.48201784592103,8.841824938595257,21.0,1,-0.48201784592102825,21.48201784592103,20.5,21.5
861.0,21.28955222185594,21.484529555444944,8.842452397007147,21.0,1,-0.4845295554449436,21.484529555444944,20.5,21.5
862.0,21.292062801890967,21.48704088857418,8.843078714860608,21.0,1,-0.4870408885741817,21.48704088857418,20.5,21.5
863.0,21.294573005073563,21.489551845156246,8.843703891307698,21.0,1,-0.48955184515624595,21.489551845156246,20.5,21.5
864.0,21.29708283125081,21.4920624250385,8.844327925502014,21.0,1,-0.49206242503850106,21.4920624250385,20.5,21.5
865.0,21.299592280269657,21.494572628068187,8.84495081659871,21.0,1,-0.49457262806818747,21.494572628068187,20.5,21.5
866.0,21.302101351976923,21.497082454092386,8.845572563754478,21.0,1,-0.4970824540923857,21.497082454092386,20.5,21.5
867.0,21.304610046219278,21.49959190295805,8.846193166127565,21.0,1,-0.49959190295804845,21.49959190295805,20.5,21.5
868.0,21.30711836284326,21.502100974511983,8.846812622877762,21.0,0,-0.5021009745119827,21.502100974511983,20.5,21.5
869.0,21.304626301695265,21.503609668600873,8.847430933166416,21.0,0,-0.5036096686008733,21.503609668600873,20.5,21.5
870.0,21.30213486262156,21.504118185071256,8.848048096156425,21.0,0,-0.5041181850712562,21.504118185071256,20.5,21.5
871.0,21.299644045268266,21.50362672372952,8.84866411101224,21.0,0,-0.5036267237295213,21.50362672372952,20.5,21.5
872.0,21.297153849281415,21.50213548434195,8.849278976899868,21.0,0,-0.5021354843419488,21.50213548434195,20.5,21.5
873.0,21.29466427430694,21.499644666634683,8.849892692986863,21.0,0,-0.49964466663468343,21.499644666634683,20.5,21.5
874.0,21.292175319990676,21.49715447029376,8.85050525844235,21.0,0,-0.49715447029376136,21.49715447029376,20.5,21.5
875.0,21.289686985978367,21.494664894965123,8.851116672437,21.0,0,-0.49466489496512267,21.494664894965123,20.5,21.5
876.0,21.287199271915657,21.4921759402946,8.851726934143048,21.0,0,-0.4921759402946009,21.4921759402946,20.5,21.5
877.0,21.284712177448103,21.489687605927937,8.852336042734288,21.0,0,-0.48968760592793714,21.489687605927937,20.5,21.5
878.0,21.28222570222116,21.48719989151078,8.852943997386076,21.0,0,-0.48719989151078025,21.48719989151078,20.5,21.5
879.0,21.279739845880194,21.484712796688683,8.853550797275327,21.0,0,-0.48471279668868306,21.484712796688683,20.5,21.5
880.0,21.27725460807047,21.482226321107103,8.854156441580525,21.0,0,-0.4822263211071025,21.482226321107103,20.5,21.5
881.0,21.274769988437175,21.479740464411403,8.854760929481715,21.0,0,-0.47974046441140317,21.479740464411403,20.5,21.5
882.0,21.272285986625384,21.47725522624686,8.855364260160506,21.0,0,-0.4772552262468608,21.47725522624686,20.5,21.5
883.0,21.26980260228009,21.474770606258645,8.855966432800079,21.0,0,-0.47477060625864453,21.474770606258645,20.5,21.5
884.0,21.267319835046194,21.472286604091842,8.856567446585176,21.0,0,-0.47228660409184187,21.472286604091842,20.5,21.5
885.0,21.2648376845685,21.46980321939145,8.857167300702113,21.0,0,-0.4698032193914514,21.46980321939145,20.5,21.5
886.0,21.26235615049173,21.46732045180236,8.857765994338774,21.0,0,-0.4673204518023617,21.46732045180236,20.5,21.5
887.0,21.259875232460498,21.464838300969383,8.858363526684615,21.0,0,-0.46483830096938306,21.464838300969383,20.5,21.5
888.0,21.257394930119343,21.462356766537237,8.858959896930664,21.0,0,-0.462356766537237,21.462356766537237,20.5,21.5
889.0,21.254915243112706,21.45987584815054,8.859555104269523,21.0,0,-0.4598758481505385,21.45987584815054,20.5,21.5
890.0,21.252436171084938,21.457395545453828,8.860149147895365,21.0,0,-0.4573955454538279,21.457395545453828,20.5,21.5
891.0,21.2499577136803,21.454915858091546,8.860742027003944,21.0,0,-0.454915858091546,21.454915858091546,20.5,21.5
892.0,21.247479870542964,21.452436785708038,8.861333740792585,21.0,0,-0.4524367857080378,21.452436785708038,20.5,21.5
893.0,21.245002641317015,21.449958327947577,8.861924288460195,21.0,0,-0.4499583279475772,21.449958327947577,20.5,21.5
894.0,21.242526025646445,21.447480484454324,8.862513669207257,21.0,0,-0.4474804844543243,21.447480484454324,20.5,21.5
895.0,21.240050023175158,21.44500325487237,8.863101882235837,21.0,0,-0.44500325487236836,21.44500325487237,20.5,21.5
896.0,21.23757463354697,21.442526638845703,8.863688926749576,21.0,0,-0.44252663884570254,21.442526638845703,20.5,21.5
897.0,21.23509985640561,21.44005063601823,8.864274801953705,21.0,0,-0.44005063601823124,21.44005063601823,20.5,21.5
898.0,21.23262569139472,21.43757524603377,8.86485950705503,21.0,0,-0.43757524603377007,21.43757524603377,20.5,21.5
899.0,21.23015213815785,21.43510046853605,8.86544304126195,21.0,0,-0.43510046853604933,21.43510046853605,20.5,21.5
900.0,21.22767919633847,21.43262630316871,-16.13397459621556,21.0,0,-0.43262630316871054,21.43262630316871,20.5,21.5
901.0,21.22020686557996,21.42915274957531,-16.133393406165936,21.0,0,-0.4291527495753087,21.42915274957531,20.5,21.5
902.0,21.21273614552561,21.424680007399306,-16.132813389376018,21.0,0,-0.42468000739930645,21.424680007399306,20.5,21.5
903.0,21.20526703561863,21.419208276244085,-16.13223454663107,21.0,0,-0.41920827624408474,21.419208276244085,20.5,21.5
904.0,21.197799535302178,21.41273775567295,-16.131656878714765,21.0,0,-0.4127377556729499,21.41273775567295,20.5,21.5
905.0,21.190333644019375,21.40526864520913,-16.13108038640917,21.0,0,-0.4052686452091301,21.40526864520913,20.5,21.5
906.0,21.18286936121329,21.397801144335794,-16.13050507049478,21.0,0,-0.3978011443357943,21.397801144335794,20.5,21.5
907.0,21.175406686326948,21.390335252496065,-16.12993093175049,21.0,0,-0.39033525249606527,21.390335252496065,20.5,21.5
908.0,21.167945618803333,21.382870969133002,-16.1293579709536,21.0,0,-0.3828709691330019,21.382870969133002,20.5,21.5
909.0,21.160486158085384,21.375408293689645,-16.12878618887981,21.0,0,-0.37540829368964523,21.375408293689645,20.5,21.5
910.0,21.15302830361599,21.367947225608965,-16.128215586303238,21.0,0,-0.3679472256089653,21.367947225608965,20.5,21.5
911.0,21.145572054838006,21.360487764333907,-16.127646163996392,21.0,0,-0.3604877643339073,21.360487764333907,20.5,21.5
912.0,21.138117411194237,21.353029909307367,-16.12707792273019,21.0,0,-0.35302990930736655,21.353029909307367,20.5,21.5
913.0,21.130664372127452,21.34557365997219,-16.12651086327395,21.0,0,-0.3455736599721888,21.34557365997219,20.5,21.5
914.0,21.12321293708037,21.338119015771188,-16.125944986395382,21.0,0,-0.33811901577118775,21.338119015771188,20.5,21.5
915.0,21.115763105495677,21.330665976147124,-16.125380292860605,21.0,0,-0.3306659761471238,21.330665976147124,20.5,21.5
916.0,21.108314876816006,21.323214540542725,-16.124816783434134,21.0,0,-0.32321454054272536,21.323214540542725,20.5,21.5
917.0,21.100868250483956,21.31576470840067,-16.124254458878873,21.0,0,-0.31576470840067117,21.31576470840067,20.5,21.5
918.0,21.093423225942082,21.308316479163597,-16.123693319956136,21.0,0,-0.3083164791635973,21.308316479163597,20.5,21.5
919.0,21.085979802632902,21.300869852274104,-16.12313336742562,21.0,0,-0.30086985227410423,21.300869852274104,20.5,21.5
920.0,21.07853797999889,21.293424827174746,-16.122574602045418,21.0,0,-0.2934248271747464,21.293424827174746,20.5,21.5
921.0,21.071097757482484,21.28598140330804,-16.122017024572017,21.0,0,-0.285981403308039,21.28598140330804,20.5,21.5
922.0,21.063659134526073,21.278539580116465,-16.1214606357603,21.0,0,-0.2785395801164654,21.278539580116465,20.5,21.5
923.0,21.056222110572016,21.271099357042452,-16.120905436363536,21.0,0,-0.271099357042452,21.271099357042452,20.5,21.5
924.0,21.048786685062627,21.263660733528393,-16.120351427133386,21.0,0,-0.26366073352839337,21.263660733528393,20.5,21.5
925.0,21.041352857440188,21.256223709016655,-16.119798608819888,21.0,0,-0.2562237090166555,21.256223709016655,20.5,21.5
926.0,21.033920627146937,21.248788282949548,-16.11924698217149,21.0,0,-0.24878828294954758,21.248788282949548,20.5,21.5
927.0,21.026489993625074,21.241354454769343,-16.11869654793501,21.0,0,-0.24135445476934336,21.241354454769343,20.5,21.5
928.0,21.01906095631676,21.23392222391829,-16.118147306855654,21.0,0,-0.23392222391829165,21.23392222391829,20.5,21.5
929.0,21.011633514664126,21.226491589838595,-16.117599259677014,21.0,0,-0.22649158983859508,21.226491589838595,20.5,21.5
930.0,21.00420766810926,21.219062551972407,-16.117052407141074,21.0,0,-0.21906255197240654,21.219062551972407,20.5,21.5
931.0,20.99678341609421,21.211635109761865,-16.116506749988183,21.0,0,-0.21163510976186473,21.211635109761865,20.5,21.5
932.0,20.989360758060993,21.204209262649044,-16.115962288957093,21.0,0,-0.20420926264904438,21.204209262649044,20.5,21.5
933.0,20.98193969345159,21.196785010076013,-16.115419024784917,21.0,0,-0.19678501007601312,21.196785010076013,20.5,21.5
934.0,20.974520221707945,21.189362351484778,-16.114876958207155,21.0,0,-0.1893623514847782,21.189362351484778,20.5,21.5
935.0,20.96710234227196,21.18194128631732,-16.114336089957696,21.0,0,-0.18194128631731843,21.18194128631732,20.5,21.5
936.0,20.959686054585514,21.174521814015577,-16.113796420768786,21.0,0,-0.1745218140155771,21.174521814015577,20.5,21.5
937.0,20.952271358090442,21.16710393402147,-16.113257951371065,21.0,0,-0.16710393402146906,21.16710393402147,20.5,21.5
938.0,20.94485825222855,21.15968764577686,-16.11272068249354,21.0,0,-0.15968764577685945,21.15968764577686,20.5,21.5
939.0,20.937446736441604,21.15227294872359,-16.1121846148636,21.0,0,-0.15227294872358854,21.15227294872359,20.5,21.5
940.0,20.930036810171345,21.144859842303468,-16.111649749206997,21.0,0,-0.14485984230346816,21.144859842303468,20.5,21.5
941.0,20.92262847285947,21.137448325958257,-16.11111608624786,21.0,0,-0.13744832595825685,21.137448325958257,20.5,21.5
942.0,20.915221723947646,21.130038399129695,-16.110583626708703,21.0,0,-0.1300383991296954,21.130038399129695,20.5,21.5
943.0,20.907816562877514,21.122630061259493,-16.11005237131039,21.0,0,-0.1226300612594926,21.122630061259493,20.5,21.5
944.0,20.900412989090675,21.115223311789304,-16.109522320772157,21.0,0,-0.115223311789304,21.115223311789304,20.5,21.5
945.0,20.893011002028704,21.107818150160774,-16.10899347581163,21.0,0,-0.10781815016077445,21.107818150160774,20.5,21.5
946.0,20.885610601133134,21.100414575815506,-16.108465837144784,21.0,0,-0.10041457581550617,21.100414575815506,20.5,21.5
947.0,20.87821178584548,21.093012588195073,-16.10793940548596,21.0,0,-0.09301258819507296,21.093012588195073,20.5,21.5
948.0,20.870814555607215,21.085612186741013,-16.107414181547874,21.0,0,-0.08561218674101312,21.085612186741013,20.5,21.5
949.0,20.863418909859785,21.078213370894836,-16.1068901660416,21.0,0,-0.07821337089483649,21.078213370894836,20.5,21.5
950.0,20.856024848044605,21.070816140098017,-16.10636735967659,21.0,0,-0.0708161400980174,21.070816140098017,20.5,21.5
951.0,20.84863236960306,21.063420493792,-16.10584576316063,21.0,0,-0.06342049379200176,21.063420493792,20.5,21.5
952.0,20.841241473976506,21.056026431418204,-16.105325377199904,21.0,0,-0.056026431418203515,21.056026431418204,20.5,21.5
953.0,20.83385216060627,21.048633952418015,-16.104806202498924,21.0,0,-0.04863395241801527,21.048633952418015,20.5,21.5
954.0,20.826464428933647,21.041243056232787,-16.104288239760585,21.0,0,-0.04124305623278701,21.041243056232787,20.5,21.5
955.0,20.819078278399907,21.033853742303847,-16.10377148968614,21.0,0,-0.03385374230384741,21.033853742303847,20.5,21.5
956.0,20.81169370844629,21.026466010072493,-16.103255952975175,21.0,0,-0.026466010072493162,21.026466010072493,20.5,21.5
957.0,20.804310718514003,21.019079858979996,-16.10274163032567,21.0,0,-0.01907985897999609,21.019079858979996,20.5,21.5
958.0,20.796929308044234,21.011695288467585,-16.10222852243394,21.0,0,-0.011695288467585385,21.011695288467585,20.5,21.5
959.0,20.78954947647814,21.004312297976487,-16.101716629994648,21.0,0,-0.00431229797648669,21.004312297976487,20.5,21.5
960.0,20.782171223256846,20.996930886947872,-16.101205953700834,21.0,0,0.0030691130521276477,20.996930886947872,20.5,21.5
961.0,20.774794547821454,20.989551054822904,-16.100696494243874,21.0,0,0.010448945177095936,20.989551054822904,20.5,21.5
962.0,20.76741944961304,20.982172801042715,-16.1001882523135,21.0,0,0.017827198957284907,20.982172801042715,20.5,21.5
963.0,20.760045928072657,20.9747961250484,-16.099681228597806,21.0,0,0.02520387495160037,20.9747961250484,20.5,21.5
964.0,20.752673982641323,20.967421026281034,-16.099175423783223,21.0,0,0.0325789737189659,20.967421026281034,20.5,21.5
965.0,20.745303612760036,20.96004750418167,-16.09867083855454,21.0,0,0.039952495818329936,20.96004750418167,20.5,21.5
966.0,20.737934817869775,20.952675558191334,-16.098167473594884,21.0,0,0.047324441808665796,20.952675558191334,20.5,21.5
967.0,20.730567597411483,20.945305187751025,-16.09766532958575,21.0,0,0.05469481224897521,20.945305187751025,20.5,21.5
968.0,20.723201950826084,20.937936392301708,-16.097164407206964,21.0,0,0.06206360769829189,20.937936392301708,20.5,21.5
969.0,20.715837877554478,20.93056917128434,-16.0966647071367,21.0,0,0.0694308287156602,20.93056917128434,20.5,21.5
970.0,20.70847537703754,20.923203524139844,-16.09616623005148,21.0,0,0.07679647586015648,20.923203524139844,20.5,21.5
971.0,20.701114448716122,20.915839450309115,-16.095668976626172,21.0,0,0.08416054969088549,20.915839450309115,20.5,21.5
972.0,20.693755092031054,20.908476949233027,-16.09517294753398,21.0,0,0.09152305076697331,20.908476949233027,20.5,21.5
973.0,20.686397306423142,20.90111602035244,-16.094678143446462,21.0,0,0.09888397964756024,20.90111602035244,20.5,21.5
974.0,20.67904109133317,20.893756663108174,-16.09418456503351,21.0,0,0.10624333689182563,20.893756663108174,20.5,21.5
975.0,20.671686446201896,20.886398876941048,-16.09369221296335,21.0,0,0.11360112305895242,20.886398876941048,20.5,21.5
976.0,20.664333370470064,20.879042661291834,-16.093201087902564,21.0,0,0.12095733870816616,20.879042661291834,20.5,21.5
977.0,20.65698186357839,20.8716880156013,-16.092711190516063,21.0,0,0.1283119843986995,20.8716880156013,20.5,21.5
978.0,20.649631924967572,20.864334939310186,-16.092222521467093,21.0,0,0.13566506068981354,20.864334939310186,20.5,21.5
979.0,20.642283554078286,20.85698343185921,-16.09173508141724,21.0,0,0.14301656814079067,20.85698343185921,20.5,21.5
980.0,20.634936750351187,20.84963349268907,-16.091248871026437,21.0,0,0.15036650731093104,20.84963349268907,20.5,21.5
981.0,20.62759151322691,20.842285121240437,-16.090763890952932,21.0,0,0.15771487875956325,20.842285121240437,20.5,21.5
982.0,20.620247842146075,20.834938316953973,-16.09028014185332,21.0,0,0.16506168304602653,20.834938316953973,20.5,21.5
983.0,20.612905736549276,20.82759307927032,-16.089797624382534,21.0,0,0.17240692072968145,20.82759307927032,20.5,21.5
984.0,20.60556519587709,20.82024940763008,-16.08931633919382,21.0,0,0.17975059236992053,20.82024940763008,20.5,21.5
985.0,20.598226219570076,20.812907301473857,-16.088836286938783,21.0,0,0.1870926985261434,20.812907301473857,20.5,21.5
986.0,20.590888807068776,20.805566760242233,-16.088357468267333,21.0,0,0.1944332397577675,20.805566760242233,20.5,21.5
987.0,20.58355295781371,20.798227783375758,-16.087879883827725,21.0,0,0.20177221662424216,20.798227783375758,20.5,21.5
988.0,20.576218671245382,20.79089037031498,-16.087403534266542,21.0,0,0.20910962968502034,20.79089037031498,20.5,21.5
989.0,20.56888594680428,20.783554520500417,-16.086928420228688,21.0,0,0.21644547949958337,20.783554520500417,20.5,21.5
990.0,20.561554783930873,20.776220233372577,-16.0864545423574,21.0,0,0.22377976662742327,20.776220233372577,20.5,21.5
991.0,20.554225182065615,20.768887508371943,-16.08598190129424,21.0,0,0.23111249162805692,20.768887508371943,20.5,21.5
992.0,20.546897140648944,20.761556344938988,-16.085510497679095,21.0,0,0.23844365506101184,20.761556344938988,20.5,21.5
993.0,20.539570659121278,20.75422674251417,-16.085040332150175,21.0,0,0.2457732574858298,20.75422674251417,20.5,21.5
994.0,20.532245736923024,20.74689870053792,-16.084571405344022,21.0,0,0.25310129946208093,20.74689870053792,20.5,21.5
995.0,20.52492237349457,20.739572218450654,-16.084103717895488,21.0,0,0.2604277815493461,20.739572218450654,20.5,21.5
996.0,20.51760056827629,20.73224729569279,-16.083637270437762,21.0,0,0.26775270430720965,20.73224729569279,20.5,21.5
997.0,20.510280320708546,20.724923931704712,-16.083172063602337,21.0,0,0.27507606829528797,20.724923931704712,20.5,21.5
998.0,20.502961630231685,20.717602125926796,-16.082708098019044,21.0,0,0.2823978740732045,20.717602125926796,20.5,21.5
999.0,20.495644496286033,20.710281877799396,-16.082245374316017,21.0,0,0.289718122200604,20.710281877799396,20.5,21.5
1000.0,20.48832891831191,20.702963186762865,-16.081783893119727,21.0,0,0.2970368132371348,20.702963186762865,20.5,21.5
1001.0,20.481014895749624,20.695646052257537,-16.081323655054945,21.0,0,0.30435394774246305,20.695646052257537,20.5,21.5
1002.0,20.473702428039463,20.688330473723717,-16.080864660744766,21.0,0,0.3116695262762832,20.688330473723717,20.5,21.5
1003.0,20.466391514621705,20.681016450601724,-16.080406910810606,21.0,0,0.31898354939827556,20.681016450601724,20.5,21.5
1004.0,20.459082154936617,20.673703982331837,-16.07995040587219,21.0,0,0.3262960176681631,20.673703982331837,20.5,21.5
1005.0,20.451774348424454,20.666393068354346,-16.079495146547558,21.0,0,0.33360693164565447,20.666393068354346,20.5,21.5
1006.0,20.444468094525458,20.659083708109513,-16.07904113345307,21.0,0,0.3409162918904869,20.659083708109513,20.5,21.5
1007.0,20.437163392679864,20.651775901037592,-16.07858836720339,21.0,0,0.34822409896240814,20.651775901037592,20.5,21.5
1008.0,20.429860242327887,20.644469646578827,-16.0781368484115,21.0,0,0.3555303534211731,20.644469646578827,20.5,21.5
1009.0,20.42255864290974,20.637164944173453,-16.077686577688688,21.0,0,0.3628350558265474,20.637164944173453,20.5,21.5
1010.0,20.41525859386562,20.629861793261686,-16.077237555644558,21.0,0,0.3701382067383143,20.629861793261686,20.5,21.5
1011.0,20.40796009463572,20.62256019328374,-16.07678978288702,21.0,0,0.37743980671626076,20.62256019328374,20.5,21.5
1012.0,20.400663144660214,20.61526014367981,-16.07634326002229,21.0,0,0.38473985632019136,20.61526014367981,20.5,21.5
1013.0,20.39336774337928,20.607961643890086,-16.075897987654905,21.0,0,0.39203835610991433,20.607961643890086,20.5,21.5
1014.0,20.38607389023307,20.60066469335475,-16.075453966387688,21.0,0,0.3993353066452485,20.60066469335475,20.5,21.5
1015.0,20.37878158466175,20.59336929151398,-16.075011196821784,21.0,0,0.4066307084860199,20.59336929151398,20.5,21.5
1016.0,20.37149082610545,20.586075437807928,-16.07456967955664,21.0,0,0.4139245621920722,20.586075437807928,20.5,21.5
1017.0,20.36420161400432,20.578783131676747,-16.074129415190008,21.0,0,0.42121686832325267,20.578783131676747,20.5,21.5
1018.0,20.35691394779848,20.571492372560588,-16.073690404317936,21.0,0,0.4285076274394122,20.571492372560588,20.5,21.5
1019.0,20.349627826928057,20.564203159899584,-16.073252647534783,21.0,0,0.43579684010041575,20.564203159899584,20.5,21.5
1020.0,20.342343250833164,20.556915493133868,-16.072816145433215,21.0,0,0.443084506866132,20.556915493133868,20.5,21.5
1021.0,20.33506021895391,20.54962937170356,-16.07238089860418,21.0,0,0.45037062829644015,20.54962937170356,20.5,21.5
1022.0,20.327778730730397,20.542344795048777,-16.071946907636953,21.0,0,0.457655204951223,20.542344795048777,20.5,21.5
1023.0,20.320498785602723,20.535061762609626,-16.071514173119084,21.0,0,0.4649382373903741,20.535061762609626,20.5,21.5
1024.0,20.31322038301098,20.52778027382621,-16.07108269563644,21.0,0,0.4722197261737904,20.52778027382621,20.5,21.5
1025.0,20.30594352239525,20.520500328138628,-16.07065247577318,21.0,0,0.47949967186137243,20.520500328138628,20.5,21.5
1026.0,20.298668203195618,20.513221924986972,-16.07022351411175,21.0,0,0.48677807501302794,20.513221924986972,20.5,21.5
1027.0,20.291394424852157,20.50594506381132,-16.069795811232908,21.0,0,0.4940549361886788,20.50594506381132,20.5,21.5
1028.0,20.28412218680494,20.498669744051764,-16.0693693677157,21.0,1,0.5013302559482362,20.498669744051764,20.5,21.5
1029.0,20.281851488494034,20.492395965148376,-16.06894418413747,21.0,1,0.5076040348516244,20.492395965148376,20.5,21.5
1030.0,20.27958132935951,20.48712352654123,-16.068520261073857,21.0,1,0.5128764734587712,20.48712352654123,20.5,21.5
1031.0,20.277311709041424,20.48285222771039,-16.068097599098788,21.0,1,0.5171477722896114,20.48285222771039,20.5,21.5
1032.0,20.275042627179797,20.479581868175917,-16.06767619878449,21.0,1,0.5204181318240835,20.479581868175917,20.5,21.5
1033.0,20.272774083414603,20.47731224749785,-16.06725606070147,21.0,1,0.5226877525021507,20.47731224749785,20.5,21.5
1034.0,20.27050607738578,20.475043165276197,-16.066837185418542,21.0,1,0.5249568347238025,20.475043165276197,20.5,21.5
1035.0,20.268238608733217,20.47277462115094,-16.0664195735028,21.0,1,0.5272253788490602,20.47277462115094,20.5,21.5
1036.0,20.26597167709677,20.47050661476201,-16.066003225519626,21.0,1,0.5294933852379913,20.47050661476201,20.5,21.5
1037.0,20.263705282116245,20.4682391457493,-16.065588142032702,21.0,1,0.5317608542506989,20.4682391457493,20.5,21.5
1038.0,20.261439423431415,20.46597221375266,-16.065174323603983,21.0,1,0.5340277862473393,20.46597221375266,20.5,21.5
1039.0,20.25917410068201,20.463705818411906,-16.06476177079373,21.0,1,0.5362941815880937,20.463705818411906,20.5,21.5
1040.0,20.256909313507716,20.461439959366807,-16.06435048416047,21.0,1,0.5385600406331932,20.461439959366807,20.5,21.5
1041.0,20.25464506154818,20.459174636257092,-16.063940464261027,21.0,1,0.5408253637429077,20.459174636257092,20.5,21.5
1042.0,20.25238134444302,20.456909848722443,-16.063531711650512,21.0,1,0.543090151277557,20.456909848722443,20.5,21.5
1043.0,20.2501181618318,20.45464559640252,-16.063124226882312,21.0,1,0.5453544035974787,20.45464559640252,20.5,21.5
1044.0,20.247855513354057,20.45238187893693,-16.062718010508107,21.0,1,0.5476181210630706,20.45238187893693,20.5,21.5
1045.0,20.245593398649284,20.450118695965244,-16.062313063077855,21.0,1,0.5498813040347557,20.450118695965244,20.5,21.5
1046.0,20.24333181735694,20.447856047126997,-16.061909385139792,21.0,1,0.5521439528730028,20.447856047126997,20.5,21.5
1047.0,20.24107076911644,20.445593932061676,-16.061506977240445,21.0,1,0.5544060679383236,20.445593932061676,20.5,21.5
1048.0,20.23881025356717,20.443332350408753,-16.061105839924608,21.0,1,0.5566676495912475,20.443332350408753,20.5,21.5
1049.0,20.23655027034847,20.441071301807636,-16.060705973735374,21.0,1,0.5589286981923642,20.441071301807636,20.5,21.5
1050.0,20.23429081909965,20.43881078589771,-16.06030737921409,21.0,1,0.5611892141022885,20.43881078589771,20.5,21.5
1051.0,20.23203189945999,20.436550802318322,-16.059910056900407,21.0,1,0.5634491976816776,20.436550802318322,20.5,21.5
1052.0,20.229773511068718,20.43429135070878,-16.05951400733224,21.0,1,0.5657086492912207,20.43429135070878,20.5,21.5
1053.0,20.22751565356504,20.432032430708354,-16.059119231045777,21.0,1,0.5679675692916462,20.432032430708354,20.5,21.5
1054.0,20.225258326588115,20.42977404195628,-16.05872572857549,21.0,1,0.5702259580437214,20.42977404195628,20.5,21.5
1055.0,20.223001529777083,20.427516184091765,-16.058333500454125,21.0,1,0.5724838159082353,20.427516184091765,20.5,21.5
1056.0,20.220745262771036,20.425258856753974,-16.057942547212704,21.0,1,0.5747411432460261,20.425258856753974,20.5,21.5
1057.0,20.21848952520904,20.42300205958204,-16.05755286938052,21.0,1,0.5769979404179608,20.42300205958204,20.5,21.5
1058.0,20.216234316730123,20.420745792215055,-16.057164467485137,21.0,1,0.5792542077849454,20.420745792215055,20.5,21.5
1059.0,20.21397963697328,20.41849005429209,-16.0567773420524,21.0,1,0.5815099457079107,20.41849005429209,20.5,21.5
1060.0,20.211725485577475,20.41623484545217,-16.056391493606416,21.0,1,0.5837651545478302,20.41623484545217,20.5,21.5
1061.0,20.209471862181637,20.413980165334287,-16.056006922669575,21.0,1,0.5860198346657128,20.413980165334287,20.5,21.5
1062.0,20.207218766424667,20.411726013577415,-16.05562362976252,21.0,1,0.5882739864225854,20.411726013577415,20.5,21.5
1063.0,20.204966197945428,20.409472389820472,-16.055241615404178,21.0,1,0.590527610179528,20.409472389820472,20.5,21.5
1064.0,20.202714156382758,20.40721929370237,-16.054860880111747,21.0,1,0.5927807062976314,20.40721929370237,20.5,21.5
1065.0,20.20046264137546,20.404966724861964,-16.054481424400684,21.0,1,0.5950332751380358,20.404966724861964,20.5,21.5
1066.0,20.198211652562303,20.4027146829381,-16.054103248784713,21.0,1,0.5972853170618997,20.4027146829381,20.5,21.5
1067.0,20.195961189582032,20.400463167569573,-16.053726353775833,21.0,1,0.5995368324304273,20.400463167569573,20.5,21.5
1068.0,20.19371125207336,20.39821217839516,-16.0533507398843,21.0,1,0.6017878216048409,20.39821217839516,20.5,21.5
1069.0,20.191461839674968,20.395961715053602,-16.05297640761865,21.0,1,0.6040382849463981,20.395961715053602,20.5,21.5
1070.0,20.18921295202551,20.39371177718361,-16.052603357485673,21.0,1,0.6062882228163886,20.39371177718361,20.5,21.5
1071.0,20.186964588763608,20.39146236442387,-16.052231589990413,21.0,1,0.6085376355761305,20.39146236442387,20.5,21.5
1072.0,20.18471674952786,20.389213476413033,-16.051861105636203,21.0,1,0.6107865235869667,20.389213476413033,20.5,21.5
1073.0,20.182469433956825,20.386965112789728,-16.051491904924617,21.0,1,0.6130348872102722,20.386965112789728,20.5,21.5
1074.0,20.18022264168905,20.384717273192543,-16.051123988355503,21.0,1,0.6152827268074574,20.384717273192543,20.5,21.5
1075.0,20.17797637236304,20.38246995726005,-16.050757356426967,21.0,1,0.6175300427399506,20.38246995726005,20.5,21.5
1076.0,20.175730625617284,20.380223164630785,-16.050392009635374,21.0,1,0.6197768353692155,20.380223164630785,20.5,21.5
1077.0,20.173485401090232,20.37797689494326,-16.050027948475346,21.0,1,0.6220231050567406,20.37797689494326,20.5,21.5
1078.0,20.17124069842032,20.375731147835957,-16.049665173439777,21.0,1,0.6242688521640432,20.375731147835957,20.5,21.5
1079.0,20.168996517245947,20.37348592294734,-16.04930368501981,21.0,1,0.6265140770526614,20.37348592294734,20.5,21.5
1080.0,20.166752857205495,20.37124121991583,-16.048943483704846,21.0,1,0.6287587800841692,20.37124121991583,20.5,21.5
1081.0,20.164509717937314,20.368997038379838,-16.048584569982545,21.0,1,0.6310029616201618,20.368997038379838,20.5,21.5
1082.0,20.16226709907973,20.366753377977737,-16.04822694433883,21.0,1,0.6332466220222628,20.366753377977737,20.5,21.5
1083.0,20.160025000271048,20.364510238347883,-16.047870607257863,21.0,1,0.6354897616521171,20.364510238347883,20.5,21.5
1084.0,20.157783421149542,20.3622676191286,-16.047515559222077,21.0,1,0.6377323808714017,20.3622676191286,20.5,21.5
1085.0,20.15554236135347,20.360025519958192,-16.047161800712164,21.0,1,0.6399744800418077,20.360025519958192,20.5,21.5
1086.0,20.153301820521055,20.357783940474942,-16.046809332207054,21.0,1,0.6422160595250581,20.357783940474942,20.5,21.5
1087.0,20.15106179829051,20.355542880317095,-16.046458154183938,21.0,1,0.6444571196829045,20.355542880317095,20.5,21.5
1088.0,20.148822294300015,20.35330233912289,-16.046108267118264,21.0,1,0.6466976608771091,20.35330233912289,20.5,21.5
1089.0,20.14658330818773,20.351062316530527,-16.045759671483722,21.0,1,0.6489376834694731,20.351062316530527,20.5,21.5
1090.0,20.144344839591795,20.34882281217819,-16.04541236775227,21.0,1,0.6511771878218084,20.34882281217819,20.5,21.5
1091.0,20.142106888150327,20.346583825704048,-16.045066356394095,21.0,1,0.6534161742959519,20.346583825704048,20.5,21.5
1092.0,20.13986945350142,20.34434535674623,-16.044721637877657,21.0,1,0.6556546432537687,20.34434535674623,20.5,21.5
1093.0,20.137632535283142,20.34210740494286,-16.04437821266965,21.0,1,0.6578925950571417,20.34210740494286,20.5,21.5
1094.0,20.13539613313355,20.339869969932018,-16.04403608123502,21.0,1,0.6601300300679824,20.339869969932018,20.5,21.5
1095.0,20.133160246690675,20.337633051351794,-16.043695244036964,21.0,1,0.6623669486482058,20.337633051351794,20.5,21.5
1096.0,20.13092487559253,20.335396648840234,-16.04335570153693,21.0,1,0.6646033511597658,20.335396648840234,20.5,21.5
1097.0,20.128690019477105,20.33316076203537,-16.043017454194604,21.0,1,0.6668392379646306,20.33316076203537,20.5,21.5
1098.0,20.12645567798237,20.330925390575214,-16.04268050246793,21.0,1,0.6690746094247864,20.330925390575214,20.5,21.5
1099.0,20.12422185074628,20.328690534097763,-16.04234484681309,21.0,1,0.6713094659022367,20.328690534097763,20.5,21.5
1100.0,20.121988537406768,20.326456192240983,-16.04201048768451,21.0,1,0.6735438077590175,20.326456192240983,20.5,21.5
1101.0,20.11975573760175,20.32422236464283,-16.041677425534864,21.0,1,0.6757776353571714,20.32422236464283,20.5,21.5
1102.0,20.117523450969124,20.32198905094123,-16.041345660815075,21.0,1,0.6780109490587698,20.32198905094123,20.5,21.5
1103.0,20.115291677146768,20.31975625077411,-16.0410151939743,21.0,1,0.680243749225891,20.31975625077411,20.5,21.5
1104.0,20.113060415772544,20.317523963779358,-16.04068602545994,21.0,1,0.6824760362206419,20.317523963779358,20.5,21.5
1105.0,20.1108296664843,20.315292189594864,-16.04035815571765,21.0,1,0.6847078104051363,20.315292189594864,20.5,21.5
1106.0,20.10859942891986,20.313060927858487,-16.040031585191315,21.0,1,0.686939072141513,20.313060927858487,20.5,21.5
1107.0,20.106369702717036,20.31083017820807,-16.039706314323055,21.0,1,0.6891698217919284,20.31083017820807,20.5,21.5
1108.0,20.10414048751363,20.308599940281443,-16.039382343553253,21.0,1,0.691400059718557,20.308599940281443,20.5,21.5
1109.0,20.101911782947415,20.306370213716416,-16.039059673320512,21.0,1,0.6936297862835836,20.306370213716416,20.5,21.5
1110.0,20.099683588656163,20.304140998150793,-16.03873830406168,21.0,1,0.6958590018492075,20.304140998150793,20.5,21.5
1111.0,20.09745590427762,20.301912293222344,-16.038418236211847,21.0,1,0.6980877067776561,20.301912293222344,20.5,21.5
1112.0,20.095228729449524,20.29968409856884,-16.038099470204337,21.0,1,0.7003159014311606,20.29968409856884,20.5,21.5
1113.0,20.093002063809593,20.297456413828037,-16.037782006470714,21.0,1,0.7025435861719629,20.297456413828037,20.5,21.5
1114.0,20.090775906995535,20.29522923863766,-16.037465845440778,21.0,1,0.7047707613623402,20.29522923863766,20.5,21.5
1115.0,20.088550258645046,20.293002572635437,-16.03715098754256,21.0,1,0.7069974273645627,20.293002572635437,20.5,21.5
1116.0,20.08632511839581,20.29077641545907,-16.036837433202344,21.0,1,0.7092235845409292,20.29077641545907,20.5,21.5
1117.0,20.08410048588549,20.288550766746265,-16.03652518284462,21.0,1,0.7114492332537345,20.288550766746265,20.5,21.5
1118.0,20.081876360751743,20.286325626134694,-16.036214236892146,21.0,1,0.713674373865306,20.286325626134694,20.5,21.5
1119.0,20.079652742632213,20.28410099326203,-16.035904595765892,21.0,1,0.7158990067379705,20.28410099326203,20.5,21.5
1120.0,20.077429631164534,20.281876867765927,-16.03559625988506,21.0,1,0.7181231322340729,20.281876867765927,20.5,21.5
1121.0,20.075207025986323,20.27965324928403,-16.0352892296671,21.0,1,0.7203467507159687,20.27965324928403,20.5,21.5
1122.0,20.07298492673519,20.27743013745397,-16.034983505527688,21.0,1,0.7225698625460311,20.27743013745397,20.5,21.5
1123.0,20.07076333304874,20.27520753191337,-16.034679087880725,21.0,1,0.7247924680866298,20.27520753191337,20.5,21.5
1124.0,20.06854224456455,20.27298543229984,-16.03437597713835,21.0,1,0.7270145677001594,20.27298543229984,20.5,21.5
1125.0,20.06632166092021,20.270763838250975,-16.034074173710934,21.0,1,0.7292361617490251,20.270763838250975,20.5,21.5
1126.0,20.064101581753285,20.268542749404368,-16.033773678007066,21.0,1,0.731457250595632,20.268542749404368,20.5,21.5
1127.0,20.06188200670133,20.266322165397593,-16.033474490433584,21.0,1,0.7336778346024069,20.266322165397593,20.5,21.5
1128.0,20.059662935401906,20.264102085868227,-16.03317661139554,21.0,1,0.7358979141317725,20.264102085868227,20.5,21.5
1129.0,20.057444367492547,20.26188251045383,-16.03288004129622,21.0,1,0.7381174895461697,20.26188251045383,20.5,21.5
1130.0,20.05522630261079,20.259663438791947,-16.032584780537135,21.0,1,0.7403365612080535,20.259663438791947,20.5,21.5
1131.0,20.053008740394162,20.257444870520125,-16.03229082951803,21.0,1,0.7425551294798751,20.257444870520125,20.5,21.5
1132.0,20.05079168048018,20.255226805275893,-16.031998188636866,21.0,1,0.7447731947241074,20.255226805275893,20.5,21.5
1133.0,20.048575122506357,20.253009242696784,-16.031706858289837,21.0,1,0.746990757303216,20.253009242696784,20.5,21.5
1134.0,20.0463590661102,20.250792182420316,-16.03141683887137,21.0,1,0.7492078175796841,20.250792182420316,20.5,21.5
1135.0,20.044143510929203,20.248575624083998,-16.0311281307741,21.0,1,0.7514243759160024,20.248575624083998,20.5,21.5
1136.0,20.04192845660086,20.246359567325335,-16.0308407343889,21.0,1,0.7536404326746649,20.246359567325335,20.5,21.5
1137.0,20.039713902762664,20.244144011781835,-16.03055465010486,21.0,1,0.7558559882181655,20.244144011781835,20.5,21.5
1138.0,20.03749984905209,20.24192895709098,-16.030269878309305,21.0,1,0.7580710429090196,20.24192895709098,20.5,21.5
1139.0,20.035286295106616,20.239714402890264,-16.02998641938776,21.0,1,0.7602855971097355,20.239714402890264,20.5,21.5
1140.0,20.033073240563716,20.237500348817164,-16.029704273724004,21.0,1,0.7624996511828357,20.237500348817164,20.5,21.5
1141.0,20.03086068506086,20.235286794509165,-16.02942344170001,21.0,1,0.7647132054908354,20.235286794509165,20.5,21.5
1142.0,20.028648628235505,20.233073739603732,-16.02914392369599,21.0,1,0.7669262603962679,20.233073739603732,20.5,21.5
1143.0,20.02643706972512,20.23086118373834,-16.028865720090366,21.0,1,0.769138816261659,20.23086118373834,20.5,21.5
1144.0,20.024226009167155,20.228649126550447,-16.028588831259786,21.0,1,0.7713508734495527,20.228649126550447,20.5,21.5
1145.0,20.02201544619907,20.226437567677518,-16.02831325757912,21.0,1,0.7735624323224819,20.226437567677518,20.5,21.5
1146.0,20.019805380458315,20.22422650675701,-16.028038999421454,21.0,1,0.7757734932429905,20.22422650675701,20.5,21.5
1147.0,20.01759581158234,20.222015943426378,-16.027766057158093,21.0,1,0.7779840565736222,20.222015943426378,20.5,21.5
1148.0,20.01538673920859,20.219805877323072,-16.027494431158562,21.0,1,0.780194122676928,20.219805877323072,20.5,21.5
1149.0,20.013178162974516,20.217596308084545,-16.027224121790603,21.0,1,0.7824036919154551,20.217596308084545,20.5,21.5
1150.0,20.010970082517563,20.215387235348242,-16.026955129420177,21.0,1,0.784612764651758,20.215387235348242,20.5,21.5
1151.0,20.008762497475175,20.213178658751616,-16.02668745441146,21.0,1,0.786821341248384,20.213178658751616,20.5,21.5
1152.0,20.006555407484797,20.21097057793211,-16.02642109712684,21.0,1,0.7890294220678911,20.21097057793211,20.5,21.5
1153.0,20.004348812183874,20.208762992527163,-16.026156057926933,21.0,1,0.7912370074728372,20.208762992527163,20.5,21.5
1154.0,20.002142711209853,20.206555902174234,-16.02589233717056,21.0,1,0.7934440978257662,20.206555902174234,20.5,21.5
1155.0,19.99993710420018,20.204349306510757,-16.025629935214766,21.0,1,0.7956506934892431,20.204349306510757,20.5,21.5
1156.0,19.997731990792296,20.202143205174178,-16.025368852414797,21.0,1,0.7978567948258224,20.202143205174178,20.5,21.5
1157.0,19.995527370623655,20.19993759780195,-16.02510908912413,21.0,1,0.8000624021980514,20.19993759780195,20.5,21.5
1158.0,19.993323243331705,20.197732484031512,-16.024850645694436,21.0,1,0.802267515968488,20.197732484031512,20.5,21.5
1159.0,19.9911196085539,20.19552786350032,-16.02459352247562,21.0,1,0.8044721364996796,20.19552786350032,20.5,21.5
1160.0,19.98891646592769,20.193323735845823,-16.024337719815787,21.0,1,0.8066762641541771,20.193323735845823,20.5,21.5
1161.0,19.986713815090543,20.191120100705472,-16.02408323806125,21.0,1,0.8088798992945279,20.191120100705472,20.5,21.5
1162.0,19.984511655679913,20.188916957716724,-16.023830077556553,21.0,1,0.8110830422832755,20.188916957716724,20.5,21.5
1163.0,19.982309987333267,20.18671430651704,-16.023578238644426,21.0,1,0.8132856934829604,20.18671430651704,20.5,21.5
1164.0,19.980108809688073,20.184512146743874,-16.023327721665833,21.0,1,0.8154878532561263,20.184512146743874,20.5,21.5
1165.0,19.977908122381802,20.182310478034697,-16.023078526959928,21.0,1,0.8176895219653026,20.182310478034697,20.5,21.5
1166.0,19.975707925051932,20.180109300026977,-16.022830654864094,21.0,1,0.8198906999730227,20.180109300026977,20.5,21.5
1167.0,19.973508217335947,20.177908612358184,-16.022584105713904,21.0,1,0.8220913876418159,20.177908612358184,20.5,21.5
1168.0,19.971308998871336,20.1757084146658,-16.022338879843158,21.0,1,0.8242915853342012,20.1757084146658,20.5,21.5
1169.0,19.969110269295594,20.173508706587302,-16.02209497758385,21.0,1,0.8264912934126976,20.173508706587302,20.5,21.5
1170.0,19.96691202824622,20.171309487760187,-16.021852399266194,21.0,1,0.8286905122398132,20.171309487760187,20.5,21.5
1171.0,19.964714275360716,20.169110757821944,-16.021611145218603,21.0,1,0.8308892421780563,20.169110757821944,20.5,21.5
1172.0,19.9625170102766,20.166912516410072,-16.0213712157677,21.0,1,0.833087483589928,20.166912516410072,20.5,21.5
1173.0,19.96032023263139,20.164714763162085,-16.021132611238315,21.0,1,0.8352852368379153,20.164714763162085,20.5,21.5
1174.0,19.958123942062617,20.162517497715488,-16.020895331953483,21.0,1,0.8374825022845123,20.162517497715488,20.5,21.5
1175.0,19.955928138207813,20.160320719707805,-16.02065937823445,21.0,1,0.8396792802921951,20.160320719707805,20.5,21.5
1176.0,19.953732820704523,20.158124428776567,-16.020424750400657,21.0,1,0.8418755712234329,20.158124428776567,20.5,21.5
1177.0,19.951537989190303,20.15592862455931,-16.020191448769758,21.0,1,0.8440713754406914,20.15592862455931,20.5,21.5
1178.0,19.94934364330271,20.153733306693574,-16.019959473657615,21.0,1,0.8462666933064256,20.153733306693574,20.5,21.5
1179.0,19.94714978267932,20.151538474816913,-16.01972882537828,21.0,1,0.8484615251830867,20.151538474816913,20.5,21.5
1180.0,19.944956406957708,20.14934412856689,-16.01949950424402,21.0,1,0.8506558714331085,20.14934412856689,20.5,21.5
1181.0,19.942763515775468,20.147150267581083,-16.019271510565307,21.0,1,0.8528497324189175,20.147150267581083,20.5,21.5
1182.0,19.9405711087702,20.144956891497063,-16.019044844650807,21.0,1,0.8550431085029366,20.144956891497063,20.5,21.5
1183.0,19.938379185579517,20.142763999952425,-16.018819506807397,21.0,1,0.8572360000475747,20.142763999952425,20.5,21.5
1184.0,19.93618774584104,20.14057159258477,-16.018595497340147,21.0,1,0.8594284074152299,20.14057159258477,20.5,21.5
1185.0,19.933996789192403,20.138379669031707,-16.018372816552336,21.0,1,0.861620330968293,20.138379669031707,20.5,21.5
1186.0,19.931806315271253,20.136188228930862,-16.01815146474544,21.0,1,0.8638117710691375,20.136188228930862,20.5,21.5
1187.0,19.929616323715248,20.13399727191987,-16.01793144221914,21.0,1,0.8660027280801295,20.13399727191987,20.5,21.5
1188.0,19.92742681416206,20.13180679763638,-16.01771274927131,21.0,1,0.8681932023636207,20.13180679763638,20.5,21.5
1189.0,19.925237786249376,20.129616805718047,-16.017495386198036,21.0,1,0.8703831942819527,20.129616805718047,20.5,21.5
1190.0,19.923049239614887,20.127427295802544,-16.01727935329359,21.0,1,0.8725727041974558,20.127427295802544,20.5,21.5
1191.0,19.920861173896306,20.125238267527557,-16.017064650850443,21.0,1,0.874761732472443,20.125238267527557,20.5,21.5
1192.0,19.918673588731355,20.123049720530776,-16.016851279159287,21.0,1,0.8769502794692237,20.123049720530776,20.5,21.5
1193.0,19.916486483757776,20.120861654449918,-16.016639238508986,21.0,1,0.8791383455500821,20.120861654449918,20.5,21.5
1194.0,19.914299858613322,20.118674068922708,-16.016428529186612,21.0,1,0.8813259310772921,20.118674068922708,20.5,21.5
1195.0,19.912113712935763,20.116486963586883,-16.016219151477443,21.0,1,0.8835130364131167,20.116486963586883,20.5,21.5
1196.0,19.909928046362882,20.1143003380802,-16.016011105664937,21.0,1,0.8856996619198014,20.1143003380802,20.5,21.5
1197.0,19.907742858532476,20.112114192040423,-16.01580439203076,21.0,1,0.8878858079595773,20.112114192040423,20.5,21.5
1198.0,19.905558149082363,20.10992852510534,-16.01559901085477,21.0,1,0.8900714748946612,20.10992852510534,20.5,21.5
1199.0,19.903373917650377,20.10774333691275,-16.01539496241503,21.0,1,0.8922566630872488,20.10774333691275,20.5,21.5
1200.0,19.901190163874364,20.10555862710047,-16.015192246987795,21.0,1,0.8944413728995286,20.10555862710047,20.5,21.5
1201.0,19.899006887392193,20.103374395306332,-16.014990864847498,21.0,1,0.8966256046936678,20.103374395306332,20.5,21.5
1202.0,19.896824087841747,20.101190641168188,-16.01479081626679,21.0,1,0.8988093588318122,20.101190641168188,20.5,21.5
1203.0,19.894641764860925,20.0990073643239,-16.01459210151651,21.0,1,0.9009926356761007,20.0990073643239,20.5,21.5
1204.0,19.89245991808765,20.096824564411357,-16.014394720865685,21.0,1,0.9031754355886434,20.096824564411357,20.5,21.5
1205.0,19.89027854715986,20.094642241068453,-16.01419867458154,21.0,1,0.9053577589315474,20.094642241068453,20.5,21.5
1206.0,19.888097651715512,20.092460393933116,-16.014003962929493,21.0,1,0.9075396060668837,20.092460393933116,20.5,21.5
1207.0,19.885917231392582,20.090279022643283,-16.01381058617316,21.0,1,0.9097209773567165,20.090279022643283,20.5,21.5
1208.0,19.88373728582907,20.088098126836915,-16.013618544574342,21.0,1,0.9119018731630852,20.088098126836915,20.5,21.5
1209.0,19.88155781466299,20.08591770615198,-16.01342783839303,21.0,1,0.9140822938480184,20.08591770615198,20.5,21.5
1210.0,19.87937881753238,20.083737760226487,-16.01323846788742,21.0,1,0.9162622397735127,20.083737760226487,20.5,21.5
1211.0,19.877200294075298,20.081558288698442,-16.013050433313893,21.0,1,0.9184417113015577,20.081558288698442,20.5,21.5
1212.0,19.87502224392982,20.07937929120589,-16.012863734927013,21.0,1,0.920620708794111,20.07937929120589,20.5,21.5
1213.0,19.87284466673405,20.077200767386888,-16.012678372979547,21.0,1,0.9227992326131123,20.077200767386888,20.5,21.5
1214.0,19.87066756212611,20.07502271687951,-16.012494347722452,21.0,1,0.9249772831204908,20.07502271687951,20.5,21.5
1215.0,19.868490929744137,20.072845139321863,-16.012311659404862,21.0,1,0.9271548606781366,20.072845139321863,20.5,21.5
1216.0,19.866314769226307,20.070668034352064,-16.01213030827412,21.0,1,0.9293319656479362,20.070668034352064,20.5,21.5
1217.0,19.864139080210805,20.068491401608263,-16.011950294575744,21.0,1,0.931508598391737,20.068491401608263,20.5,21.5
1218.0,19.86196386233585,20.06631524072862,-16.011771618553446,21.0,1,0.9336847592713795,20.06631524072862,20.5,21.5
1219.0,19.85978911523967,20.06413955135133,-16.01159428044913,21.0,1,0.9358604486486684,20.06413955135133,20.5,21.5
1220.0,19.857614838560533,20.06196433311461,-16.011418280502888,21.0,1,0.9380356668853906,20.06196433311461,20.5,21.5
1221.0,19.85544103193672,20.059789585656695,-16.011243618952996,21.0,1,0.940210414343305,20.059789585656695,20.5,21.5
1222.0,19.853267695006544,20.05761530861584,-16.011070296035918,21.0,1,0.9423846913841594,20.05761530861584,20.5,21.5
1223.0,19.851094827408335,20.055441501630337,-16.01089831198631,21.0,1,0.9445584983696627,20.055441501630337,20.5,21.5
1224.0,19.848922428780458,20.053268164338498,-16.01072766703701,21.0,1,0.9467318356615024,20.053268164338498,20.5,21.5
1225.0,19.846750498761295,20.05109529637865,-16.010558361419058,21.0,1,0.9489047036213485,20.05109529637865,20.5,21.5
1226.0,19.84457903698926,20.048922897389158,-16.010390395361654,21.0,1,0.9510771026108422,20.048922897389158,20.5,21.5
1227.0,19.84240804310279,20.046750967008407,-16.01022376909221,21.0,1,0.953249032991593,20.046750967008407,20.5,21.5
1228.0,19.840237516740352,20.04457950487481,-16.010058482836314,21.0,1,0.955420495125189,20.04457950487481,20.5,21.5
1229.0,19.838067457540436,20.042408510626807,-16.009894536817733,21.0,1,0.9575914893731934,20.042408510626807,20.5,21.5
1230.0,19.835897865141565,20.04023798390286,-16.00973193125843,21.0,1,0.959762016097141,20.04023798390286,20.5,21.5
1231.0,19.833728739182284,20.038067924341462,-16.00957066637855,21.0,1,0.9619320756585381,20.038067924341462,20.5,21.5
1232.0,19.831560079301173,20.035898331581137,-16.00941074239642,21.0,1,0.9641016684188628,20.035898331581137,20.5,21.5
1233.0,19.829391885136832,20.033729205260435,-16.009252159528558,21.0,1,0.9662707947395646,20.033729205260435,20.5,21.5
1234.0,19.8272241563279,20.03156054501793,-16.009094917989657,21.0,1,0.9684394549820716,20.03156054501793,20.5,21.5
1235.0,19.825056892513036,20.029392350492223,-16.008939017992603,21.0,1,0.9706076495077767,20.029392350492223,20.5,21.5
1236.0,19.822890093330933,20.027224621321952,-16.00878445974846,21.0,1,0.9727753786780475,20.027224621321952,20.5,21.5
1237.0,19.820723758420318,20.02505735714578,-16.008631243466475,21.0,1,0.97494264285422,20.02505735714578,20.5,21.5
1238.0,19.81855788741994,20.022890557602402,-16.008479369354088,21.0,1,0.9771094423975981,20.022890557602402,20.5,21.5
1239.0,19.816392479968584,20.020724222330536,-16.008328837616908,21.0,1,0.9792757776694643,20.020724222330536,20.5,21.5
1240.0,19.81422753570507,20.018558350968945,-16.008179648458736,21.0,1,0.9814416490310549,20.018558350968945,20.5,21.5
1241.0,19.812063054268236,20.016392943156408,-16.008031802081554,21.0,1,0.9836070568435922,20.016392943156408,20.5,21.5
1242.0,19.809899035296965,20.014227998531737,-16.007885298685522,21.0,1,0.9857720014682627,20.014227998531737,20.5,21.5
1243.0,19.807735478430168,20.012063516733782,-16.007740138468982,21.0,1,0.9879364832662176,20.012063516733782,20.5,21.5
1244.0,19.80557238330679,20.00989949740142,-16.00759632162847,21.0,1,0.9901005025985796,20.00989949740142,20.5,21.5
1245.0,19.8034097495658,20.007735940173568,-16.00745384835868,21.0,1,0.9922640598264323,20.007735940173568,20.5,21.5
1246.0,19.801247576846215,20.005572844689162,-16.007312718852504,21.0,1,0.9944271553108379,20.005572844689162,20.5,21.5
1247.0,19.799085864787074,20.003410210587184,-16.007172933301018,21.0,1,0.9965897894128162,20.003410210587184,20.5,21.5
1248.0,19.796924613027457,20.001248037506645,-16.007034491893464,21.0,1,0.9987519624933547,20.001248037506645,20.5,21.5
1249.0,19.794763821206473,19.999086325086584,-16.006897394817273,21.0,1,1.0009136749134164,19.999086325086584,20.5,21.5
1250.0,19.79260348896327,19.996925072966075,-16.006761642258056,21.0,1,1.003074927033925,19.996925072966075,20.5,21.5
1251.0,19.790443615937026,19.99476428078424,-16.006627234399602,21.0,1,1.0052357192157615,19.99476428078424,20.5,21.5
1252.0,19.78828420176696,19.992603948180214,-16.00649417142388,21.0,1,1.0073960518197858,19.992603948180214,20.5,21.5
1253.0,19.786125246092322,19.990444074793185,-16.006362453511038,21.0,1,1.009555925206815,19.990444074793185,20.5,21.5
1254.0,19.783966748552402,19.988284660262373,-16.006232080839403,21.0,1,1.011715339737627,19.988284660262373,20.5,21.5
1255.0,19.781808708786524,19.986125704227025,-16.00610305358548,21.0,1,1.0138742957729754,19.986125704227025,20.5,21.5
1256.0,19.77965112643405,19.98396720632643,-16.005975371923952,21.0,1,1.0160327936735705,19.98396720632643,20.5,21.5
1257.0,19.77749400113438,19.981809166199913,-16.005849036027683,21.0,1,1.0181908338000873,19.981809166199913,20.5,21.5
1258.0,19.775337332526945,19.979651583486838,-16.005724046067716,21.0,1,1.020348416513162,19.979651583486838,20.5,21.5
1259.0,19.773181120251227,19.9774944578266,-16.005600402213265,21.0,1,1.0225055421733984,19.9774944578266,20.5,21.5
1260.0,19.771025363946734,19.975337788858646,-16.005478104631727,21.0,1,1.0246622111413544,19.975337788858646,20.5,21.5
1261.0,19.76887006325302,19.973181576222437,-16.005357153488674,21.0,1,1.0268184237775628,19.973181576222437,20.5,21.5
1262.0,19.76671521780967,19.971025819557497,-16.00523754894786,21.0,1,1.0289741804425034,19.971025819557497,20.5,21.5
1263.0,19.764560827256318,19.968870518503373,-16.005119291171212,21.0,1,1.0311294814966274,19.968870518503373,20.5,21.5
1264.0,19.762406891232633,19.966715672699653,-16.005002380318828,21.0,1,1.033284327300347,19.966715672699653,20.5,21.5
1265.0,19.760253409378322,19.96456128178597,-16.004886816548996,21.0,1,1.0354387182140314,19.96456128178597,20.5,21.5
1266.0,19.758100381333136,19.962407345401992,-16.00477260001817,21.0,1,1.0375926545980079,19.962407345401992,20.5,21.5
1267.0,19.755947806736867,19.960253863187436,-16.00465973088098,21.0,1,1.039746136812564,19.960253863187436,20.5,21.5
1268.0,19.753795685229342,19.958100834782037,-16.004548209290235,21.0,1,1.0418991652179628,19.958100834782037,20.5,21.5
1269.0,19.751644016450438,19.9559482598256,-16.00443803539692,21.0,1,1.0440517401743996,19.9559482598256,20.5,21.5
1270.0,19.74949280004007,19.95379613795795,-16.004329209350196,21.0,1,1.0462038620420486,19.95379613795795,20.5,21.5
1271.0,19.74734203563819,19.951644468818962,-16.004221731297395,21.0,1,1.0483555311810377,19.951644468818962,20.5,21.5
1272.0,19.745191722884805,19.949493252048548,-16.00411560138403,21.0,1,1.0505067479514523,19.949493252048548,20.5,21.5
1273.0,19.74304186141995,19.94734248728667,-16.00401081975378,21.0,1,1.0526575127133313,19.94734248728667,20.5,21.5
1274.0,19.740892450883717,19.94519217417332,-16.003907386548512,21.0,1,1.0548078258266784,19.94519217417332,20.5,21.5
1275.0,19.73874349091623,19.943042312348553,-16.003805301908255,21.0,1,1.0569576876514475,19.943042312348553,20.5,21.5
1276.0,19.736594981157666,19.94089290145245,-16.003704565971216,21.0,1,1.0591070985475497,19.94089290145245,20.5,21.5
1277.0,19.73444692124824,19.938743941125136,-16.003605178873777,21.0,1,1.0612560588748643,19.938743941125136,20.5,21.5
1278.0,19.732299310828214,19.936595431006786,-16.003507140750497,21.0,1,1.0634045689932137,19.936595431006786,20.5,21.5
1279.0,19.730152149537897,19.934447370737622,-16.003410451734098,21.0,1,1.0655526292623776,19.934447370737622,20.5,21.5
1280.0,19.728005437017643,19.932299759957903,-16.003315111955494,21.0,1,1.0677002400420967,19.932299759957903,20.5,21.5
1281.0,19.72585917290785,19.930152598307938,-16.003221121543753,21.0,1,1.069847401692062,19.930152598307938,20.5,21.5
1282.0,19.723713356848958,19.928005885428085,-16.003128480626124,21.0,1,1.0719941145719147,19.928005885428085,20.5,21.5
1283.0,19.721567988481464,19.925859620958736,-16.003037189328037,21.0,1,1.074140379041264,19.925859620958736,20.5,21.5
1284.0,19.719423067445902,19.923713804540334,-16.00294724777308,21.0,1,1.0762861954596659,19.923713804540334,20.5,21.5
1285.0,19.717278593382858,19.921568435813377,-16.00285865608302,21.0,1,1.078431564186623,19.921568435813377,20.5,21.5
1286.0,19.715134565932964,19.9194235144184,-16.002771414377804,21.0,1,1.0805764855815987,19.9194235144184,20.5,21.5
1287.0,19.7129909847369,19.917279039995986,-16.002685522775543,21.0,1,1.0827209600040142,19.917279039995986,20.5,21.5
1288.0,19.7108478494354,19.915135012186774,-16.002600981392515,21.0,1,1.0848649878132264,19.915135012186774,20.5,21.5
1289.0,19.708705159669233,19.91299143063144,-16.002517790343184,21.0,1,1.0870085693685603,19.91299143063144,20.5,21.5
1290.0,19.706562915079232,19.910848294970712,-16.002435949740175,21.0,1,1.0891517050292876,19.910848294970712,20.5,21.5
1291.0,19.704421115306268,19.908705604845373,-16.002355459694293,21.0,1,1.0912943951546268,19.908705604845373,20.5,21.5
1292.0,19.702279759991267,19.90656335989625,-16.0022763203145,21.0,1,1.09343664010375,19.90656335989625,20.5,21.5
1293.0,19.700138848775207,19.904421559764213,-16.00219853170795,21.0,1,1.095578440235787,19.904421559764213,20.5,21.5
1294.0,19.69799838129911,19.902280204090186,-16.002122093979953,21.0,1,1.0977197959098142,19.902280204090186,20.5,21.5
1295.0,19.695858357204056,19.90013929251515,-16.00204700723399,21.0,1,1.0998607074848508,19.90013929251515,20.5,21.5
1296.0,19.693718776131167,19.89799882468013,-16.001973271571728,21.0,1,1.1020011753198702,19.89799882468013,20.5,21.5
1297.0,19.691579637721627,19.8958588002262,-16.001900887092987,21.0,1,1.1041411997737995,19.8958588002262,20.5,21.5
1298.0,19.689440941616663,19.89371921879449,-16.001829853895764,21.0,1,1.106280781205509,19.89371921879449,20.5,21.5
1299.0,19.68730268745756,19.89158008002618,-16.001760172076235,21.0,1,1.1084199199738194,19.89158008002618,20.5,21.5
1300.0,19.685164874885654,19.889441383562502,-16.001691841728732,21.0,1,1.1105586164374976,19.889441383562502,20.5,21.5
1301.0,19.68302750354233,19.887303129044735,8.998375137054234,21.0,1,1.112696870955265,19.887303129044735,20.5,21.5
1302.0,19.685890573069035,19.886165316114216,8.99844076418198,21.0,1,1.1138346838857842,19.886165316114216,20.5,21.5
1303.0,19.688753083107258,19.88602774441234,8.99850503956566,21.0,1,1.1139722555876617,19.88602774441234,20.5,21.5
1304.0,19.69161503349855,19.886890213620536,8.998567963118255,21.0,1,1.1131097863794643,19.886890213620536,20.5,21.5
1305.0,19.694476424084474,19.8887525234603,8.998629534754574,21.0,1,1.111247476539699,19.8887525234603,20.5,21.5
1306.0,19.697337254706607,19.891614473693153,8.998689754391258,21.0,1,1.1083855263068472,19.891614473693153,20.5,21.5
1307.0,19.700197525206544,19.894475864120658,8.998748621946776,21.0,1,1.1055241358793424,19.894475864120658,20.5,21.5
1308.0,19.70305723542589,19.897336694584382,8.998806137341434,21.0,1,1.1026633054156179,19.897336694584382,20.5,21.5
1309.0,19.705916385206276,19.90019696492593,8.998862300497363,21.0,1,1.0998030350740713,19.90019696492593,20.5,21.5
1310.0,19.708774974389335,19.9030566749869,8.998917111338525,21.0,1,1.0969433250131004,19.9030566749869,20.5,21.5
1311.0,19.711633002816725,19.905915824608922,8.998970569790714,21.0,1,1.0940841753910782,19.905915824608922,20.5,21.5
1312.0,19.71449047033012,19.908774413633637,8.999022675781557,21.0,1,1.0912255863663631,19.908774413633637,20.5,21.5
1313.0,19.717347376771208,19.9116324419027,8.99907342924051,21.0,1,1.0883675580972998,19.9116324419027,20.5,21.5
1314.0,19.7202037219817,19.91448990925779,8.999122830098859,21.0,1,1.0855100907422113,19.91448990925779,20.5,21.5
1315.0,19.723059505803324,19.917346815540586,8.999170878289721,21.0,1,1.0826531844594136,19.917346815540586,20.5,21.5
1316.0,19.72591472807782,19.920203160592802,8.999217573748048,21.0,1,1.079796839407198,19.920203160592802,20.5,21.5
1317.0,19.728769388646956,19.92305894425617,8.999262916410622,21.0,1,1.0769410557438306,19.92305894425617,20.5,21.5
1318.0,19.731623487352508,19.92591416637243,8.999306906216052,21.0,1,1.0740858336275707,19.92591416637243,20.5,21.5
1319.0,19.73447702403628,19.928768826783347,8.999349543104785,21.0,1,1.0712311732166526,19.928768826783347,20.5,21.5
1320.0,19.737329998540094,19.9316229253307,8.999390827019095,21.0,1,1.0683770746693,19.9316229253307,20.5,21.5
1321.0,19.74018241070579,19.934476461856292,8.999430757903092,21.0,1,1.065523538143708,19.934476461856292,20.5,21.5
1322.0,19.74303426037523,19.937329436201946,8.999469335702713,21.0,1,1.0626705637980542,19.937329436201946,20.5,21.5
1323.0,19.745885547390294,19.9401818482095,8.999506560365731,21.0,1,1.0598181517904983,19.9401818482095,20.5,21.5
1324.0,19.74873627159289,19.943033697720825,8.999542431841748,21.0,1,1.056966302279175,19.943033697720825,20.5,21.5
1325.0,19.75158643282494,19.945884984577795,8.9995769500822,21.0,1,1.0541150154222052,19.945884984577795,20.5,21.5
1326.0,19.754436030928392,19.948735708622316,8.999610115040355,21.0,1,1.0512642913776844,19.948735708622316,20.5,21.5
1327.0,19.757285065745215,19.95158586969631,8.999641926671309,21.0,1,1.0484141303036907,19.95158586969631,20.5,21.5
1328.0,19.7601335371174,19.954435467641733,8.999672384931998,21.0,1,1.0455645323582665,19.954435467641733,20.5,21.5
1329.0,19.762981444886965,19.957284502300546,8.999701489781183,21.0,1,1.0427154976994544,19.957284502300546,20.5,21.5
1330.0,19.765828788895945,19.96013297351475,8.999729241179462,21.0,1,1.0398670264852505,19.96013297351475,20.5,21.5
1331.0,19.768675568986403,19.96298088112635,8.999755639089262,21.0,1,1.0370191188736513,19.96298088112635,20.5,21.5
1332.0,19.771521785000424,19.965828224977393,8.999780683474846,21.0,1,1.0341717750226067,19.965828224977393,20.5,21.5
1333.0,19.774367436780118,19.968675004909933,8.999804374302306,21.0,1,1.031324995090067,19.968675004909933,20.5,21.5
1334.0,19.777212524167624,19.971521220766068,8.999826711539567,21.0,1,1.0284787792339323,19.971521220766068,20.5,21.5
1335.0,19.780057047005098,19.974366872387897,8.999847695156392,21.0,1,1.0256331276121031,19.974366872387897,20.5,21.5
1336.0,19.78290100513473,19.97721195961756,8.999867325124367,21.0,1,1.0227880403824408,19.97721195961756,20.5,21.5
1337.0,19.785744398398727,19.980056482297222,8.999885601416919,21.0,1,1.019943517702778,19.980056482297222,20.5,21.5
1338.0,19.78858722663933,19.982900440269063,8.999902524009304,21.0,1,1.0170995597309371,19.982900440269063,20.5,21.5
1339.0,19.791429489698803,19.9857438333753,8.99991809287861,21.0,1,1.0142561666247012,19.9857438333753,20.5,21.5
1340.0,19.79427118741944,19.988586661458168,8.999932308003762,21.0,1,1.011413338541832,19.988586661458168,20.5,21.5
1341.0,19.797112319643556,19.991428924359933,8.999945169365512,21.0,1,1.0085710756400665,19.991428924359933,20.5,21.5
1342.0,19.7999528862135,19.994270621922887,8.999956676946448,21.0,1,1.0057293780771133,19.994270621922887,20.5,21.5
1343.0,19.80279288697165,19.99711175398935,8.999966830730992,21.0,1,1.0028882460106487,19.99711175398935,20.5,21.5
1344.0,19.8056323217604,19.999952320401672,8.999975630705395,21.0,1,1.0000476795983282,19.999952320401672,20.5,21.5
1345.0,19.80847119042219,20.00279232100222,8.999983076857744,21.0,1,0.9972076789977784,20.00279232100222,20.5,21.5
1346.0,19.811309492799477,20.00563175563341,8.999989169177958,21.0,1,0.9943682443665907,20.00563175563341,20.5,21.5
1347.0,19.814147228734754,20.008470624137658,8.99999390765779,21.0,1,0.991529375862342,20.008470624137658,20.5,21.5
1348.0,19.816984398070538,20.011308926357437,8.999997292290823,21.0,1,0.9886910736425634,20.011308926357437,20.5,21.5
1349.0,19.819821000649384,20.014146662135232,8.999999323072476,21.0,1,0.9858533378647678,20.014146662135232,20.5,21.5
1350.0,19.822657036313867,20.016983831313567,9.0,21.0,1,0.9830161686864329,20.016983831313567,20.5,21.5
1351.0,19.825492504906606,20.019820433734992,8.999999323072476,21.0,1,0.9801795662650079,20.019820433734992,20.5,21.5
1352.0,19.82832740627024,20.022656469242087,8.999997292290823,21.0,1,0.9773435307579135,20.022656469242087,20.5,21.5
1353.0,19.831161740247445,20.02549193767747,8.99999390765779,21.0,1,0.9745080623225313,20.02549193767747,20.5,21.5
1354.0,19.833995506680928,20.02832683888378,8.999989169177958,21.0,1,0.9716731611162217,20.02832683888378,20.5,21.5
1355.0,19.836828705413428,20.03116117270369,8.999983076857744,21.0,1,0.9688388272963095,20.03116117270369,20.5,21.5
1356.0,19.839661336287715,20.03399493897991,8.999975630705395,21.0,1,0.9660050610200912,20.03399493897991,20.5,21.5
1357.0,19.842493399146598,20.036828137555183,8.999966830730992,21.0,1,0.9631718624448169,20.036828137555183,20.5,21.5
1358.0,19.845324893832913,20.039660768272277,8.999956676946448,21.0,1,0.9603392317277226,20.039660768272277,20.5,21.5
1359.0,19.848155820189536,20.042492830974,8.999945169365512,21.0,1,0.9575071690260017,20.042492830974,20.5,21.5
1360.0,19.850986178059372,20.045324325503188,8.999932308003762,21.0,1,0.9546756744968121,20.045324325503188,20.5,21.5
1361.0,19.85381596728536,20.048155251702717,8.99991809287861,21.0,1,0.9518447482972832,20.048155251702717,20.5,21.5
1362.0,19.85664518771048,20.050985609415495,8.999902524009304,21.0,1,0.9490143905845052,20.050985609415495,20.5,21.5
1363.0,19.859473839177742,20.05381539848446,8.999885601416919,21.0,1,0.9461846015155402,20.05381539848446,20.5,21.5
1364.0,19.86230192153019,20.056644618752593,8.999867325124367,21.0,1,0.9433553812474074,20.056644618752593,20.5,21.5
1365.0,19.865129434610907,20.0594732700629,8.999847695156392,21.0,1,0.9405267299371012,20.0594732700629,20.5,21.5
1366.0,19.867956378263017,20.06230135225843,8.999826711539567,21.0,1,0.9376986477415699,20.06230135225843,20.5,21.5
1367.0,19.87078275232967,20.06512886518227,8.999804374302306,21.0,1,0.9348711348177297,20.06512886518227,20.5,21.5
1368.0,19.873608556654066,20.067955808677535,8.999780683474846,21.0,1,0.9320441913224649,20.067955808677535,20.5,21.5
1369.0,19.87643379107943,20.070782182587383,8.999755639089262,21.0,1,0.9292178174126171,20.070782182587383,20.5,21.5
1370.0,19.879258455449033,20.073607986755007,8.999729241179462,21.0,1,0.9263920132449925,20.073607986755007,20.5,21.5
1371.0,19.882082549606178,20.076433221023642,8.999701489781183,21.0,1,0.9235667789763582,20.076433221023642,20.5,21.5
1372.0,19.884906073394212,20.079257885236547,8.999672384931998,21.0,1,0.9207421147634527,20.079257885236547,20.5,21.5
1373.0,19.88772902665652,20.08208197923704,8.999641926671309,21.0,1,0.9179180207629614,20.08208197923704,20.5,21.5
1374.0,19.890551409236522,20.08490550286846,8.999610115040355,21.0,1,0.9150944971315411,20.08490550286846,20.5,21.5
1375.0,19.893373220977683,20.087728455974187,8.9995769500822,21.0,1,0.9122715440258133,20.087728455974187,20.5,21.5
1376.0,19.896194461723503,20.09055083839765,8.999542431841748,21.0,1,0.9094491616023497,20.09055083839765,20.5,21.5
1377.0,19.899015131317526,20.093372649982314,8.999506560365731,21.0,1,0.9066273500176862,20.093372649982314,20.5,21.5
1378.0,19.901835229603336,20.096193890571676,8.999469335702713,21.0,1,0.9038061094283236,20.096193890571676,20.5,21.5
1379.0,19.904654756424556,20.099014560009284,8.999430757903092,21.0,1,0.9009854399907162,20.099014560009284,20.5,21.5
1380.0,19.907473711624853,20.101834658138717,8.999390827019095,21.0,1,0.8981653418612829,20.101834658138717,20.5,21.5
1381.0,19.910292095047932,20.1046541848036,8.999349543104785,21.0,1,0.8953458151964,20.1046541848036,20.5,21.5
1382.0,19.913109906537542,20.107473139847606,8.999306906216052,21.0,1,0.8925268601523939,20.107473139847606,20.5,21.5
1383.0,19.915927145937477,20.110291523114434,8.999262916410622,21.0,1,0.8897084768855663,20.110291523114434,20.5,21.5
1384.0,19.91874381309157,20.113109334447834,8.999217573748048,21.0,1,0.8868906655521656,20.113109334447834,20.5,21.5
1385.0,19.9215599078437,20.115926573691606,8.999170878289721,21.0,1,0.8840734263083938,20.115926573691606,20.5,21.5
1386.0,19.92437543003779,20.118743240689575,8.999122830098859,21.0,1,0.8812567593104248,20.118743240689575,20.5,21.5
1387.0,19.927190379517803,20.121559335285628,8.99907342924051,21.0,1,0.8784406647143719,20.121559335285628,20.5,21.5
1388.0,19.930004756127747,20.12437485732368,8.999022675781557,21.0,1,0.87562514267632,20.12437485732368,20.5,21.5
1389.0,19.932818559711677,20.127189806647703,8.998970569790714,21.0,1,0.8728101933522971,20.127189806647703,20.5,21.5
1390.0,19.935631790113693,20.1300041831017,8.998917111338525,21.0,1,0.8699958168982995,20.1300041831017,20.5,21.5
1391.0,19.938444447177936,20.13281798652973,8.998862300497363,21.0,1,0.8671820134702699,20.13281798652973,20.5,21.5
1392.0,19.9412565307486,20.13563121677589,8.998806137341434,21.0,1,0.8643687832241085,20.13563121677589,20.5,21.5
1393.0,19.94406804066992,20.138443873684327,8.998748621946776,21.0,1,0.8615561263156728,20.138443873684327,20.5,21.5
1394.0,19.946878976786174,20.141255957099226,8.998689754391258,21.0,1,0.8587440429007742,20.141255957099226,20.5,21.5
1395.0,19.949689338941695,20.144067466864826,8.998629534754574,21.0,1,0.8559325331351744,20.144067466864826,20.5,21.5
1396.0,19.952499126980857,20.14687840282541,8.998567963118255,21.0,1,0.8531215971745887,20.14687840282541,20.5,21.5
1397.0,19.955308340748086,20.14968876482531,8.99850503956566,21.0,1,0.85031123517469,20.14968876482531,20.5,21.5
1398.0,19.95811698008785,20.1524985527089,8.99844076418198,21.0,1,0.8475014472911013,20.1524985527089,20.5,21.5
1399.0,19.96092504484467,20.155307766320597,8.998375137054234,21.0,1,0.8446922336794032,20.155307766320597,20.5,21.5
1400.0,19.963732534863112,20.15811640550488,8.998308158271268,21.0,1,0.8418835944951191,20.15811640550488,20.5,21.5
1401.0,19.966539449987796,20.16092447010627,8.998239827923765,21.0,1,0.83907552989373,20.16092447010627,20.5,21.5
1402.0,19.969345790063382,20.16373195996933,8.998170146104234,21.0,1,0.8362680400306708,20.16373195996933,20.5,21.5
1403.0,19.97215155493459,20.166538874938674,8.998099112907013,21.0,1,0.8334611250613264,20.166538874938674,20.5,21.5
1404.0,19.974956744446185,20.169345214858975,8.998026728428272,21.0,1,0.8306547851410251,20.169345214858975,20.5,21.5
1405.0,19.977761358442983,20.172150979574948,8.997952992766008,21.0,1,0.8278490204250524,20.172150979574948,20.5,21.5
1406.0,19.980565396769848,20.17495616893136,8.997877906020047,21.0,1,0.8250438310686405,20.17495616893136,20.5,21.5
1407.0,19.983368859271696,20.17776078277302,8.99780146829205,21.0,1,0.8222392172269792,20.17776078277302,20.5,21.5
1408.0,19.9861717457935,20.180564820944802,8.9977236796855,21.0,1,0.8194351790551977,20.180564820944802,20.5,21.5
1409.0,19.988974056180275,20.18336828329162,8.997644540305709,21.0,1,0.816631716708379,20.18336828329162,20.5,21.5
1410.0,19.9917757902771,20.186171169658444,8.997564050259824,21.0,1,0.8138288303415564,20.186171169658444,20.5,21.5
1411.0,19.994576947929097,20.188973479890294,8.997482209656816,21.0,1,0.8110265201097064,20.188973479890294,20.5,21.5
1412.0,19.997377528981442,20.191775213832244,8.997399018607485,21.0,1,0.8082247861677558,20.191775213832244,20.5,21.5
1413.0,20.000177533279366,20.19457637132942,8.997314477224458,21.0,1,0.8054236286705816,20.19457637132942,20.5,21.5
1414.0,20.002976960668157,20.197376952226996,8.997228585622194,21.0,1,0.8026230477730039,20.197376952226996,20.5,21.5
1415.0,20.005775810993146,20.200176956370207,8.997141343916978,21.0,1,0.7998230436297931,20.200176956370207,20.5,21.5
1416.0,20.00857408409973,20.20297638360433,8.99705275222692,21.0,1,0.7970236163956699,20.20297638360433,20.5,21.5
1417.0,20.011371779833357,20.205775233774716,8.996962810671963,21.0,1,0.7942247662252839,20.205775233774716,20.5,21.5
1418.0,20.014168898039525,20.208573506726747,8.996871519373874,21.0,1,0.7914264932732529,20.208573506726747,20.5,21.5
1419.0,20.01696543856379,20.211371202305877,8.996778878456247,21.0,1,0.7886287976941233,20.211371202305877,20.5,21.5
1420.0,20.01976140125177,20.2141683203576,8.996684888044506,21.0,1,0.7858316796423992,20.2141683203576,20.5,21.5
1421.0,20.022556785949128,20.21696486072748,8.9965895482659,21.0,1,0.7830351392725206,20.21696486072748,20.5,21.5
1422.0,20.02535159250159,20.219760823261126,8.996492859249503,21.0,1,0.7802391767388741,20.219760823261126,20.5,21.5
1423.0,20.02814582075494,20.222556207804207,8.996394821126223,21.0,1,0.7774437921957933,20.222556207804207,20.5,21.5
1424.0,20.030939470555015,20.225351014202452,8.996295434028784,21.0,1,0.7746489857975476,20.225351014202452,20.5,21.5
1425.0,20.03373254174771,20.22814524230164,8.996194698091745,21.0,1,0.7718547576983603,20.22814524230164,20.5,21.5
1426.0,20.03652503417898,20.23093889194761,8.996092613451488,21.0,1,0.7690611080523908,20.23093889194761,20.5,21.5
1427.0,20.039316947694832,20.23373196298626,8.995989180246218,21.0,1,0.7662680370137416,20.23373196298626,20.5,21.5
1428.0,20.042108282141342,20.236524455263538,8.99588439861597,21.0,1,0.7634755447364618,20.236524455263538,20.5,21.5
1429.0,20.044899037364637,20.23931636862546,8.995778268702605,21.0,1,0.7606836313745404,20.23931636862546,20.5,21.5
1430.0,20.047689213210905,20.242107702918098,8.995670790649804,21.0,1,0.7578922970819022,20.242107702918098,20.5,21.5
1431.0,20.050478809526393,20.24489845798758,8.99556196460308,21.0,1,0.7551015420124187,20.24489845798758,20.5,21.5
1432.0,20.05326782615741,20.247688633680095,8.995451790709765,21.0,1,0.7523113663199048,20.247688633680095,20.5,21.5
1433.0,20.05605626295032,20.250478229841892,8.995340269119021,21.0,1,0.7495217701581076,20.250478229841892,20.5,21.5
1434.0,20.058844119751555,20.253267246319275,8.99522739998183,21.0,1,0.7467327536807247,20.253267246319275,20.5,21.5
1435.0,20.061631396407602,20.256055682958614,8.995113183451004,21.0,1,0.743944317041386,20.256055682958614,20.5,21.5
1436.0,20.06441809276501,20.25884353960634,8.99499761968117,21.0,1,0.7411564603936611,20.25884353960634,20.5,21.5
1437.0,20.067204208670393,20.261630816108937,8.994880708828788,21.0,1,0.7383691838910629,20.261630816108937,20.5,21.5
1438.0,20.069989743970424,20.264417512312956,8.99476245105214,21.0,1,0.7355824876870436,20.264417512312956,20.5,21.5
1439.0,20.07277469851184,20.267203628065012,8.994642846511324,21.0,1,0.7327963719349881,20.267203628065012,20.5,21.5
1440.0,20.075559072141438,20.26998916321178,8.994521895368273,21.0,1,0.730010836788221,20.26998916321178,20.5,21.5
1441.0,20.078342864706084,20.27277411759999,8.994399597786735,21.0,1,0.7272258824000097,20.27277411759999,20.5,21.5
1442.0,20.0811260760527,20.275558491076453,8.994275953932284,21.0,1,0.7244415089235474,20.275558491076453,20.5,21.5
1443.0,20.08390870602828,20.278342283488023,8.994150963972315,21.0,1,0.7216577165119773,20.278342283488023,20.5,21.5
1444.0,20.086690754479868,20.28112549468163,8.994024628076048,21.0,1,0.7188745053183716,20.28112549468163,20.5,21.5
1445.0,20.08947222125459,20.283908124504258,8.99389694641452,21.0,1,0.7160918754957422,20.283908124504258,20.5,21.5
1446.0,20.09225310619962,20.28669017280297,8.993767919160597,21.0,1,0.7133098271970297,20.28669017280297,20.5,21.5
1447.0,20.095033409162212,20.28947163942487,8.99363754648896,21.0,1,0.7105283605751289,20.28947163942487,20.5,21.5
1448.0,20.097813129989678,20.29225252421715,8.993505828576119,21.0,1,0.707747475782849,20.29225252421715,20.5,21.5
1449.0,20.100592268529397,20.295032827027057,8.993372765600396,21.0,1,0.7049671729729425,20.295032827027057,20.5,21.5
1450.0,20.10337082462881,20.297812547701902,8.993238357741943,21.0,1,0.702187452298098,20.297812547701902,20.5,21.5
1451.0,20.106148798135433,20.300591686089067,8.993102605182727,21.0,1,0.6994083139109328,20.300591686089067,20.5,21.5
1452.0,20.10892618889684,20.303370242035992,8.992965508106536,21.0,1,0.6966297579640077,20.303370242035992,20.5,21.5
1453.0,20.111702996760684,20.306148215390195,8.992827066698982,21.0,1,0.6938517846098051,20.306148215390195,20.5,21.5
1454.0,20.114479221574673,20.30892560599925,8.992687281147495,21.0,1,0.6910743940007507,20.30892560599925,20.5,21.5
1455.0,20.117254863186588,20.311702413710805,8.992546151641323,21.0,1,0.6882975862891954,20.311702413710805,20.5,21.5
1456.0,20.120029921444278,20.31447863837257,8.992403678371533,21.0,1,0.6855213616274298,20.31447863837257,20.5,21.5
1457.0,20.122804396195665,20.317254279832337,8.992259861531016,21.0,1,0.682745720167663,20.317254279832337,20.5,21.5
1458.0,20.125578287288732,20.320029337937946,8.992114701314478,21.0,1,0.679970662062054,20.320029337937946,20.5,21.5
1459.0,20.128351594571537,20.322803812537323,8.991968197918444,21.0,1,0.6771961874626768,20.322803812537323,20.5,21.5
1460.0,20.13112431789221,20.325577703478444,8.991820351541262,21.0,1,0.6744222965215556,20.325577703478444,20.5,21.5
1461.0,20.13389645709894,20.328351010609378,8.99167116238309,21.0,1,0.6716489893906221,20.328351010609378,20.5,21.5
1462.0,20.136668012039994,20.331123733778245,8.991520630645912,21.0,1,0.6688762662217549,20.331123733778245,20.5,21.5
1463.0,20.139438982563714,20.333895872833242,8.991368756533523,21.0,1,0.6661041271667578,20.333895872833242,20.5,21.5
1464.0,20.142209368518508,20.336667427622636,8.991215540251542,21.0,1,0.6633325723773638,20.336667427622636,20.5,21.5
1465.0,20.144979169752855,20.33943839799477,8.991060982007399,21.0,1,0.660561602005231,20.33943839799477,20.5,21.5
1466.0,20.147748386115307,20.342208783798043,8.990905082010343,21.0,1,0.6577912162019572,20.342208783798043,20.5,21.5
1467.0,20.150517017454487,20.34497858488094,8.990747840471444,21.0,1,0.6550214151190588,20.34497858488094,20.5,21.5
1468.0,20.15328506361909,20.347747801092016,8.99058925760358,21.0,1,0.6522521989079841,20.347747801092016,20.5,21.5
1469.0,20.156052524457888,20.35051643227989,8.990429333621451,21.0,1,0.649483567720111,20.35051643227989,20.5,21.5
1470.0,20.15881939981972,20.35328447829326,8.990268068741571,21.0,1,0.6467155217067386,20.35328447829326,20.5,21.5
1471.0,20.161585689553505,20.356051938980904,8.990105463182267,21.0,1,0.6439480610190955,20.356051938980904,20.5,21.5
1472.0,20.16435139350823,20.358818814191654,8.989941517163688,21.0,1,0.641181185808346,20.358818814191654,20.5,21.5
1473.0,20.16711651153296,20.361585103774427,8.98977623090779,21.0,1,0.6384148962255729,20.361585103774427,20.5,21.5
1474.0,20.169881043476835,20.364350807578216,8.989609604638344,21.0,1,0.6356491924217842,20.364350807578216,20.5,21.5
1475.0,20.172644989189067,20.367115925452087,8.989441638580944,21.0,1,0.6328840745479134,20.367115925452087,20.5,21.5
1476.0,20.175408348518946,20.369880457245173,8.989272332962988,21.0,1,0.6301195427548265,20.369880457245173,20.5,21.5
1477.0,20.178171121315835,20.372644402806692,8.989101688013692,21.0,1,0.6273555971933078,20.372644402806692,20.5,21.5
1478.0,20.180933307429175,20.375407761985937,8.988929703964084,21.0,1,0.6245922380140634,20.375407761985937,20.5,21.5
1479.0,20.18369490670848,20.378170534632268,8.988756381047006,21.0,1,0.6218294653677319,20.378170534632268,20.5,21.5
1480.0,20.18645591900335,20.380932720595123,8.988581719497112,21.0,1,0.6190672794048773,20.380932720595123,20.5,21.5
1481.0,20.189216344163448,20.38369431972402,8.988405719550867,21.0,1,0.6163056802759783,20.38369431972402,20.5,21.5
1482.0,20.191976182038527,20.386455331868564,8.988228381446552,21.0,1,0.6135446681314356,20.386455331868564,20.5,21.5
1483.0,20.19473543247841,20.38921575687841,8.988049705424256,21.0,1,0.6107842431215893,20.38921575687841,20.5,21.5
1484.0,20.197494095333,20.391975594603316,8.98786969172588,21.0,1,0.6080244053966837,20.391975594603316,20.5,21.5
1485.0,20.200252170452277,20.3947348448931,8.987688340595138,21.0,1,0.605265155106899,20.3947348448931,20.5,21.5
1486.0,20.203009657686305,20.397493507597673,8.98750565227755,21.0,1,0.6025064924023269,20.397493507597673,20.5,21.5
1487.0,20.205766556885223,20.400251582567012,8.987321627020453,21.0,1,0.5997484174329877,20.400251582567012,20.5,21.5
1488.0,20.20852286789925,20.40300906965118,8.987136265072987,21.0,1,0.5969909303488201,20.40300906965118,20.5,21.5
1489.0,20.211278590578686,20.405765968700315,8.986949566686109,21.0,1,0.5942340312996848,20.405765968700315,20.5,21.5
1490.0,20.21403372477391,20.408522279564643,8.98676153211258,21.0,1,0.591477720435357,20.408522279564643,20.5,21.5
1491.0,20.21678827033538,20.411278002094456,8.98657216160697,21.0,1,0.5887219979055445,20.411278002094456,20.5,21.5
1492.0,20.21954222711363,20.414033136140137,8.98638145542566,21.0,1,0.5859668638598627,20.414033136140137,20.5,21.5
1493.0,20.222295594959295,20.416787681552144,8.986189413826839,21.0,1,0.5832123184478561,20.416787681552144,20.5,21.5
1494.0,20.22504837372307,20.419541638181023,8.985996037070505,21.0,1,0.5804583618189767,20.419541638181023,20.5,21.5
1495.0,20.227800563255737,20.42229500587739,8.98580132541846,21.0,1,0.5777049941226089,20.42229500587739,20.5,21.5
1496.0,20.23055216340817,20.425047784491948,8.985605279134315,21.0,1,0.574952215508052,20.425047784491948,20.5,21.5
1497.0,20.233303174031317,20.427799973875487,8.98540789848349,21.0,1,0.5722000261245128,20.427799973875487,20.5,21.5
1498.0,20.23605359497621,20.430551573878873,8.98520918373321,21.0,1,0.5694484261211272,20.430551573878873,20.5,21.5
1499.0,20.23880342609396,20.43330258435305,8.985009135152502,21.0,1,0.5666974156469493,20.43330258435305,20.5,21.5
1500.0,20.24155266723577,20.436053005149056,8.984807753012207,21.0,1,0.5639469948509443,20.436053005149056,20.5,21.5
1501.0,20.244301318252926,20.438802836118008,8.984605037584968,21.0,1,0.5611971638819924,20.438802836118008,20.5,21.5
1502.0,20.247049378996792,20.441552077111105,8.984400989145229,21.0,1,0.5584479228888952,20.441552077111105,20.5,21.5
1503.0,20.249796849318823,20.44430072797963,8.984195607969243,21.0,1,0.5556992720203695,20.44430072797963,20.5,21.5
1504.0,20.252543729070553,20.44704878857495,8.983988894335065,21.0,1,0.5529512114250501,20.44704878857495,20.5,21.5
1505.0,20.255290018103604,20.449796258748513,8.983780848522558,21.0,1,0.5502037412514866,20.449796258748513,20.5,21.5
1506.0,20.25803571626969,20.452543138351867,8.983571470813386,21.0,1,0.5474568616481328,20.452543138351867,20.5,21.5
1507.0,20.260780823420596,20.45528942723663,8.983360761491014,21.0,1,0.5447105727633712,20.45528942723663,20.5,21.5
1508.0,20.26352533940821,20.458035125254504,8.983148720840713,21.0,1,0.5419648747454957,20.458035125254504,20.5,21.5
1509.0,20.2662692640845,20.460780232257292,8.982935349149555,21.0,1,0.5392197677427077,20.460780232257292,20.5,21.5
1510.0,20.26901259730151,20.463524748096876,8.982720646706413,21.0,1,0.5364752519031235,20.463524748096876,20.5,21.5
1511.0,20.271755338911394,20.466268672625215,8.982504613801966,21.0,1,0.5337313273747846,20.466268672625215,20.5,21.5
1512.0,20.27449748876637,20.469012005694374,8.982287250728689,21.0,1,0.5309879943056259,20.469012005694374,20.5,21.5
1513.0,20.277239046718766,20.471754747156485,8.98206855778086,21.0,1,0.5282452528435151,20.471754747156485,20.5,21.5
1514.0,20.279980012620978,20.47449689686378,8.98184853525456,21.0,1,0.5255031031362201,20.47449689686378,20.5,21.5
1515.0,20.282720386325504,20.477238454668576,8.981627183447664,21.0,1,0.5227615453314236,20.477238454668576,20.5,21.5
1516.0,20.285460167684928,20.479979420423284,8.981404502659853,21.0,1,0.5200205795767161,20.479979420423284,20.5,21.5
1517.0,20.288199356551925,20.482719793980394,8.981180493192603,21.0,1,0.5172802060196062,20.482719793980394,20.5,21.5
1518.0,20.290937952779252,20.48545957519249,8.980955155349191,21.0,1,0.5145404248075103,20.48545957519249,20.5,21.5
1519.0,20.293675956219765,20.488198763912248,8.980728489434693,21.0,1,0.5118012360877522,20.488198763912248,20.5,21.5
1520.0,20.29641336672641,20.490937359992433,8.98050049575598,21.0,1,0.5090626400075671,20.490937359992433,20.5,21.5
1521.0,20.299150184152214,20.493675363285888,8.980271174621722,21.0,1,0.5063246367141119,20.493675363285888,20.5,21.5
1522.0,20.30188640835031,20.496412773645567,8.980040526342387,21.0,1,0.5035872263544334,20.496412773645567,20.5,21.5
1523.0,20.304622039173907,20.4991495909245,8.979808551230242,21.0,1,0.5008504090755004,20.4991495909245,20.5,21.5
1524.0,20.30735707647632,20.50188581497581,8.979575249599344,21.0,1,0.498114185024189,20.50188581497581,20.5,21.5
1525.0,20.310091520110944,20.50462144565272,8.979340621765552,21.0,1,0.49537855434727973,20.50462144565272,20.5,21.5
1526.0,20.312825369931275,20.507356482808532,8.979104668046515,21.0,1,0.4926435171914676,20.507356482808532,20.5,21.5
1527.0,20.3155586257909,20.51009092629665,8.978867388761685,21.0,1,0.48990907370334824,20.51009092629665,20.5,21.5
1528.0,20.318291287543495,20.512824775970568,8.9786287842323,21.0,1,0.48717522402943203,20.512824775970568,20.5,21.5
1529.0,20.321023355042833,20.515558031683874,8.978388854781397,21.0,1,0.4844419683161263,20.515558031683874,20.5,21.5
1530.0,20.323754828142782,20.51829069329024,8.978147600733806,21.0,1,0.4817093067097602,20.51829069329024,20.5,21.5
1531.0,20.3264857066973,20.521022760643444,8.977905022416149,21.0,1,0.47897723935655634,20.521022760643444,20.5,21.5
1532.0,20.329215990560446,20.52375423359735,8.977661120156842,21.0,1,0.4762457664026485,20.52375423359735,20.5,21.5
1533.0,20.331945679586365,20.52648511200593,8.977415894286096,21.0,1,0.47351488799407093,20.52648511200593,20.5,21.5
1534.0,20.334674773629306,20.529215395723224,8.977169345135907,21.0,1,0.47078460427677626,20.529215395723224,20.5,21.5
1535.0,20.337403272543607,20.531945084603386,8.976921473040072,21.0,1,0.46805491539661404,20.531945084603386,20.5,21.5
1536.0,20.340131176183707,20.53467417850067,8.976672278334167,21.0,1,0.46532582149933077,20.53467417850067,20.5,21.5
1537.0,20.342858484404136,20.537402677269405,8.976421761355573,21.0,1,0.46259732273059484,20.537402677269405,20.5,21.5
1538.0,20.345585197059528,20.540130580764036,8.976169922443448,21.0,1,0.45986941923596447,20.540130580764036,20.5,21.5
1539.0,20.348311314004604,20.542857888839098,8.975916761938748,21.0,1,0.457142111160902,20.542857888839098,20.5,21.5
1540.0,20.35103683509419,20.545584601349212,8.975662280184213,21.0,1,0.45441539865078795,20.545584601349212,20.5,21.5
1541.0,20.35376176018321,20.548310718149114,8.97540647752438,21.0,1,0.45168928185088575,20.548310718149114,20.5,21.5
1542.0,20.35648608912668,20.551036239093623,8.975149354305563,21.0,1,0.448963760906377,20.551036239093623,20.5,21.5
1543.0,20.359209821779714,20.55376116403766,8.974890910875873,21.0,1,0.4462388359623404,20.55376116403766,20.5,21.5
1544.0,20.361932957997535,20.556485492836245,8.974631147585203,21.0,1,0.44351450716375496,20.556485492836245,20.5,21.5
1545.0,20.364655497635454,20.559209225344496,8.974370064785235,21.0,1,0.440790774655504,20.559209225344496,20.5,21.5
1546.0,20.367377440548882,20.561932361417632,8.97410766282944,21.0,1,0.43806763858236764,20.561932361417632,20.5,21.5
1547.0,20.37009878659334,20.564654900910963,8.973843942073067,21.0,1,0.4353450990890373,20.564654900910963,20.5,21.5
1548.0,20.372819535624433,20.567376843679906,8.973578902873161,21.0,1,0.4326231563200942,20.567376843679906,20.5,21.5
1549.0,20.375539687497884,20.570098189579976,8.973312545588543,21.0,1,0.4299018104200236,20.570098189579976,20.5,21.5
1550.0,20.378259242069504,20.57281893846679,8.973044870579823,21.0,1,0.42718106153321145,20.57281893846679,20.5,21.5
1551.0,20.380978199195205,20.575539090196052,8.972775878209397,21.0,1,0.4244609098039476,20.575539090196052,20.5,21.5
1552.0,20.383696558731007,20.578258644623585,8.972505568841438,21.0,1,0.42174135537641533,20.578258644623585,20.5,21.5
1553.0,20.386414320533028,20.580977601605305,8.972233942841907,21.0,1,0.419022398394695,20.580977601605305,20.5,21.5
1554.0,20.38913148445749,20.583695960997225,8.971961000578546,21.0,1,0.4163040390027746,20.583695960997225,20.5,21.5
1555.0,20.391848050360714,20.586413722655465,8.97168674242088,21.0,1,0.41358627734453535,20.586413722655465,20.5,21.5
1556.0,20.394564018099125,20.589130886436248,8.971411168740214,21.0,1,0.4108691135637521,20.589130886436248,20.5,21.5
1557.0,20.397279387529252,20.5918474521959,8.971134279909636,21.0,1,0.40815254780410015,20.5918474521959,20.5,21.5
1558.0,20.399994158507727,20.594563419790838,8.970856076304011,21.0,1,0.4054365802091624,20.594563419790838,20.5,21.5
1559.0,20.402708330891286,20.5972787890776,8.97057655829999,21.0,1,0.402721210922401,20.5972787890776,20.5,21.5
1560.0,20.40542190453677,20.59999355991281,8.970295726275996,21.0,1,0.4000064400871892,20.59999355991281,20.5,21.5
1561.0,20.408134879301116,20.60270773215321,8.970013580612237,21.0,1,0.3972922678467903,20.60270773215321,20.5,21.5
1562.0,20.41084725504138,20.605421305655632,8.969730121690697,21.0,1,0.3945786943443679,20.605421305655632,20.5,21.5
1563.0,20.41355903161471,20.60813428027703,8.969445349895139,21.0,1,0.39186571972296846,20.60813428027703,20.5,21.5
1564.0,20.416270208878366,20.610846655874447,8.9691592656111,21.0,1,0.38915334412555325,20.610846655874447,20.5,21.5
1565.0,20.418980786689712,20.613558432305034,8.9688718692259,21.0,1,0.3864415676949662,20.613558432305034,20.5,21.5
1566.0,20.42169076490622,20.616269609426055,8.968583161128631,21.0,1,0.38373039057394465,20.616269609426055,20.5,21.5
1567.0,20.424400143385466,20.618980187094873,8.968293141710161,21.0,1,0.38101981290512654,20.618980187094873,20.5,21.5
1568.0,20.42710892198513,20.621690165168957,8.968001811363134,21.0,1,0.3783098348310432,20.621690165168957,20.5,21.5
1569.0,20.429817100563007,20.624399543505884,8.967709170481971,21.0,1,0.3756004564941158,20.624399543505884,20.5,21.5
1570.0,20.43252467897699,20.62710832196334,8.967415219462865,21.0,1,0.3728916780366589,20.62710832196334,20.5,21.5
1571.0,20.435231657085087,20.629816500399112,8.96711995870378,21.0,1,0.3701834996008877,20.629816500399112,20.5,21.5
1572.0,20.43793803474541,20.632524078671103,8.96682338860446,21.0,1,0.3674759213288965,20.632524078671103,20.5,21.5
1573.0,20.440643811816184,20.635231056637316,8.966525509566415,21.0,1,0.36476894336268373,20.635231056637316,20.5,21.5
1574.0,20.443348988155734,20.637937434155862,8.966226321992933,21.0,1,0.36206256584413765,20.637937434155862,20.5,21.5
1575.0,20.446053563622502,20.640643211084964,8.965925826289068,21.0,1,0.3593567889150364,20.640643211084964,20.5,21.5
1576.0,20.448757538075036,20.643348387282952,8.96562402286165,21.0,1,0.35665161271704804,20.643348387282952,20.5,21.5
1577.0,20.451460911371992,20.64605296260827,8.965320912119275,21.0,1,0.3539470373917304,20.64605296260827,20.5,21.5
1578.0,20.45416368337214,20.64875693691946,8.965016494472312,21.0,1,0.3512430630805383,20.64875693691946,20.5,21.5
1579.0,20.45686585393436,20.651460310075187,8.964710770332898,21.0,1,0.348539689924813,20.651460310075187,20.5,21.5
1580.0,20.45956742291764,20.65416308193421,8.964403740114939,21.0,1,0.345836918065789,20.65416308193421,20.5,21.5
1581.0,20.46226839018108,20.656865252355423,8.96409540423411,21.0,1,0.3431347476445765,20.656865252355423,20.5,21.5
1582.0,20.46496875558389,20.659566821197803,8.963785763107854,21.0,1,0.34043317880219703,20.659566821197803,20.5,21.5
1583.0,20.467668518985395,20.662267788320452,8.963474817155378,21.0,1,0.3377322116795476,20.662267788320452,20.5,21.5
1584.0,20.47036768024503,20.664968153582585,8.963162566797658,21.0,1,0.3350318464174151,20.664968153582585,20.5,21.5
1585.0,20.47306623922234,20.66766791684352,8.962849012457438,21.0,1,0.33233208315648,20.66766791684352,20.5,21.5
1586.0,20.47576419577699,20.670367077962702,8.962534154559222,21.0,1,0.3296329220372982,20.670367077962702,20.5,21.5
1587.0,20.478461549768745,20.673065636799674,8.962217993529286,21.0,1,0.3269343632003263,20.673065636799674,20.5,21.5
1588.0,20.481158301057498,20.675763593214093,8.961900529795662,21.0,1,0.32423640678590715,20.675763593214093,20.5,21.5
1589.0,20.483854449503244,20.678460947065737,8.961581763788152,21.0,1,0.32153905293426277,20.678460947065737,20.5,21.5
1590.0,20.4865499949661,20.681157698214488,8.961261695938319,21.0,1,0.3188423017855122,20.681157698214488,20.5,21.5
1591.0,20.489244937306296,20.68385384652035,8.960940326679488,21.0,1,0.31614615347965014,20.68385384652035,20.5,21.5
1592.0,20.49193927638417,20.686549391843435,8.960617656446747,21.0,1,0.31345060815656467,20.686549391843435,20.5,21.5
1593.0,20.49463301206018,20.689244334043973,8.960293685676943,21.0,1,0.31075566595602666,20.689244334043973,20.5,21.5
1594.0,20.497326144194904,20.691938672982307,8.959968414808687,21.0,1,0.3080613270176933,20.691938672982307,20.5,21.5
1595.0,20.500018672649027,20.694632408518892,8.959641844282348,21.0,1,0.30536759148110804,20.694632408518892,20.5,21.5
1596.0,20.502710597283354,20.697325540514303,8.959313974540057,21.0,1,0.30267445948569716,20.697325540514303,20.5,21.5
1597.0,20.505401917958807,20.70001806882923,8.9589848060257,21.0,1,0.29998193117076966,20.70001806882923,20.5,21.5
1598.0,20.50809263453642,20.70270999332448,8.958654339184925,21.0,1,0.29729000667552086,20.70270999332448,20.5,21.5
1599.0,20.51078274687735,20.705401313860968,8.958322574465134,21.0,1,0.2945986861390324,20.705401313860968,20.5,21.5
1600.0,20.513472254842867,20.708092030299735,8.95798951231549,21.0,1,0.2919079697002651,20.708092030299735,20.5,21.5
1601.0,20.516161158294363,20.710782142501937,8.95765515318691,21.0,1,0.2892178574980626,20.710782142501937,20.5,21.5
1602.0,20.518849457093342,20.713471650328845,8.957319497532067,21.0,1,0.2865283496711548,20.713471650328845,20.5,21.5
1603.0,20.52153715110143,20.716160553641846,8.956982545805392,21.0,1,0.2838394463581544,20.716160553641846,20.5,21.5
1604.0,20.52422424018037,20.71884885230245,8.95664429846307,21.0,1,0.2811511476975497,20.71884885230245,20.5,21.5
1605.0,20.526910724192028,20.72153654617228,8.956304755963036,21.0,1,0.27846345382771887,20.72153654617228,20.5,21.5
1606.0,20.52959660299838,20.724223635113084,8.955963918764981,21.0,1,0.2757763648869158,20.724223635113084,20.5,21.5
1607.0,20.532281876461536,20.726910118986723,8.955621787330353,21.0,1,0.27308988101327714,20.726910118986723,20.5,21.5
1608.0,20.53496654444371,20.729595997655178,8.955278362122344,21.0,1,0.2704040023448222,20.729595997655178,20.5,21.5
1609.0,20.537650606807244,20.732281270980554,8.954933643605903,21.0,1,0.26771872901944604,20.732281270980554,20.5,21.5
1610.0,20.540334063414605,20.73496593882507,8.954587632247732,21.0,1,0.26503406117493,20.73496593882507,20.5,21.5
1611.0,20.543016914128373,20.73765000105107,8.954240328516278,21.0,1,0.2623499989489311,20.73765000105107,20.5,21.5
1612.0,20.54569915881125,20.74033345752101,8.953891732881738,21.0,1,0.259666542478989,20.74033345752101,20.5,21.5
1613.0,20.548380797326065,20.743016308097484,8.953541845816062,21.0,1,0.2569836919025157,20.743016308097484,20.5,21.5
1614.0,20.55106182953576,20.745698552643187,8.953190667792947,21.0,1,0.2543014473568128,20.745698552643187,20.5,21.5
1615.0,20.553742255303412,20.74838019102095,8.952838199287836,21.0,1,0.2516198089790507,20.74838019102095,20.5,21.5
1616.0,20.556422074492207,20.751061223093714,8.952484440777921,21.0,1,0.24893877690628585,20.751061223093714,20.5,21.5
1617.0,20.559101286965465,20.753741648724557,8.952129392742139,21.0,1,0.2462583512754435,20.753741648724557,20.5,21.5
1618.0,20.56177989258662,20.75642146777667,8.951773055661173,21.0,1,0.24357853222333148,20.75642146777667,20.5,21.5
1619.0,20.564457891219234,20.759100680113363,8.951415430017454,21.0,1,0.24089931988663693,20.759100680113363,20.5,21.5
1620.0,20.567135282726994,20.76177928559808,8.951056516295154,21.0,1,0.23822071440191905,20.76177928559808,20.5,21.5
1621.0,20.569812066973707,20.76445728409438,8.950696314980188,21.0,1,0.23554271590561981,20.76445728409438,20.5,21.5
1622.0,20.572488243823308,20.767134675465947,8.950334826560221,21.0,1,0.2328653245340533,20.767134675465947,20.5,21.5
1623.0,20.575163813139856,20.769811459576594,8.949972051524652,21.0,1,0.23018854042340564,20.769811459576594,20.5,21.5
1624.0,20.577838774787534,20.772487636290258,8.949607990364628,21.0,1,0.22751236370974226,20.772487636290258,20.5,21.5
1625.0,20.58051312863065,20.775163205470985,8.949242643573035,21.0,1,0.22483679452901484,20.775163205470985,20.5,21.5
1626.0,20.583186874533638,20.777838166982974,8.948876011644497,21.0,1,0.22216183301702586,20.777838166982974,20.5,21.5
1627.0,20.58586001236106,20.780512520690525,8.948508095075383,21.0,1,0.21948747930947476,20.780512520690525,20.5,21.5
1628.0,20.588532541977603,20.783186266458074,8.948138894363797,21.0,1,0.216813733541926,20.783186266458074,20.5,21.5
1629.0,20.59120446324808,20.78585940415018,8.947768410009585,21.0,1,0.2141405958498197,20.78585940415018,20.5,21.5
1630.0,20.593875776037432,20.78853193363154,8.94739664251433,21.0,1,0.21146806636846094,20.78853193363154,20.5,21.5
1631.0,20.596546480210726,20.791203854766955,8.947023592381347,21.0,1,0.20879614523304468,20.791203854766955,20.5,21.5
1632.0,20.59921657563316,20.793875167421376,8.946649260115697,21.0,1,0.2061248325786238,20.793875167421376,20.5,21.5
1633.0,20.601886062170056,20.796545871459866,8.946273646224167,21.0,1,0.2034541285401339,20.796545871459866,20.5,21.5
1634.0,20.604554939686867,20.799215966747624,8.945896751215287,21.0,1,0.2007840332523756,20.799215966747624,20.5,21.5
1635.0,20.607223208049174,20.801885453149975,8.945518575599317,21.0,1,0.19811454685002516,20.801885453149975,20.5,21.5
1636.0,20.609890867122683,20.804554330532365,8.945139119888251,21.0,1,0.19544566946763453,20.804554330532365,20.5,21.5
1637.0,20.612557916773238,20.807222598760383,8.94475838459582,21.0,1,0.19277740123961706,20.807222598760383,20.5,21.5
1638.0,20.6152243568668,20.809890257699728,8.944376370237482,21.0,1,0.19010974230027244,20.809890257699728,20.5,21.5
1639.0,20.617890187269474,20.81255730721625,8.943993077330427,21.0,1,0.18744269278375114,20.81255730721625,20.5,21.5
1640.0,20.620555407847487,20.815223747175914,8.943608506393584,21.0,1,0.18477625282408638,20.815223747175914,20.5,21.5
1641.0,20.623220018467197,20.817889577444816,8.9432226579476,21.0,1,0.1821104225551835,20.817889577444816,20.5,21.5
1642.0,20.625884018995094,20.82055479788919,8.942835532514863,21.0,1,0.17944520211080928,20.82055479788919,20.5,21.5
1643.0,20.6285474092978,20.823219408375387,8.942447130619481,21.0,1,0.17678059162461324,20.823219408375387,20.5,21.5
1644.0,20.63121018924206,20.825883408769904,8.942057452787296,21.0,1,0.1741165912300957,20.825883408769904,20.5,21.5
1645.0,20.63387235869477,20.828546798939364,8.941666499545875,21.0,1,0.17145320106063622,20.828546798939364,20.5,21.5
1646.0,20.63653391752294,20.83120957875051,8.941274271424511,21.0,1,0.16879042124948995,20.83120957875051,20.5,21.5
1647.0,20.63919486559372,20.833871748070234,8.940880768954225,21.0,1,0.16612825192976644,20.833871748070234,20.5,21.5
1648.0,20.64185520277439,20.836533306765553,8.940485992667762,21.0,1,0.1634666932344473,20.836533306765553,20.5,21.5
1649.0,20.64451492893237,20.839194254703617,8.940089943099592,21.0,1,0.1608057452963827,20.839194254703617,20.5,21.5
1650.0,20.647174043935202,20.8418545917517,8.939692620785909,21.0,1,0.15814540824829848,20.8418545917517,20.5,21.5
1651.0,20.649832547650572,20.84451431777723,8.939294026264628,21.0,1,0.15548568222277126,20.84451431777723,20.5,21.5
1652.0,20.652490439946295,20.847173432647743,8.93889416007539,21.0,1,0.15282656735225686,20.847173432647743,20.5,21.5
1653.0,20.65514772069032,20.84983193623093,8.938493022759555,21.0,1,0.150168063769069,20.84983193623093,20.5,21.5
1654.0,20.657804389750734,20.852489828394603,8.938090614860206,21.0,1,0.14751017160539703,20.852489828394603,20.5,21.5
1655.0,20.660460446995756,20.855147109006715,8.937686936922145,21.0,1,0.1448528909932847,20.855147109006715,20.5,21.5
1656.0,20.663115892293742,20.857803777935345,8.937281989491892,21.0,1,0.14219622206465488,20.857803777935345,20.5,21.5
1657.0,20.66577072551318,20.860459835048722,8.936875773117688,21.0,1,0.13954016495127775,20.860459835048722,20.5,21.5
1658.0,20.668424946522702,20.863115280215197,8.93646828834949,21.0,1,0.13688471978480266,20.863115280215197,20.5,21.5
1659.0,20.671078555191066,20.865770113303263,8.936059535738973,21.0,1,0.13422988669673686,20.865770113303263,20.5,21.5
1660.0,20.673731551387174,20.868424334181547,8.93564951583953,21.0,1,0.1315756658184526,20.868424334181547,20.5,21.5
1661.0,20.676383934980066,20.871077942718813,8.935238229206272,21.0,1,0.1289220572811871,20.871077942718813,20.5,21.5
1662.0,20.67903570583891,20.873730938783957,8.934825676396015,21.0,1,0.12626906121604264,20.873730938783957,20.5,21.5
1663.0,20.681686863833022,20.87638332224602,8.934411857967298,21.0,1,0.12361667775397933,20.87638332224602,20.5,21.5
1664.0,20.684337408831848,20.879035092974178,8.933996774480374,21.0,1,0.1209649070258223,20.879035092974178,20.5,21.5
1665.0,20.686987340704977,20.88168625083774,8.933580426497201,21.0,1,0.11831374916226167,20.88168625083774,20.5,21.5
1666.0,20.689636659322137,20.88433679570615,8.933162814581458,21.0,1,0.11566320429384902,20.88433679570615,20.5,21.5
1667.0,20.69228536455319,20.886986727449006,8.93274393929853,21.0,1,0.1130132725509938,20.886986727449006,20.5,21.5
1668.0,20.69493345626814,20.889636045936026,8.932323801215512,21.0,1,0.11036395406397403,20.889636045936026,20.5,21.5
1669.0,20.69758093433713,20.892284751037085,8.931902400901212,21.0,1,0.10771524896291496,20.892284751037085,20.5,21.5
1670.0,20.70022779863044,20.894932842622175,8.931479738926143,21.0,1,0.10506715737782457,20.894932842622175,20.5,21.5
1671.0,20.7028740490185,20.89758032056145,8.931055815862528,21.0,1,0.10241967943855101,20.89758032056145,20.5,21.5
1672.0,20.70551968537187,20.900227184725185,8.9306306322843,21.0,1,0.09977281527481452,20.900227184725185,20.5,21.5
1673.0,20.708164707561252,20.90287343498381,8.930204188767092,21.0,1,0.09712656501618966,20.90287343498381,20.5,21.5
1674.0,20.710809115457494,20.905519071207884,8.929776485888251,21.0,1,0.094480928792116,20.905519071207884,20.5,21.5
1675.0,20.71345290893158,20.90816409326811,8.929347524226822,21.0,1,0.09183590673189101,20.90816409326811,20.5,21.5
1676.0,20.716096087854638,20.910808501035337,8.928917304363559,21.0,1,0.08919149896466294,20.910808501035337,20.5,21.5
1677.0,20.71873865209794,20.91345229438055,8.928485826880914,21.0,1,0.08654770561944858,20.91345229438055,20.5,21.5
1678.0,20.721380601532896,20.916095473174877,8.928053092363047,21.0,1,0.08390452682512262,20.916095473174877,20.5,21.5
1679.0,20.72402193603106,20.91873803728959,8.927619101395818,21.0,1,0.08126196271041053,20.91873803728959,20.5,21.5
1680.0,20.726662655464136,20.9213799865961,8.927183854566788,21.0,1,0.07862001340389924,20.9213799865961,20.5,21.5
1681.0,20.729302759703955,20.924021320965966,8.926747352465217,21.0,1,0.07597867903403355,20.924021320965966,20.5,21.5
1682.0,20.73194224862251,20.926662040270877,8.926309595682065,21.0,1,0.07333795972912327,20.926662040270877,20.5,21.5
1683.0,20.73458112209192,20.92930214438268,8.925870584809996,21.0,1,0.07069785561731834,20.92930214438268,20.5,21.5
1684.0,20.737219379984463,20.931941633173363,8.925430320443361,21.0,1,0.06805836682663724,20.931941633173363,20.5,21.5
1685.0,20.739857022172554,20.93458050651505,8.924988803178216,21.0,1,0.06541949348494924,20.93458050651505,20.5,21.5
1686.0,20.742494048528755,20.93721876428001,8.924546033612312,21.0,1,0.06278123571998862,20.93721876428001,20.5,21.5
1687.0,20.74513045892577,20.939856406340663,8.924102012345097,21.0,1,0.06014359365933686,20.939856406340663,20.5,21.5
1688.0,20.747766253236456,20.94249343256957,8.923656739977709,21.0,1,0.05750656743042981,20.94249343256957,20.5,21.5
1689.0,20.750401431333806,20.945129842839435,8.923210217112981,21.0,1,0.05487015716056476,20.945129842839435,20.5,21.5
1690.0,20.75303599309096,20.947765637023117,8.922762444355442,21.0,1,0.052234362976882664,20.947765637023117,20.5,21.5
1691.0,20.755669938381214,20.950400814993607,8.922313422311312,21.0,1,0.04959918500639304,20.950400814993607,20.5,21.5
1692.0,20.758303267078,20.95303537662405,8.9218631515885,21.0,1,0.04696462337594909,20.95303537662405,20.5,21.5
1693.0,20.7609359790549,20.95566932178774,8.921411632796609,21.0,1,0.044330678212258334,20.95566932178774,20.5,21.5
1694.0,20.76356807418565,20.95830265035811,8.920958866546929,21.0,1,0.04169734964188976,20.95830265035811,20.5,21.5
1695.0,20.766199552344123,20.96093536220874,8.92050485345244,21.0,1,0.03906463779125957,20.96093536220874,20.5,21.5
1696.0,20.768830413404345,20.963567457213365,8.92004959412781,21.0,1,0.03643254278663477,20.963567457213365,20.5,21.5
1697.0,20.77146065724049,20.966198935245863,8.919593089189394,21.0,1,0.03380106475413669,20.966198935245863,20.5,21.5
1698.0,20.774090283726878,20.968829796180263,8.919135339255234,21.0,1,0.031170203819737452,20.968829796180263,20.5,21.5
1699.0,20.776719292737983,20.97146003989073,8.918676344945057,21.0,1,0.028539960109270623,20.97146003989073,20.5,21.5
1700.0,20.779347684148423,20.97408966625159,8.918216106880275,21.0,1,0.025910333748409897,20.97408966625159,20.5,21.5
1701.0,20.78197545783297,20.976718675137313,8.917754625683981,21.0,1,0.02328132486268686,20.976718675137313,20.5,21.5
1702.0,20.78460261366654,20.979347066422527,8.917291901980956,21.0,1,0.02065293357747322,20.979347066422527,20.5,21.5
1703.0,20.7872291515242,20.98197483998199,8.916827936397663,21.0,1,0.018025160018009245,20.98197483998199,20.5,21.5
1704.0,20.789855071281178,20.98460199569063,8.91636272956224,21.0,1,0.015398004309371771,20.98460199569063,20.5,21.5
1705.0,20.792480372812832,20.98722853342351,8.91589628210451,21.0,1,0.012771466576488422,20.98722853342351,20.5,21.5
1706.0,20.79510505599469,20.98985445305585,8.91542859465598,21.0,1,0.010145546944148265,20.98985445305585,20.5,21.5
1707.0,20.79772912070242,20.992479754463027,8.914959667849825,21.0,1,0.007520245536973391,20.992479754463027,20.5,21.5
1708.0,20.80035256681185,20.995104437520556,8.914489502320906,21.0,1,0.004895562479443782,20.995104437520556,20.5,21.5
1709.0,20.802975394198953,20.99772850210411,8.914018098705762,21.0,1,0.0022714978958902066,20.99772850210411,20.5,21.5
1710.0,20.805597602739855,21.000351948089513,8.9135454576426,21.0,1,-0.0003519480895128879,21.000351948089513,20.5,21.5
1711.0,20.808219192310837,21.002974775352744,8.913071579771312,21.0,1,-0.002974775352743819,21.002974775352744,20.5,21.5
1712.0,20.810840162788327,21.005596983769927,8.912596465733458,21.0,1,-0.005596983769926567,21.005596983769927,20.5,21.5
1713.0,20.813460514048916,21.00821857321734,8.912120116172273,21.0,1,-0.00821857321734143,21.00821857321734,20.5,21.5
1714.0,20.816080245969342,21.010839543571414,8.911642531732666,21.0,1,-0.010839543571414367,21.010839543571414,20.5,21.5
1715.0,20.818699358426496,21.013459894708742,8.911163713061217,21.0,1,-0.01345989470874187,21.013459894708742,20.5,21.5
1716.0,20.821317851297422,21.016079626506063,8.910683660806177,21.0,1,-0.01607962650606254,21.016079626506063,20.5,21.5
1717.0,20.823935724459325,21.01869873884026,8.910202375617468,21.0,1,-0.01869873884026063,21.01869873884026,20.5,21.5
1718.0,20.826552977789557,21.021317231588387,8.909719858146678,21.0,1,-0.021317231588387386,21.021317231588387,20.5,21.5
1719.0,20.82916961116563,21.023935104627647,8.909236109047068,21.0,1,-0.023935104627646808,21.023935104627647,20.5,21.5
1720.0,20.831785624465205,21.026552357835385,8.908751128973565,21.0,1,-0.02655235783538501,21.026552357835385,20.5,21.5
1721.0,20.83440101756611,21.029168991089122,8.908264918582757,21.0,1,-0.029168991089122187,21.029168991089122,20.5,21.5
1722.0,20.83701579034631,21.031785004266517,8.907777478532909,21.0,1,-0.03178500426651709,21.031785004266517,20.5,21.5
1723.0,20.83962994268395,21.034400397245395,8.907288809483939,21.0,1,-0.03440039724539545,21.034400397245395,20.5,21.5
1724.0,20.84224347445731,21.037015169903732,8.906798912097436,21.0,1,-0.037015169903732215,21.037015169903732,20.5,21.5
1725.0,20.844856385544837,21.03962932211966,8.90630778703665,21.0,1,-0.03962932211965864,21.03962932211966,20.5,21.5
1726.0,20.847468675825134,21.042242853771462,8.905815434966494,21.0,1,-0.04224285377146231,21.042242853771462,20.5,21.5
1727.0,20.850080345176963,21.044855764737594,8.905321856553538,21.0,1,-0.04485576473759423,21.044855764737594,20.5,21.5
1728.0,20.852691393479237,21.04746805489665,8.90482705246602,21.0,1,-0.04746805489665107,21.04746805489665,20.5,21.5
1729.0,20.855301820611036,21.050079724127396,8.90433102337383,21.0,1,-0.050079724127396474,21.050079724127396,20.5,21.5
1730.0,20.85791162645159,21.052690772308747,8.90383376994852,21.0,1,-0.05269077230874686,21.052690772308747,20.5,21.5
1731.0,20.86052081088029,21.05530119931978,8.9033352928633,21.0,1,-0.055301199319778505,21.05530119931978,20.5,21.5
1732.0,20.863129373776687,21.057911005039724,8.902835592793036,21.0,1,-0.05791100503972402,21.057911005039724,20.5,21.5
1733.0,20.86573731502049,21.060520189347976,8.902334670414248,21.0,1,-0.06052018934797587,21.060520189347976,20.5,21.5
1734.0,20.868344634491567,21.06312875212408,8.901832526405114,21.0,1,-0.06312875212407931,21.06312875212408,20.5,21.5
1735.0,20.87095133206995,21.065736693247754,8.901329161445462,21.0,1,-0.06573669324775366,21.065736693247754,20.5,21.5
1736.0,20.873557407635825,21.068344012598864,8.900824576216777,21.0,1,-0.06834401259886391,21.068344012598864,20.5,21.5
1737.0,20.87616286106954,21.070950710057435,8.900318771402194,21.0,1,-0.07095071005743492,21.070950710057435,20.5,21.5
1738.0,20.878767692251607,21.07355678550366,8.899811747686497,21.0,1,-0.07355678550365852,21.07355678550366,20.5,21.5
1739.0,20.881371901062693,21.076162238817883,8.899303505756126,21.0,1,-0.07616223881788287,21.076162238817883,20.5,21.5
1740.0,20.88397548738363,21.07876706988062,8.898794046299168,21.0,1,-0.07876706988061954,21.07876706988062,20.5,21.5
1741.0,20.886578451095414,21.081371278572533,8.898283370005352,21.0,1,-0.0813712785725329,21.081371278572533,20.5,21.5
1742.0,20.889180792079195,21.08397486477446,8.897771477566064,21.0,1,-0.08397486477446137,21.08397486477446,20.5,21.5
1743.0,20.89178251021629,21.0865778283674,8.89725836967433,21.0,1,-0.08657782836739969,21.0865778283674,20.5,21.5
1744.0,20.89438360538818,21.089180169232495,8.896744047024823,21.0,1,-0.08918016923249539,21.089180169232495,20.5,21.5
1745.0,20.89698407747651,21.09178188725107,8.896228510313863,21.0,1,-0.09178188725107006,21.09178188725107,20.5,21.5
1746.0,20.89958392636308,21.0943829823046,8.895711760239413,21.0,1,-0.09438298230460163,21.0943829823046,20.5,21.5
1747.0,20.902183151929854,21.096983454274735,8.895193797501076,21.0,1,-0.09698345427473498,21.096983454274735,20.5,21.5
1748.0,20.90478175405897,21.09958330304327,8.894674622800098,21.0,1,-0.09958330304327134,21.09958330304327,20.5,21.5
1749.0,20.90737973263272,21.102182528492182,8.894154236839368,21.0,1,-0.10218252849218246,21.102182528492182,20.5,21.5
1750.0,20.909977087533562,21.104781130503593,8.893632640323412,21.0,1,-0.10478113050359283,21.104781130503593,20.5,21.5
1751.0,20.91257381864412,21.1073791089598,8.893109833958396,21.0,1,-0.10737910895980107,21.1073791089598,20.5,21.5
1752.0,20.91516992584718,21.10997646374327,8.892585818452126,21.0,1,-0.10997646374326919,21.10997646374327,20.5,21.5
1753.0,20.9177654090257,21.112573194736616,8.892060594514039,21.0,1,-0.11257319473661553,21.112573194736616,20.5,21.5
1754.0,20.9203602680628,21.11516930182263,8.891534162855217,21.0,1,-0.11516930182262897,21.11516930182263,20.5,21.5
1755.0,20.92295450284176,21.11776478488427,8.891006524188368,21.0,1,-0.11776478488426889,21.11776478488427,20.5,21.5
1756.0,20.925548113246027,21.12035964380465,8.89047767922784,21.0,1,-0.12035964380465103,21.12035964380465,20.5,21.5
1757.0,20.928141099159223,21.122953878467058,8.889947628689614,21.0,1,-0.12295387846705808,21.122953878467058,20.5,21.5
1758.0,20.93073346046513,21.125547488754943,8.889416373291297,21.0,1,-0.12554748875494326,21.125547488754943,20.5,21.5
1759.0,20.933325197047697,21.128140474551923,8.888883913752137,21.0,1,-0.12814047455192323,21.128140474551923,20.5,21.5
1760.0,20.93591630879104,21.13073283574178,8.888350250793003,21.0,1,-0.13073283574178163,21.13073283574178,20.5,21.5
1761.0,20.93850679557944,21.133324572208465,8.8878153851364,21.0,1,-0.1333245722084655,21.133324572208465,20.5,21.5
1762.0,20.94109665729735,21.135915683836092,8.88727931750646,21.0,1,-0.13591568383609243,21.135915683836092,20.5,21.5
1763.0,20.943685893829393,21.13850617050894,8.886742048628935,21.0,1,-0.13850617050893987,21.13850617050894,20.5,21.5
1764.0,20.94627450506035,21.14109603211147,8.886203579231214,21.0,1,-0.14109603211147004,21.14109603211147,20.5,21.5
1765.0,20.948862490875186,21.1436852685283,8.885663910042306,21.0,1,-0.14368526852830144,21.1436852685283,20.5,21.5
1766.0,20.95144985115902,21.14627387964422,8.885123041792843,21.0,1,-0.14627387964421956,21.14627387964422,20.5,21.5
1767.0,20.954036585797144,21.148861865344177,8.884580975215083,21.0,1,-0.1488618653441769,21.148861865344177,20.5,21.5
1768.0,20.95662269467503,21.1514492255133,8.884037711042907,21.0,1,-0.15144922551329998,21.1514492255133,20.5,21.5
1769.0,20.959208177678303,21.15403596003689,8.883493250011815,21.0,1,-0.15403596003688946,21.15403596003689,20.5,21.5
1770.0,20.961793034692768,21.156622068800406,8.882947592858928,21.0,1,-0.15662206880040586,21.156622068800406,20.5,21.5
1771.0,20.9643772656044,21.159207551689484,8.882400740322986,21.0,1,-0.15920755168948375,21.159207551689484,20.5,21.5
1772.0,20.966960870299346,21.161792408589925,8.881852693144348,21.0,1,-0.16179240858992472,21.161792408589925,20.5,21.5
1773.0,20.969543848663914,21.1643766393877,8.881303452064992,21.0,1,-0.16437663938770086,21.1643766393877,20.5,21.5
1774.0,20.972126200584594,21.16696024396896,8.88075301782851,21.0,1,-0.16696024396895837,21.16696024396896,20.5,21.5
1775.0,20.974707925948042,21.169543222220014,8.880201391180112,21.0,1,-0.16954322222001394,21.169543222220014,20.5,21.5
1776.0,20.977289024641088,21.17212557402735,8.879648572866616,21.0,1,-0.1721255740273513,21.17212557402735,20.5,21.5
1777.0,20.979869496550734,21.174707299277628,8.879094563636462,21.0,1,-0.17470729927762818,21.174707299277628,20.5,21.5
1778.0,20.982449341564152,21.177288397857676,8.878539364239698,21.0,1,-0.17728839785767647,21.177288397857676,20.5,21.5
1779.0,20.985028559568686,21.179868869654495,8.877982975427981,21.0,1,-0.179868869654495,21.179868869654495,20.5,21.5
1780.0,20.987607150451858,21.182448714555257,8.877425397954582,21.0,1,-0.18244871455525669,21.182448714555257,20.5,21.5
1781.0,20.990185114101358,21.185027932447312,8.87686663257438,21.0,1,-0.18502793244731208,21.185027932447312,20.5,21.5
1782.0,20.992762450405053,21.187606523218175,8.876306680043864,21.0,1,-0.18760652321817517,21.187606523218175,20.5,21.5
1783.0,20.99533915925098,21.19018448675554,8.875745541121127,21.0,1,-0.19018448675554112,21.19018448675554,20.5,21.5
1784.0,20.997915240527355,21.192761822947272,8.875183216565867,21.0,1,-0.19276182294727207,21.192761822947272,20.5,21.5
1785.0,21.00049069412256,21.195338531681415,8.874619707139395,21.0,1,-0.1953385316814149,21.195338531681415,20.5,21.5
1786.0,21.003065519925165,21.197914612846176,8.87405501360462,21.0,1,-0.1979146128461764,21.197914612846176,20.5,21.5
1787.0,21.0056397178239,21.200490066329944,8.873489136726052,21.0,1,-0.20049006632994448,21.200490066329944,20.5,21.5
1788.0,21.00821328770768,21.203064892021285,8.87292207726981,21.0,1,-0.20306489202128475,21.203064892021285,20.5,21.5
1789.0,21.01078622946559,21.205639089808933,8.872353836003608,21.0,1,-0.2056390898089333,21.205639089808933,20.5,21.5
1790.0,21.0133585429869,21.208212659581797,8.871784413696762,21.0,1,-0.2082126595817968,21.208212659581797,20.5,21.5
1791.0,21.015930228161043,21.210785601228974,8.871213811120189,21.0,1,-0.21078560122897372,21.210785601228974,20.5,21.5
1792.0,21.018501284877633,21.213357914639722,8.870642029046401,21.0,1,-0.21335791463972242,21.213357914639722,20.5,21.5
1793.0,21.021071713026465,21.21592959970348,8.87006906824951,21.0,1,-0.2159295997034789,21.21592959970348,20.5,21.5
1794.0,21.02364151249751,21.218500656309864,8.869494929505219,21.0,1,-0.21850065630986393,21.218500656309864,20.5,21.5
1795.0,21.02621068318091,21.221071084348665,8.86891961359083,21.0,1,-0.22107108434866518,21.221071084348665,20.5,21.5
1796.0,21.028779224966993,21.223640883709855,8.868343121285237,21.0,1,-0.22364088370985513,21.223640883709855,20.5,21.5
1797.0,21.031347137746256,21.226210054283577,8.867765453368929,21.0,1,-0.22621005428357677,21.226210054283577,20.5,21.5
1798.0,21.03391442140938,21.22877859596016,8.867186610623982,21.0,1,-0.22877859596016137,21.22877859596016,20.5,21.5
1799.0,21.036481075847224,21.231346508630104,8.866606593834065,21.0,1,-0.23134650863010364,21.231346508630104,20.5,21.5
1800.0,21.03904710095082,21.233913792184087,8.86602540378444,21.0,1,-0.2339137921840866,21.233913792184087,20.5,21.5
1801.0,21.04161249661139,21.236480446512967,8.86544304126195,21.0,1,-0.2364804465129673,21.236480446512967,20.5,21.5
1802.0,21.044177262720318,21.23904647150778,8.86485950705503,21.0,1,-0.23904647150778047,21.23904647150778,20.5,21.5
1803.0,21.046741399169186,21.24161186705974,8.864274801953705,21.0,1,-0.24161186705973847,21.24161186705974,20.5,21.5
1804.0,21.04930490584974,21.244176633060242,8.863688926749576,21.0,1,-0.24417663306024195,21.244176633060242,20.5,21.5
1805.0,21.051867782653922,21.246740769400862,8.863101882235837,21.0,1,-0.2467407694008621,21.246740769400862,20.5,21.5
1806.0,21.05443002947384,21.24930427597335,8.862513669207258,21.0,1,-0.24930427597335125,21.24930427597335,20.5,21.5
1807.0,21.056991646201784,21.251867152669643,8.861924288460195,21.0,1,-0.251867152669643,21.251867152669643,20.5,21.5
1808.0,21.059552632730234,21.254429399381856,8.861333740792585,21.0,1,-0.2544293993818556,21.254429399381856,20.5,21.5
1809.0,21.062112988951846,21.256991016002274,8.860742027003944,21.0,1,-0.25699101600227436,21.256991016002274,20.5,21.5
1810.0,21.064672714759457,21.259552002423383,8.860149147895365,21.0,1,-0.2595520024233835,21.259552002423383,20.5,21.5
1811.0,21.067231810046085,21.26211235853783,8.859555104269523,21.0,1,-0.26211235853783066,21.26211235853783,20.5,21.5
1812.0,21.06979027470493,21.264672084238462,8.858959896930665,21.0,1,-0.26467208423846245,21.264672084238462,20.5,21.5
1813.0,21.072348108629374,21.26723117941829,8.858363526684615,21.0,1,-0.2672311794182889,21.26723117941829,20.5,21.5
1814.0,21.074905311712985,21.26978964397052,8.857765994338774,21.0,1,-0.26978964397051897,21.26978964397052,20.5,21.5
1815.0,21.077461883849512,21.27234747778853,8.857167300702113,21.0,1,-0.27234747778852864,21.27234747778853,20.5,21.5
1816.0,21.080017824932884,21.27490468076589,8.856567446585176,21.0,1,-0.27490468076588925,21.27490468076589,20.5,21.5
1817.0,21.082573134857213,21.277461252796346,8.855966432800079,21.0,1,-0.27746125279634626,21.277461252796346,20.5,21.5
1818.0,21.085127813516802,21.280017193773833,8.855364260160506,21.0,1,-0.2800171937738334,21.280017193773833,20.5,21.5
1819.0,21.087681860806132,21.282572503592462,8.854760929481715,21.0,1,-0.282572503592462,21.282572503592462,20.5,21.5
1820.0,21.090235276619868,21.28512718214653,8.854156441580525,21.0,1,-0.28512718214653177,21.28512718214653,20.5,21.5
1821.0,21.09278806085286,21.287681229330527,8.853550797275327,21.0,1,-0.2876812293305271,21.287681229330527,20.5,21.5
1822.0,21.095340213400146,21.290234645039114,8.852943997386076,21.0,1,-0.29023464503911356,21.290234645039114,20.5,21.5
1823.0,21.097891734156942,21.29278742916714,8.852336042734288,21.0,1,-0.2927874291671415,21.29278742916714,20.5,21.5
1824.0,21.100442623018658,21.295339581609646,8.851726934143048,21.0,1,-0.295339581609646,21.295339581609646,20.5,21.5
1825.0,21.102992879880883,21.297891102261847,8.851116672437,21.0,1,-0.2978911022618469,21.297891102261847,20.5,21.5
1826.0,21.105542504639395,21.300441991019152,8.85050525844235,21.0,1,-0.30044199101915225,21.300441991019152,20.5,21.5
1827.0,21.108091497190156,21.302992247777155,8.849892692986863,21.0,1,-0.30299224777715494,21.302992247777155,20.5,21.5
1828.0,21.110639857429316,21.305541872431633,8.849278976899868,21.0,1,-0.30554187243163256,21.305541872431633,20.5,21.5
1829.0,21.11318758525321,21.308090864878544,8.84866411101224,21.0,1,-0.30809086487854387,21.308090864878544,20.5,21.5
1830.0,21.11573468055836,21.31063922501404,8.848048096156425,21.0,1,-0.3106392250140395,21.31063922501404,20.5,21.5
1831.0,21.118281143241482,21.31318695273446,8.847430933166416,21.0,1,-0.3131869527344584,21.31318695273446,20.5,21.5
1832.0,21.120826973199467,21.31573404793632,8.846812622877762,21.0,1,-0.31573404793632065,21.31573404793632,20.5,21.5
1833.0,21.123372170329404,21.318280510516338,8.846193166127565,21.0,1,-0.3182805105163382,21.318280510516338,20.5,21.5
1834.0,21.125916734528563,21.320826340371404,8.845572563754478,21.0,1,-0.32082634037140423,21.320826340371404,20.5,21.5
1835.0,21.12846066569441,21.323371537398614,8.844950816598711,21.0,1,-0.32337153739861435,21.323371537398614,20.5,21.5
1836.0,21.131003963724588,21.325916101495235,8.844327925502014,21.0,1,-0.32591610149523476,21.325916101495235,20.5,21.5
1837.0,21.133546628516942,21.32846003255873,8.843703891307698,21.0,1,-0.3284600325587306,21.32846003255873,20.5,21.5
1838.0,21.136088659969502,21.331003330486748,8.843078714860608,21.0,1,-0.3310033304867481,21.331003330486748,20.5,21.5
1839.0,21.138630057980482,21.333545995177133,8.842452397007147,21.0,1,-0.3335459951771327,21.333545995177133,20.5,21.5
1840.0,21.141170822448288,21.336088026527907,8.841824938595257,21.0,1,-0.33608802652790715,21.336088026527907,20.5,21.5
1841.0,21.14371095327152,21.338629424437293,8.841196340474426,21.0,1,-0.3386294244372934,21.338629424437293,20.5,21.5
1842.0,21.14625045034896,21.341170188803694,8.840566603495684,21.0,1,-0.34117018880369443,21.341170188803694,20.5,21.5
1843.0,21.148789313579588,21.343710319525712,8.839935728511605,21.0,1,-0.3437103195257123,21.343710319525712,20.5,21.5
1844.0,21.151327542862575,21.34624981650213,8.8393037163763,21.0,1,-0.34624981650213016,21.34624981650213,20.5,21.5
1845.0,21.153865138097277,21.348788679631927,8.838670567945424,21.0,1,-0.3487886796319266,21.348788679631927,20.5,21.5
1846.0,21.156402099183246,21.351326908814276,8.838036284076168,21.0,1,-0.35132690881427564,21.351326908814276,20.5,21.5
1847.0,21.158938426020224,21.353864503948525,8.83740086562726,21.0,1,-0.3538645039485253,21.353864503948525,20.5,21.5
1848.0,21.161474118508146,21.35640146493424,8.836764313458962,21.0,1,-0.3564014649342404,21.35640146493424,20.5,21.5
1849.0,21.164009176547136,21.35893779167115,8.836126628433076,21.0,1,-0.35893779167114914,21.35893779167115,20.5,21.5
1850.0,21.166543600037514,21.361473484059196,8.835487811412936,21.0,1,-0.36147348405919644,21.361473484059196,20.5,21.5
1851.0,21.16907738887979,21.36400854199851,8.834847863263407,21.0,1,-0.3640085419985084,21.36400854199851,20.5,21.5
1852.0,21.171610542974665,21.366542965389403,8.834206784850885,21.0,1,-0.366542965389403,21.366542965389403,20.5,21.5
1853.0,21.17414306222304,21.369076754132386,8.833564577043296,21.0,1,-0.3690767541323865,21.369076754132386,20.5,21.5
1854.0,21.176674946526006,21.371609908128157,8.8329212407101,21.0,1,-0.371609908128157,21.371609908128157,20.5,21.5
1855.0,21.179206195784843,21.374142427277622,8.832276776722278,21.0,1,-0.37414242727762215,21.374142427277622,20.5,21.5
1856.0,21.181736809901032,21.37667431148187,8.831631185952343,21.0,1,-0.3766743114818709,21.37667431148187,20.5,21.5
1857.0,21.18426678877624,21.379205560642188,8.830984469274329,21.0,1,-0.3792055606421876,21.379205560642188,20.5,21.5
1858.0,21.18679613231234,21.38173617466005,8.830336627563797,21.0,1,-0.3817361746600483,21.38173617466005,20.5,21.5
1859.0,21.18932484041139,21.384266153437125,8.829687661697834,21.0,1,-0.38426615343712456,21.384266153437125,20.5,21.5
1860.0,21.191852912975648,21.386795496875287,8.829037572555041,21.0,1,-0.3867954968752869,21.386795496875287,20.5,21.5
1861.0,21.194380349907565,21.389324204876594,8.828386361015548,21.0,1,-0.38932420487659414,21.389324204876594,20.5,21.5
1862.0,21.196907151109787,21.391852277343297,8.827734027961,21.0,1,-0.39185227734329686,21.391852277343297,20.5,21.5
1863.0,21.19943331648516,21.394379714177862,8.827080574274563,21.0,1,-0.39437971417786244,21.394379714177862,20.5,21.5
1864.0,21.201958845936716,21.396906515282925,8.826426000840915,21.0,1,-0.3969065152829252,21.396906515282925,20.5,21.5
1865.0,21.204483739367696,21.399432680561336,8.825770308546254,21.0,1,-0.3994326805613362,21.399432680561336,20.5,21.5
1866.0,21.207007996681533,21.401958209916128,8.825113498278295,21.0,1,-0.40195820991612763,21.401958209916128,20.5,21.5
1867.0,21.209531617781852,21.404483103250545,8.824455570926263,21.0,1,-0.40448310325054493,21.404483103250545,20.5,21.5
1868.0,21.212054602572483,21.407007360468008,8.823796527380896,21.0,1,-0.40700736046800756,21.407007360468008,20.5,21.5
1869.0,21.214576950957444,21.40953098147215,8.823136368534442,21.0,1,-0.4095309814721517,21.40953098147215,20.5,21.5
1870.0,21.217098662840957,21.412053966166802,8.822475095280662,21.0,1,-0.4120539661668019,21.412053966166802,20.5,21.5
1871.0,21.219619738127445,21.414576314455985,8.821812708514825,21.0,1,-0.4145763144559851,21.414576314455985,20.5,21.5
1872.0,21.222140176721524,21.417098026243917,8.821149209133704,21.0,1,-0.41709802624391656,21.417098026243917,20.5,21.5
1873.0,21.224659978528006,21.419619101435025,8.820484598035582,21.0,1,-0.4196191014350248,21.419619101435025,20.5,21.5
1874.0,21.227179143451906,21.422139539933916,8.819818876120248,21.0,1,-0.42213953993391584,21.422139539933916,20.5,21.5
1875.0,21.22969767139844,21.42465934164541,8.819152044288993,21.0,1,-0.42465934164540897,21.42465934164541,20.5,21.5
1876.0,21.23221556227302,21.427178506474526,8.818484103444606,21.0,1,-0.42717850647452593,21.427178506474526,20.5,21.5
1877.0,21.234732815981253,21.42969703432647,8.817815054491387,21.0,1,-0.42969703432646966,21.42969703432647,20.5,21.5
1878.0,21.237249432428957,21.43221492510666,8.817144898335128,21.0,1,-0.4322149251066598,21.43221492510666,20.5,21.5
1879.0,21.23976541152214,21.434732178720704,8.816473635883126,21.0,1,-0.43473217872070435,21.434732178720704,20.5,21.5
1880.0,21.242280753167012,21.437248795074417,8.815801268044172,21.0,1,-0.4372487950744173,21.437248795074417,20.5,21.5
1881.0,21.244795457269987,21.43976477407381,8.815127795728554,21.0,1,-0.43976477407381154,21.43976477407381,20.5,21.5
1882.0,21.24730952373768,21.442280115625096,8.814453219848057,21.0,1,-0.4422801156250955,21.442280115625096,20.5,21.5
1883.0,21.2498229524769,21.444794819634684,8.813777541315957,21.0,1,-0.4447948196346836,21.444794819634684,20.5,21.5
1884.0,21.252335743394667,21.44730888600919,8.813100761047028,21.0,1,-0.44730888600918917,21.44730888600919,20.5,21.5
1885.0,21.254847896398196,21.449822314655428,8.812422879957529,21.0,1,-0.4498223146554281,21.449822314655428,20.5,21.5
1886.0,21.25735941139491,21.45233510548041,8.811743898965215,21.0,1,-0.45233510548041167,21.45233510548041,20.5,21.5
1887.0,21.259870288292422,21.454847258391357,8.811063818989327,21.0,1,-0.4548472583913572,21.454847258391357,20.5,21.5
1888.0,21.262380526998562,21.45735877329569,8.810382640950595,21.0,1,-0.45735877329569163,21.45735877329569,20.5,21.5
1889.0,21.264890127421353,21.459869650101027,8.809700365771235,21.0,1,-0.45986965010102665,21.459869650101027,20.5,21.5
1890.0,21.267399089469023,21.462379888715194,8.809016994374947,21.0,1,-0.4623798887151942,21.462379888715194,20.5,21.5
1891.0,21.269907413050003,21.46488948904621,8.80833252768692,21.0,1,-0.46488948904621097,21.46488948904621,20.5,21.5
1892.0,21.27241509807293,21.46739845100231,8.807646966633822,21.0,1,-0.46739845100231037,21.46739845100231,20.5,21.5
1893.0,21.27492214444664,21.46990677449193,8.806960312143802,21.0,1,-0.4699067744919283,21.46990677449193,20.5,21.5
1894.0,21.27742855208018,21.472414459423696,8.806272565146491,21.0,1,-0.4724144594236961,21.472414459423696,20.5,21.5
1895.0,21.279934320882795,21.47492150570645,8.805583726573,21.0,1,-0.4749215057064511,21.47492150570645,20.5,21.5
1896.0,21.28243945076393,21.477427913249233,8.804893797355914,21.0,1,-0.47742791324923317,21.477427913249233,20.5,21.5
1897.0,21.284943941633248,21.479933681961295,8.8042027784293,21.0,1,-0.4799336819612954,21.479933681961295,20.5,21.5
1898.0,21.287447793400606,21.48243881175209,8.803510670728695,21.0,1,-0.4824388117520897,21.48243881175209,20.5,21.5
1899.0,21.28995100597607,21.484943302531267,8.802817475191114,21.0,1,-0.48494330253126705,21.484943302531267,20.5,21.5
1900.0,21.292453579269914,21.487447154208688,8.802123192755044,21.0,1,-0.487447154208688,21.487447154208688,20.5,21.5
1901.0,21.294955513192612,21.489950366694426,8.801427824360442,21.0,1,-0.48995036669442626,21.489950366694426,20.5,21.5
1902.0,21.297456807654847,21.492452939898747,8.800731370948734,21.0,1,-0.4924529398987474,21.492452939898747,20.5,21.5
1903.0,21.299957462567505,21.494954873732127,8.80003383346282,21.0,1,-0.49495487373212654,21.494954873732127,20.5,21.5
1904.0,21.302457477841685,21.497456168105252,8.799335212847062,21.0,1,-0.49745616810525206,21.497456168105252,20.5,21.5
1905.0,21.304956853388685,21.499956822929004,8.798635510047292,21.0,1,-0.4999568229290041,21.499956822929004,20.5,21.5
1906.0,21.307455589120018,21.502456838114487,8.797934726010809,21.0,0,-0.5024568381144867,21.502456838114487,20.5,21.5
1907.0,21.304953684947396,21.503956213572994,8.79723286168637,21.0,0,-0.5039562135729945,21.503956213572994,20.5,21.5
1908.0,21.302452140782744,21.504455149216042,8.796529918024197,21.0,0,-0.5044551492160423,21.504455149216042,20.5,21.5
1909.0,21.299950956338193,21.503953844915344,8.795825895975975,21.0,0,-0.503953844915344,21.503953844915344,20.5,21.5
1910.0,21.29745013132612,21.502452500502834,8.795120796494848,21.0,0,-0.5024525005028337,21.502452500502834,20.5,21.5
1911.0,21.294949665459153,21.499951315770666,8.794414620535418,21.0,0,-0.49995131577066587,21.499951315770666,20.5,21.5
1912.0,21.29244955845017,21.49745049047122,8.793707369053745,21.0,0,-0.4974504904712198,21.49745049047122,20.5,21.5
1913.0,21.28994981001229,21.49495002431713,8.792999043007347,21.0,0,-0.49495002431713075,21.49495002431713,20.5,21.5
1914.0,21.28745041985889,21.49244991702127,8.79228964335519,21.0,0,-0.4924499170212684,21.49244991702127,20.5,21.5
1915.0,21.28495138770359,21.48995016829676,8.791579171057704,21.0,0,-0.48995016829676175,21.48995016829676,20.5,21.5
1916.0,21.28245271326026,21.48745077785698,8.79086762707676,21.0,0,-0.48745077785698143,21.48745077785698,20.5,21.5
1917.0,21.27995439624302,21.48495174541555,8.79015501237569,21.0,0,-0.4849517454155503,21.48495174541555,20.5,21.5
1918.0,21.277456436366247,21.48245307068634,8.789441327919269,21.0,0,-0.4824530706863399,21.48245307068634,20.5,21.5
1919.0,21.27495883334456,21.479954753383478,8.788726574673722,21.0,0,-0.4799547533834776,21.479954753383478,20.5,21.5
1920.0,21.272461586892824,21.47745679322133,8.788010753606722,21.0,0,-0.4774567932213287,21.47745679322133,20.5,21.5
1921.0,21.269964696726166,21.474959189914507,8.787293865687387,21.0,0,-0.47495918991450736,21.474959189914507,20.5,21.5
1922.0,21.267468162559958,21.472461943177898,8.786575911886278,21.0,0,-0.4724619431778976,21.472461943177898,20.5,21.5
1923.0,21.264971984109824,21.469965052726614,8.785856893175403,21.0,0,-0.4699650527266144,21.469965052726614,20.5,21.5
1924.0,21.262476161091637,21.467468518276032,8.785136810528206,21.0,0,-0.4674685182760321,21.467468518276032,20.5,21.5
1925.0,21.259980693221525,21.464972339541777,8.784415664919576,21.0,0,-0.4649723395417773,21.464972339541777,20.5,21.5
1926.0,21.257485580215864,21.462476516239715,8.783693457325839,21.0,0,-0.46247651623971464,21.462476516239715,20.5,21.5
1927.0,21.254990821791285,21.45998104808598,8.782970188724763,21.0,0,-0.4599810480859787,21.45998104808598,20.5,21.5
1928.0,21.252496417664673,21.457485934796946,8.782245860095543,21.0,0,-0.45748593479694577,21.457485934796946,20.5,21.5
1929.0,21.250002367553158,21.454991176089248,8.78152047241882,21.0,0,-0.4549911760892478,21.454991176089248,20.5,21.5
1930.0,21.24750867117413,21.45249677167977,8.78079402667666,21.0,0,-0.452496771679769,21.45249677167977,20.5,21.5
1931.0,21.24501532824523,21.450002721285642,8.780066523852566,21.0,0,-0.45000272128564234,21.450002721285642,20.5,21.5
1932.0,21.242522338484353,21.447509024624253,8.779337964931475,21.0,0,-0.447509024624253,21.447509024624253,20.5,21.5
1933.0,21.240029701609643,21.445015681413246,8.778608350899745,21.0,0,-0.44501568141324555,21.445015681413246,20.5,21.5
1934.0,21.2375374173395,21.442522691370513,8.77787768274517,21.0,0,-0.44252269137051314,21.442522691370513,20.5,21.5
1935.0,21.23504548539258,21.440030054214198,8.777145961456972,21.0,0,-0.4400300542141977,21.440030054214198,20.5,21.5
1936.0,21.23255390548779,21.437537769662708,8.776413188025789,21.0,0,-0.43753776966270763,21.437537769662708,20.5,21.5
1937.0,21.2300626773443,21.435045837434696,8.775679363443695,21.0,0,-0.4350458374346964,21.435045837434696,20.5,21.5
1938.0,21.22757180068152,21.432554257249073,8.774944488704179,21.0,0,-0.43255425724907326,21.432554257249073,20.5,21.5
1939.0,21.225081275219125,21.430063028824996,8.774208564802159,21.0,0,-0.43006302882499625,21.430063028824996,20.5,21.5
1940.0,21.222591100677043,21.42757215188189,8.773471592733964,21.0,0,-0.4275721518818898,21.42757215188189,20.5,21.5
1941.0,21.220101276775456,21.425081626139423,8.772733573497352,21.0,0,-0.42508162613942346,21.425081626139423,20.5,21.5
1942.0,21.2176118032348,21.422591451317523,8.77199450809149,21.0,0,-0.4225914513175226,21.422591451317523,20.5,21.5
1943.0,21.21512267977577,21.420101627136372,8.77125439751697,21.0,0,-0.420101627136372,21.420101627136372,20.5,21.5
1944.0,21.21263390611932,21.417612153316412,8.77051324277579,21.0,0,-0.4176121533164121,21.417612153316412,20.5,21.5
1945.0,21.21014548198665,21.415123029578336,8.769771044871367,21.0,0,-0.4151230295783357,21.415123029578336,20.5,21.5
1946.0,21.207657407099227,21.41263425564309,8.769027804808532,21.0,0,-0.4126342556430913,21.41263425564309,20.5,21.5
1947.0,21.20516968117877,21.410145831231887,8.768283523593523,21.0,0,-0.41014583123188686,21.410145831231887,20.5,21.5
1948.0,21.202682303947253,21.40765775606618,8.76753820223399,21.0,0,-0.40765775606617893,21.40765775606618,20.5,21.5
1949.0,21.20019527512691,21.4051700298677,8.766791841738986,21.0,0,-0.40517002986770123,21.4051700298677,20.5,21.5
1950.0,21.197708594440233,21.402682652358422,8.766044443118979,21.0,0,-0.40268265235842193,21.402682652358422,20.5,21.5
1951.0,21.195222261609967,21.40019562326057,8.765296007385835,21.0,0,-0.40019562326056857,21.40019562326057,20.5,21.5
1952.0,21.19273627635912,21.39770894229664,8.764546535552832,21.0,0,-0.39770894229663867,21.39770894229664,20.5,21.5
1953.0,21.19025063841096,21.395222609189382,8.763796028634642,21.0,0,-0.395222609189382,21.395222609189382,20.5,21.5
1954.0,21.187765347489,21.392736623661797,8.763044487647345,21.0,0,-0.39273662366179707,21.392736623661797,20.5,21.5
1955.0,21.185280403317034,21.390250985437156,8.762291913608419,21.0,0,-0.39025098543715586,21.390250985437156,20.5,21.5
1956.0,21.182795805619094,21.387765694238983,8.761538307536737,21.0,0,-0.38776569423898266,21.387765694238983,20.5,21.5
1957.0,21.180311554119477,21.385280749791058,8.760783670452575,21.0,0,-0.38528074979105753,21.385280749791058,20.5,21.5
1958.0,21.177827648542745,21.382796151817413,8.760028003377602,21.0,0,-0.3827961518174128,21.382796151817413,20.5,21.5
1959.0,21.175344088613713,21.380311900042358,8.759271307334881,21.0,0,-0.3803119000423578,21.380311900042358,20.5,21.5
1960.0,21.172860874057456,21.377827994190444,8.758513583348869,21.0,0,-0.37782799419044366,21.377827994190444,20.5,21.5
1961.0,21.170378004599314,21.375344433986484,8.757754832445414,21.0,0,-0.3753444339864842,21.375344433986484,20.5,21.5
1962.0,21.167895479964884,21.372861219155563,8.756995055651757,21.0,0,-0.37286121915556336,21.372861219155563,20.5,21.5
1963.0,21.165413299880022,21.370378349423017,8.756234253996523,21.0,0,-0.3703783494230173,21.370378349423017,20.5,21.5
1964.0,21.162931464070844,21.367895824514445,8.755472428509727,21.0,0,-0.367895824514445,21.367895824514445,20.5,21.5
1965.0,21.16044997226373,21.3654136441557,8.754709580222773,21.0,0,-0.36541364415570143,21.3654136441557,20.5,21.5
1966.0,21.15796882418532,21.362931808072908,8.753945710168443,21.0,0,-0.3629318080729078,21.362931808072908,20.5,21.5
1967.0,21.15548801956252,21.36045031599243,8.75318081938091,21.0,0,-0.3604503159924306,21.36045031599243,20.5,21.5
1968.0,21.153007558122482,21.357969167640924,8.752414908895725,21.0,0,-0.357969167640924,21.357969167640924,20.5,21.5
1969.0,21.150527439592636,21.35548836274528,8.751647979749817,21.0,0,-0.3554883627452803,21.35548836274528,20.5,21.5
1970.0,21.14804766370067,21.35300790103267,8.750880032981499,21.0,0,-0.35300790103266877,21.35300790103267,20.5,21.5
1971.0,21.145568230174526,21.35052778223051,8.75011106963046,21.0,0,-0.35052778223051106,21.35052778223051,20.5,21.5
1972.0,21.14308913874242,21.34804800606649,8.749341090737763,21.0,0,-0.34804800606649167,21.34804800606649,20.5,21.5
1973.0,21.140610389132817,21.345568572268554,8.74857009734585,21.0,0,-0.3455685722685544,21.345568572268554,20.5,21.5
1974.0,21.13813198107446,21.34308948056492,8.747798090498533,21.0,0,-0.3430894805649203,21.34308948056492,20.5,21.5
1975.0,21.135653914296345,21.340610730684052,8.747025071240996,21.0,0,-0.3406107306840518,21.340610730684052,20.5,21.5
1976.0,21.133176188527734,21.338132322354696,8.746251040619798,21.0,0,-0.3381323223546957,21.338132322354696,20.5,21.5
1977.0,21.130698803498152,21.335654255305844,8.745475999682862,21.0,0,-0.3356542553058439,21.335654255305844,20.5,21.5
1978.0,21.12822175893739,21.33317652926676,8.744699949479482,21.0,0,-0.33317652926675834,21.33317652926676,20.5,21.5
1979.0,21.125745054575496,21.330699143966964,8.743922891060318,21.0,0,-0.33069914396696376,21.330699143966964,20.5,21.5
1980.0,21.123268690142794,21.328222099136255,8.743144825477394,21.0,0,-0.328222099136255,21.328222099136255,20.5,21.5
1981.0,21.120792665369862,21.325745394504683,8.742365753784098,21.0,0,-0.32574539450468265,21.325745394504683,20.5,21.5
1982.0,21.118316979987544,21.32326902980256,8.741585677035179,21.0,0,-0.3232690298025602,21.32326902980256,20.5,21.5
1983.0,21.11584163372695,21.32079300476047,8.74080459628675,21.0,0,-0.32079300476047123,21.32079300476047,20.5,21.5
1984.0,21.113366626319465,21.318317319109266,8.74002251259628,21.0,0,-0.31831731910926564,21.318317319109266,20.5,21.5
1985.0,21.11089195749672,21.315841972580053,8.739239427022596,21.0,0,-0.31584197258005275,21.315841972580053,20.5,21.5
1986.0,21.108417626990622,21.3133669649042,8.738455340625883,21.0,0,-0.31336696490420124,21.3133669649042,20.5,21.5
1987.0,21.10594363453335,21.310892295813364,8.737670254467682,21.0,0,-0.310892295813364,21.310892295813364,20.5,21.5
1988.0,21.103469979857337,21.308417965039443,8.736884169610883,21.0,0,-0.3084179650394425,21.308417965039443,20.5,21.5
1989.0,21.100996662695287,21.305943972314605,8.736097087119735,21.0,0,-0.3059439723146049,21.305943972314605,20.5,21.5
1990.0,21.098523682780172,21.303470317371296,8.73530900805983,21.0,0,-0.30347031737129626,21.303470317371296,20.5,21.5
1991.0,21.09605103984523,21.300996999942218,8.734519933498111,21.0,0,-0.3009969999422175,21.300996999942218,20.5,21.5
1992.0,21.09357873362396,21.29852401976034,8.733729864502877,21.0,0,-0.2985240197603396,21.29852401976034,20.5,21.5
1993.0,21.091106763850135,21.2960513765589,8.732938802143762,21.0,0,-0.2960513765588999,21.2960513765589,20.5,21.5
1994.0,21.088635130257792,21.2935790700714,8.73214674749175,21.0,0,-0.2935790700713987,21.2935790700714,20.5,21.5
1995.0,21.08616383258124,21.291107100031613,8.73135370161917,21.0,0,-0.29110710003161344,21.291107100031613,20.5,21.5
1996.0,21.083692870555048,21.288635466173577,8.73055966559969,21.0,0,-0.28863546617357727,21.288635466173577,20.5,21.5
1997.0,21.081222243914056,21.286164168231597,8.729764640508321,21.0,0,-0.28616416823159696,21.286164168231597,20.5,21.5
1998.0,21.078751952393375,21.283693205940246,8.72896862742141,21.0,0,-0.2836932059402457,21.283693205940246,20.5,21.5
1999.0,21.07628199572838,21.281222579034363,8.728171627416646,21.0,0,-0.2812225790343632,21.281222579034363,20.5,21.5
2000.0,21.073812373654718,21.27875228724906,8.727373641573049,21.0,0,-0.2787522872490591,21.27875228724906,20.5,21.5
2001.0,21.071343085908303,21.27628233031971,8.726574670970976,21.0,0,-0.2762823303197095,21.27628233031971,20.5,21.5
2002.0,21.068874132225314,21.273812707981964,8.725774716692118,21.0,0,-0.2738127079819641,21.273812707981964,20.5,21.5
2003.0,21.066405512342207,21.27134341997173,8.724973779819498,21.0,0,-0.2713434199717284,21.27134341997173,20.5,21.5
2004.0,21.0639372259957,21.268874466025192,8.724171861437467,21.0,0,-0.26887446602519205,21.268874466025192,20.5,21.5
2005.0,21.06146927292279,21.266405845878808,8.723368962631708,21.0,0,-0.26640584587880767,21.266405845878808,20.5,21.5
2006.0,21.05900165286073,21.263937559269294,8.722565084489228,21.0,0,-0.2639375592692943,21.263937559269294,20.5,21.5
2007.0,21.056534365547055,21.261469605933645,8.721760228098363,21.0,0,-0.26146960593364454,21.261469605933645,20.5,21.5
2008.0,21.054067410719565,21.259001985609114,8.72095439454877,21.0,0,-0.2590019856091139,21.259001985609114,20.5,21.5
2009.0,21.051600788116332,21.256534698033242,8.720147584931432,21.0,0,-0.25653469803324214,21.256534698033242,20.5,21.5
2010.0,21.049134497475695,21.254067742943825,8.719339800338652,21.0,0,-0.2540677429438247,21.254067742943825,20.5,21.5
2011.0,21.046668538536267,21.25160112007893,8.718531041864052,21.0,0,-0.25160112007893076,21.25160112007893,20.5,21.5
2012.0,21.044202911036933,21.249134829176906,8.717721310602577,21.0,0,-0.24913482917690644,21.249134829176906,20.5,21.5
2013.0,21.041737614716848,21.246668869976368,8.716910607650483,21.0,0,-0.24666886997636794,21.246668869976368,20.5,21.5
2014.0,21.039272649315436,21.244203242216187,8.716098934105345,21.0,0,-0.24420324221618728,21.244203242216187,20.5,21.5
2015.0,21.036808014572394,21.241737945635528,8.715286291066052,21.0,0,-0.24173794563552775,21.241737945635528,20.5,21.5
2016.0,21.03434371022769,21.239272979973812,8.714472679632804,21.0,0,-0.23927297997381203,21.239272979973812,20.5,21.5
2017.0,21.031879736021573,21.236808344970736,8.713658100907113,21.0,0,-0.23680834497073633,21.236808344970736,20.5,21.5
2018.0,21.02941609169455,21.234344040366278,8.7128425559918,21.0,0,-0.23434404036627754,21.234344040366278,20.5,21.5
2019.0,21.02695277698741,21.231880065900675,8.712026045990996,21.0,0,-0.23188006590067545,21.231880065900675,20.5,21.5
2020.0,21.024489791641212,21.22941642131444,8.711208572010138,21.0,0,-0.22941642131443984,21.22941642131444,20.5,21.5
2021.0,21.022027135397288,21.226953106348358,8.710390135155963,21.0,0,-0.22695310634835764,21.226953106348358,20.5,21.5
2022.0,21.019564807997238,21.22449012074349,8.70957073653652,21.0,0,-0.22449012074348929,21.22449012074349,20.5,21.5
2023.0,21.017102809182944,21.222027464241172,8.708750377261156,21.0,0,-0.22202746424117237,21.222027464241172,20.5,21.5
2024.0,21.01464113869656,21.219565136583004,8.707929058440516,21.0,0,-0.2195651365830038,21.219565136583004,20.5,21.5
2025.0,21.01217979628051,21.21710313751086,8.707106781186548,21.0,0,-0.2171031375108612,21.21710313751086,20.5,21.5
2026.0,21.009718781677492,21.214641466766903,8.706283546612495,21.0,0,-0.21464146676690277,21.214641466766903,20.5,21.5
2027.0,21.00725809463048,21.21218012409355,8.7054593558329,21.0,0,-0.2121801240935497,21.21218012409355,20.5,21.5
2028.0,21.00479773488272,21.209719109233504,8.704634209963595,21.0,0,-0.2097191092335038,21.209719109233504,20.5,21.5
2029.0,21.002337702177737,21.20725842192974,8.70380811012171,21.0,0,-0.20725842192974042,21.20725842192974,20.5,21.5
2030.0,20.999877996259325,21.204798061925505,8.702981057425662,21.0,0,-0.20479806192550498,21.204798061925505,20.5,21.5
2031.0,20.99741861687156,21.202338028964316,8.702153052995163,21.0,0,-0.2023380289643164,21.202338028964316,20.5,21.5
2032.0,20.994959563758783,21.199878322789978,8.70132409795121,21.0,0,-0.19987832278997786,21.199878322789978,20.5,21.5
2033.0,20.992500836665624,21.19741894314656,8.700494193416086,21.0,0,-0.19741894314655895,21.19741894314656,20.5,21.5
2034.0,20.990042435336974,21.19495988977841,8.699663340513366,21.0,0,-0.19495988977840994,21.19495988977841,20.5,21.5
2035.0,20.98758435951801,21.192501162430148,8.6988315403679,21.0,0,-0.1925011624301476,21.192501162430148,20.5,21.5
2036.0,20.98512660895418,21.190042760846673,8.697998794105827,21.0,0,-0.19004276084667282,21.190042760846673,20.5,21.5
2037.0,20.98266918339121,21.187584684773157,8.697165102854564,21.0,0,-0.1875846847731566,21.187584684773157,20.5,21.5
2038.0,20.9802120825751,21.185126933955054,8.69633046774281,21.0,0,-0.18512693395505408,21.185126933955054,20.5,21.5
2039.0,20.977755306252135,21.182669508138083,8.695494889900537,21.0,0,-0.18266950813808336,21.182669508138083,20.5,21.5
2040.0,20.975298854168866,21.180212407068257,8.694658370458997,21.0,0,-0.18021240706825736,21.180212407068257,20.5,21.5
2041.0,20.972842726072123,21.177755630491845,8.693820910550718,21.0,0,-0.17775563049184484,21.177755630491845,20.5,21.5
2042.0,20.970386921709018,21.175299178155406,8.692982511309497,21.0,0,-0.17529917815540585,21.175299178155406,20.5,21.5
2043.0,20.967931440826938,21.172843049805774,8.692143173870408,21.0,0,-0.17284304980577403,21.172843049805774,20.5,21.5
2044.0,20.965476283173548,21.170387245190057,8.691302899369788,21.0,0,-0.17038724519005655,21.170387245190057,20.5,21.5
2045.0,20.963021448496786,21.16793176405564,8.69046168894525,21.0,0,-0.16793176405564125,21.16793176405564,20.5,21.5
2046.0,20.960566936544875,21.165476606150193,8.68961954373567,21.0,0,-0.1654766061501931,21.165476606150193,20.5,21.5
2047.0,20.958112747066313,21.16302177122165,8.68877646488119,21.0,0,-0.16302177122165062,21.16302177122165,20.5,21.5
2048.0,20.955658879809874,21.16056725901824,8.687932453523219,21.0,0,-0.1605672590182401,21.16056725901824,20.5,21.5
2049.0,20.95320533452462,21.158113069288454,8.687087510804423,21.0,0,-0.15811306928845426,21.158113069288454,20.5,21.5
2050.0,20.950752110959876,21.15565920178107,8.686241637868733,21.0,0,-0.15565920178107007,21.15565920178107,20.5,21.5
2051.0,20.948299208865258,21.15320565624515,8.68539483586134,21.0,0,-0.1532056562451487,21.15320565624515,20.5,21.5
2052.0,20.945846627990658,21.150752432430018,8.684547105928688,21.0,0,-0.1507524324300178,21.150752432430018,20.5,21.5
2053.0,20.943394368086246,21.148299530085293,8.683698449218484,21.0,0,-0.14829953008529273,21.148299530085293,20.5,21.5
2054.0,20.94094242890247,21.145846948960866,8.682848866879683,21.0,0,-0.14584694896086603,21.145846948960866,20.5,21.5
2055.0,20.938490810190068,21.143394688806904,8.681998360062499,21.0,0,-0.14339468880690376,21.143394688806904,20.5,21.5
2056.0,20.93603951170004,21.14094274937386,8.681146929918393,21.0,0,-0.14094274937385975,21.14094274937386,20.5,21.5
2057.0,20.933588533183684,21.13849113041247,8.680294577600078,21.0,0,-0.13849113041246852,21.13849113041247,20.5,21.5
2058.0,20.93113787439257,21.13603983167373,8.679441304261516,21.0,0,-0.13603983167373102,21.13603983167373,20.5,21.5
2059.0,20.92868753507854,21.133588852908947,8.678587111057917,21.0,0,-0.13358885290894662,21.133588852908947,20.5,21.5
2060.0,20.926237514993737,21.13113819386968,8.677731999145733,21.0,0,-0.13113819386968117,21.13113819386968,20.5,21.5
2061.0,20.923787813890566,21.12868785430779,8.67687596968266,21.0,0,-0.12868785430778829,21.12868785430779,20.5,21.5
2062.0,20.921338431521725,21.126237833975395,8.676019023827642,21.0,0,-0.12623783397539512,21.126237833975395,20.5,21.5
2063.0,20.918889367640187,21.12378813262492,8.675161162740856,21.0,0,-0.12378813262492017,21.12378813262492,20.5,21.5
2064.0,20.916440621999207,21.121338750009052,8.674302387583722,21.0,0,-0.12133875000905192,21.121338750009052,20.5,21.5
2065.0,20.913992194352325,21.11888968588077,8.673442699518901,21.0,0,-0.1188896858807702,21.11888968588077,20.5,21.5
2066.0,20.911544084453357,21.11644093999333,8.67258209971028,21.0,0,-0.11644093999332839,21.11644093999333,20.5,21.5
2067.0,20.909096292056407,21.113992512100264,8.671720589322991,21.0,0,-0.11399251210026407,21.113992512100264,20.5,21.5
2068.0,20.90664881691586,21.1115444019554,8.670858169523392,21.0,0,-0.11154440195539905,21.1115444019554,20.5,21.5
2069.0,20.904201658786384,21.109096609312836,8.669994841479074,21.0,0,-0.10909660931283582,21.109096609312836,20.5,21.5
2070.0,20.901754817422923,21.106649133926958,8.669130606358857,21.0,0,-0.10664913392695752,21.106649133926958,20.5,21.5
2071.0,20.89930829258071,21.104201975552428,8.668265465332796,21.0,0,-0.10420197555242794,21.104201975552428,20.5,21.5
2072.0,20.89686208401526,21.1017551339442,8.66739941957216,21.0,0,-0.10175513394419866,21.1017551339442,20.5,21.5
2073.0,20.89441619148237,21.0993086088575,8.666532470249452,21.0,0,-0.09930860885749837,21.0993086088575,20.5,21.5
2074.0,20.891970614738124,21.096862400047847,8.665664618538397,21.0,0,-0.09686240004784707,21.096862400047847,20.5,21.5
2075.0,20.889525353538883,21.094416507271042,8.664795865613938,21.0,0,-0.0944165072710419,21.094416507271042,20.5,21.5
2076.0,20.887080407641296,21.091970930283157,8.663926212652242,21.0,0,-0.09197093028315706,21.091970930283157,20.5,21.5
2077.0,20.8846357768023,21.089525668840565,8.663055660830691,21.0,0,-0.08952566884056523,21.089525668840565,20.5,21.5
2078.0,20.882191460779104,21.087080722699913,8.66218421132789,21.0,0,-0.08708072269991263,21.087080722699913,20.5,21.5
2079.0,20.879747459329213,21.08463609161813,8.661311865323652,21.0,0,-0.08463609161812968,21.08463609161813,20.5,21.5
2080.0,20.87730377221041,21.082191775352435,8.660438623999008,21.0,0,-0.0821917753524346,21.082191775352435,20.5,21.5
2081.0,20.87486039918077,21.07974777366033,8.6595644885362,21.0,0,-0.07974777366032981,21.07974777366033,20.5,21.5
2082.0,20.87241733999864,21.0773040862996,8.65868946011868,21.0,0,-0.0773040862995984,21.0773040862996,20.5,21.5
2083.0,20.869974594422665,21.074860713028308,8.657813539931112,21.0,0,-0.07486071302830766,21.074860713028308,20.5,21.5
2084.0,20.867532162211766,21.07241765360482,8.656936729159362,21.0,0,-0.07241765360481978,21.07241765360482,20.5,21.5
2085.0,20.865090043125157,21.069974907787767,8.656059028990507,21.0,0,-0.06997490778776694,21.069974907787767,20.5,21.5
2086.0,20.86264823692233,21.06753247533608,8.655180440612824,21.0,0,-0.06753247533607976,21.06753247533608,20.5,21.5
2087.0,20.86020674336307,21.065090356008966,8.654300965215798,21.0,0,-0.06509035600896595,21.065090356008966,20.5,21.5
2088.0,20.85776556220744,21.06264854956592,8.653420603990106,21.0,0,-0.06264854956592103,21.06264854956592,20.5,21.5
2089.0,20.855324693215795,21.06020705576673,8.652539358127632,21.0,0,-0.060207055766728246,21.06020705576673,20.5,21.5
2090.0,20.852884136148777,21.05776587437145,8.651657228821456,21.0,0,-0.05776587437145153,21.05776587437145,20.5,21.5
2091.0,20.850443890767313,21.05532500514045,8.650774217265852,21.0,0,-0.05532500514044969,21.05532500514045,20.5,21.5
2092.0,20.848003956832613,21.05288444783436,8.649890324656289,21.0,0,-0.05288444783435864,21.05288444783436,20.5,21.5
2093.0,20.84556433410618,21.050444202214106,8.649005552189431,21.0,0,-0.050444202214105616,21.050444202214106,20.5,21.5
2094.0,20.843125022349795,21.048004268040906,8.648119901063131,21.0,0,-0.04800426804090563,21.048004268040906,20.5,21.5
2095.0,20.84068602132554,21.04556464507626,8.647233372476432,21.0,0,-0.045564645076261456,21.04556464507626,20.5,21.5
2096.0,20.83824733079577,21.043125333081953,8.646345967629566,21.0,0,-0.04312533308195299,21.043125333081953,20.5,21.5
2097.0,20.835808950523138,21.040686331820055,8.645457687723951,21.0,0,-0.04068633182005499,21.040686331820055,20.5,21.5
2098.0,20.83337088027058,21.038247641052937,8.644568533962186,21.0,0,-0.0382476410529371,21.038247641052937,20.5,21.5
2099.0,20.830933119801315,21.03580926054324,8.64367850754806,21.0,0,-0.03580926054323896,21.03580926054324,20.5,21.5
2100.0,20.828495668878865,21.033371190053906,8.64278760968654,21.0,0,-0.033371190053905764,21.033371190053906,20.5,21.5
2101.0,20.826058527267026,21.030933429348156,8.641895841583768,21.0,0,-0.03093342934815624,21.030933429348156,20.5,21.5
2102.0,20.82362169472989,21.028495978189508,8.641003204447074,21.0,0,-0.028495978189507554,21.028495978189508,20.5,21.5
2103.0,20.821185171031836,21.026058836341758,8.640109699484956,21.0,0,-0.02605883634175754,21.026058836341758,20.5,21.5
2104.0,20.818748955937526,21.023622003569,8.63921532790709,21.0,0,-0.023622003568998906,21.023622003569,20.5,21.5
2105.0,20.81631304921192,21.021185479635612,8.638320090924328,21.0,0,-0.021185479635612126,21.021185479635612,20.5,21.5
2106.0,20.813877450620264,21.01874926430626,8.63742398974869,21.0,0,-0.01874926430625834,21.01874926430626,20.5,21.5
2107.0,20.81144215992809,21.0163133573459,8.636527025593367,21.0,0,-0.01631335734590067,21.0163133573459,20.5,21.5
2108.0,20.809007176901225,21.013877758519776,8.635629199672717,21.0,0,-0.013877758519775796,21.013877758519776,20.5,21.5
2109.0,20.80657250130578,21.01144246759343,8.634730513202268,21.0,0,-0.011442467593429484,21.01144246759343,20.5,21.5
2110.0,20.80413813290816,21.009007484332678,8.63383096739871,21.0,0,-0.009007484332677507,21.009007484332678,20.5,21.5
2111.0,20.801704071475058,21.006572808503638,8.6329305634799,21.0,0,-0.006572808503637617,21.006572808503638,20.5,21.5
2112.0,20.79927031677346,21.004138439872712,8.63202930266485,21.0,0,-0.0041384398727117855,21.004138439872712,20.5,21.5
2113.0,20.796836868570637,21.001704378206593,8.631127186173742,21.0,0,-0.0017043782065933044,21.001704378206593,20.5,21.5
2114.0,20.794403726634158,20.99927062327227,8.630224215227907,21.0,0,0.0007293767277296581,20.99927062327227,20.5,21.5
2115.0,20.79197089073188,20.996837174837015,8.629320391049838,21.0,0,0.003162825162984717,20.996837174837015,20.5,21.5
2116.0,20.78953836063194,20.994404032668392,8.62841571486318,21.0,0,0.005595967331608165,20.994404032668392,20.5,21.5
2117.0,20.787106136102786,20.991971196534255,8.627510187892739,21.0,0,0.008028803465744971,20.991971196534255,20.5,21.5
2118.0,20.784674216913142,20.989538666202755,8.626603811364461,21.0,0,0.010461333797245231,20.989538666202755,20.5,21.5
2119.0,20.78224260283203,20.98710644144233,8.625696586505452,21.0,0,0.01289355855767127,20.98710644144233,20.5,21.5
2120.0,20.779811293628764,20.984674522021706,8.62478851454396,21.0,0,0.015325477978294089,20.984674522021706,20.5,21.5
2121.0,20.777380289072948,20.982242907709907,8.623879596709386,21.0,0,0.017757092290093368,20.982242907709907,20.5,21.5
2122.0,20.774949588934476,20.979811598276246,8.622969834232272,21.0,0,0.020188401723753913,20.979811598276246,20.5,21.5
2123.0,20.772519192983534,20.977380593490324,8.622059228344304,21.0,0,0.02261940650967631,20.977380593490324,20.5,21.5
2124.0,20.770089100990607,20.974949893122037,8.62114778027831,21.0,0,0.02505010687796272,20.974949893122037,20.5,21.5
2125.0,20.767659312726465,20.97251949694158,8.62023549126826,21.0,0,0.027480503058420425,20.97251949694158,20.5,21.5
2126.0,20.765229827962173,20.970089404719424,8.61932236254926,21.0,0,0.029910595280576047,20.970089404719424,20.5,21.5
2127.0,20.762800646469092,20.96765961622635,8.618408395357553,21.0,0,0.03234038377365067,20.96765961622635,20.5,21.5
2128.0,20.76037176801887,20.965230131233415,8.617493590930522,21.0,0,0.03476986876658472,20.965230131233415,20.5,21.5
2129.0,20.757943192383454,20.962800949511983,8.616577950506676,21.0,0,0.03719905048801664,20.962800949511983,20.5,21.5
2130.0,20.755514919335077,20.960372070833706,8.615661475325659,21.0,0,0.03962792916629354,20.960372070833706,20.5,21.5
2131.0,20.753086948646274,20.957943494970525,8.614744166628247,21.0,0,0.04205650502947478,20.957943494970525,20.5,21.5
2132.0,20.75065928008987,20.95551522169468,8.613826025656342,21.0,0,0.04448477830532127,20.95551522169468,20.5,21.5
2133.0,20.748231913438982,20.9530872507787,8.612907053652977,21.0,0,0.046912749221299066,20.9530872507787,20.5,21.5
2134.0,20.745804848467024,20.950659581995414,8.611987251862303,21.0,0,0.04934041800458644,20.950659581995414,20.5,21.5
2135.0,20.743378084947704,20.948232215117937,8.6110666215296,21.0,0,0.05176778488206324,20.948232215117937,20.5,21.5
2136.0,20.74095162265502,20.945805149919686,8.610145163901267,21.0,0,0.05419485008031444,20.945805149919686,20.5,21.5
2137.0,20.73852546136327,20.943378386174366,8.609222880224827,21.0,0,0.05662161382563369,20.943378386174366,20.5,21.5
2138.0,20.736099600847044,20.94095192365598,8.608299771748914,21.0,0,0.05904807634401976,20.94095192365598,20.5,21.5
2139.0,20.733674040881226,20.93852576213882,8.607375839723286,21.0,0,0.061474237861180114,20.93852576213882,20.5,21.5
2140.0,20.731248781240996,20.936099901397476,8.606451085398813,21.0,0,0.06390009860252377,20.936099901397476,20.5,21.5
2141.0,20.728823821701827,20.93367434120684,8.605525510027478,21.0,0,0.06632565879316132,20.93367434120684,20.5,21.5
2142.0,20.726399162039492,20.93124908134208,8.604599114862374,21.0,0,0.06875091865791916,20.93124908134208,20.5,21.5
2143.0,20.723974802030057,20.928824121578685,8.603671901157709,21.0,0,0.07117587842131456,20.928824121578685,20.5,21.5
2144.0,20.72155074144988,20.926399461692416,8.602743870168794,21.0,0,0.07360053830758417,20.926399461692416,20.5,21.5
2145.0,20.719126980075625,20.92397510145934,8.60181502315205,21.0,0,0.07602489854065908,20.92397510145934,20.5,21.5
2146.0,20.71670351768424,20.92155104065582,8.600885361364996,21.0,0,0.07844895934417906,20.92155104065582,20.5,21.5
2147.0,20.714280354052978,20.91912727905852,8.599954886066266,21.0,0,0.08087272094147835,20.91912727905852,20.5,21.5
2148.0,20.71185748895938,20.916703816444386,8.599023598515586,21.0,0,0.08329618355561408,20.916703816444386,20.5,21.5
2149.0,20.70943492218129,20.91428065259067,8.598091499973783,21.0,0,0.08571934740933074,20.91428065259067,20.5,21.5
2150.0,20.70701265349685,20.911857787274915,8.597158591702787,21.0,0,0.08814221272508505,20.911857787274915,20.5,21.5
2151.0,20.70459068268449,20.909435220274965,8.596224874965616,21.0,0,0.0905647797250353,20.909435220274965,20.5,21.5
2152.0,20.702169009522947,20.90701295136896,8.59529035102639,21.0,0,0.09298704863104135,20.90701295136896,20.5,21.5
2153.0,20.699747633791247,20.904590980335332,8.594355021150317,21.0,0,0.0954090196646682,20.904590980335332,20.5,21.5
2154.0,20.69732655526872,20.902169306952818,8.593418886603702,21.0,0,0.0978306930471824,20.902169306952818,20.5,21.5
2155.0,20.694905773734988,20.899747931000444,8.59248194865393,21.0,0,0.10025206899955563,20.899747931000444,20.5,21.5
2156.0,20.692485288969973,20.897326852257542,8.591544208569484,21.0,0,0.10267314774245762,20.897326852257542,20.5,21.5
2157.0,20.69006510075389,20.89490607050373,8.590605667619926,21.0,0,0.10509392949627028,20.89490607050373,20.5,21.5
2158.0,20.687645208867263,20.89248558551893,8.589666327075903,21.0,0,0.10751441448107002,20.89248558551893,20.5,21.5
2159.0,20.685225613090903,20.890065397083365,8.588726188209149,21.0,0,0.10993460291663482,20.890065397083365,20.5,21.5
2160.0,20.682806313205926,20.887645504977552,8.587785252292473,21.0,0,0.11235449502244776,20.887645504977552,20.5,21.5
2161.0,20.680387308993744,20.885225908982306,8.586843520599768,21.0,0,0.11477409101769354,20.885225908982306,20.5,21.5
2162.0,20.677968600236067,20.882806608878745,8.585900994406,21.0,0,0.11719339112125482,20.882806608878745,20.5,21.5
2163.0,20.6755501867149,20.88038760444827,8.584957674987216,21.0,0,0.11961239555173009,20.88038760444827,20.5,21.5
2164.0,20.673132068212556,20.8779688954726,8.58401356362053,21.0,0,0.12203110452740162,20.8779688954726,20.5,21.5
2165.0,20.67071424451164,20.875550481733747,8.583068661584134,21.0,0,0.12444951826625328,20.875550481733747,20.5,21.5
2166.0,20.668296715395055,20.873132363014005,8.58212297015729,21.0,0,0.12686763698599535,20.873132363014005,20.5,21.5
2167.0,20.66587948064601,20.870714539095992,8.581176490620324,21.0,0,0.12928546090400772,20.870714539095992,20.5,21.5
2168.0,20.663462540048002,20.86829700976261,8.580229224254634,21.0,0,0.13170299023738963,20.86829700976261,20.5,21.5
2169.0,20.661045893384845,20.86587977479707,8.579281172342679,21.0,0,0.1341202252029312,20.86587977479707,20.5,21.5
2170.0,20.658629540440636,20.86346283398287,8.578332336167987,21.0,0,0.13653716601713128,20.86346283398287,20.5,21.5
2171.0,20.65621348099978,20.861046187103813,8.577382717015142,21.0,0,0.1389538128961867,20.861046187103813,20.5,21.5
2172.0,20.653797714846984,20.858629833944008,8.576432316169793,21.0,0,0.14137016605599229,20.858629833944008,20.5,21.5
2173.0,20.651382241767248,20.85621377428786,8.575481134918645,21.0,0,0.14378622571214095,20.85621377428786,20.5,21.5
2174.0,20.64896706154588,20.853798007920066,8.574529174549456,21.0,0,0.14620199207993423,20.853798007920066,20.5,21.5
2175.0,20.64655217396848,20.851382534625635,8.573576436351045,21.0,0,0.1486174653743646,20.851382534625635,20.5,21.5
2176.0,20.644137578820956,20.848967354189867,8.572622921613284,21.0,0,0.1510326458101332,20.848967354189867,20.5,21.5
2177.0,20.641723275889515,20.84655246639837,8.57166863162709,21.0,0,0.15344753360162855,20.84655246639837,20.5,21.5
2178.0,20.639309264960662,20.844137871037056,8.570713567684432,21.0,0,0.15586212896294427,20.844137871037056,20.5,21.5
2179.0,20.636895545821208,20.84172356789212,8.569757731078331,21.0,0,0.15827643210787912,20.84172356789212,20.5,21.5
2180.0,20.63448211825826,20.839309556750074,8.568801123102851,21.0,0,0.16069044324992632,20.839309556750074,20.5,21.5
2181.0,20.632068982059227,20.83689583739773,8.567843745053102,21.0,0,0.16310416260227,20.83689583739773,20.5,21.5
2182.0,20.629656137011825,20.834482409622193,8.56688559822523,21.0,0,0.16551759037780656,20.834482409622193,20.5,21.5
2183.0,20.627243582904068,20.832069273210873,8.565926683916434,21.0,0,0.1679307267891268,20.832069273210873,20.5,21.5
2184.0,20.624831319524272,20.829656427951484,8.564967003424938,21.0,0,0.17034357204851602,20.829656427951484,20.5,21.5
2185.0,20.62241934666105,20.827243873632046,8.564006558050014,21.0,0,0.172756126367954,20.827243873632046,20.5,21.5
2186.0,20.62000766410333,20.824831610040867,8.563045349091967,21.0,0,0.17516838995913275,20.824831610040867,20.5,21.5
2187.0,20.617596271640327,20.822419636966565,8.562083377852131,21.0,0,0.17758036303343516,20.822419636966565,20.5,21.5
2188.0,20.61518516906157,20.820007954198065,8.561120645632878,21.0,0,0.17999204580193506,20.820007954198065,20.5,21.5
2189.0,20.612774356156883,20.817596561524585,8.560157153737608,21.0,0,0.18240343847541496,20.817596561524585,20.5,21.5
2190.0,20.6103638327164,20.815185458735655,8.559192903470747,21.0,0,0.1848145412643447,20.815185458735655,20.5,21.5
2191.0,20.60795359853055,20.812774645621097,8.558227896137753,21.0,0,0.18722535437890286,20.812774645621097,20.5,21.5
2192.0,20.60554365339007,20.81036412197105,8.557262133045104,21.0,0,0.18963587802895177,20.81036412197105,20.5,21.5
2193.0,20.603133997086,20.807953887575938,8.556295615500305,21.0,0,0.19204611242406244,20.807953887575938,20.5,21.5
2194.0,20.600724629409683,20.8055439422265,8.55532834481188,21.0,0,0.1944560577735004,20.8055439422265,20.5,21.5
2195.0,20.598315550152762,20.80313428571377,8.554360322289371,21.0,0,0.19686571428622912,20.80313428571377,20.5,21.5
2196.0,20.59590675910719,20.8007249178291,8.553391549243344,21.0,0,0.1992750821708995,20.8007249178291,20.5,21.5
2197.0,20.593498256065217,20.79831583836413,8.552422026985376,21.0,0,0.2016841616358711,20.79831583836413,20.5,21.5
2198.0,20.591090040819402,20.79590704711081,8.551451756828058,21.0,0,0.20409295288919083,20.79590704711081,20.5,21.5
2199.0,20.588682113162605,20.793498543861393,8.550480740084996,21.0,0,0.20650145613860715,20.793498543861393,20.5,21.5
2200.0,20.58627447288799,20.791090328408437,8.549508978070806,21.0,0,0.20890967159156304,20.791090328408437,20.5,21.5
2201.0,20.583867119789026,20.788682400544804,8.548536472101114,21.0,0,0.2113175994551959,20.788682400544804,20.5,21.5
2202.0,20.581460053659487,20.786274760063655,8.547563223492551,21.0,0,0.21372523993634474,20.786274760063655,20.5,21.5
2203.0,20.579053274293454,20.783867406758468,8.546589233562754,21.0,0,0.21613259324153233,20.783867406758468,20.5,21.5
2204.0,20.57664678148531,20.78146034042301,8.545614503630365,21.0,0,0.21853965957699018,20.78146034042301,20.5,21.5
2205.0,20.574240575029737,20.77905356085136,8.544639035015027,21.0,0,0.22094643914864065,20.77905356085136,20.5,21.5
2206.0,20.571834654721734,20.776647067837903,8.543662829037384,21.0,0,0.22335293216209706,20.776647067837903,20.5,21.5
2207.0,20.569429020356598,20.774240861177326,8.542685887019076,21.0,0,0.2257591388226743,20.774240861177326,20.5,21.5
2208.0,20.56702367172993,20.771834940664622,8.54170821028274,21.0,0,0.22816505933537812,20.771834940664622,20.5,21.5
2209.0,20.56461860863764,20.769429306095088,8.540729800152011,21.0,0,0.23057069390491236,20.769429306095088,20.5,21.5
2210.0,20.562213830875944,20.76702395726433,8.539750657951513,21.0,0,0.23297604273567174,20.76702395726433,20.5,21.5
2211.0,20.559809338241358,20.764618893968255,8.538770785006863,21.0,0,0.23538110603174545,20.764618893968255,20.5,21.5
2212.0,20.55740513053071,20.762214116003076,8.537790182644667,21.0,0,0.23778588399692424,20.762214116003076,20.5,21.5
2213.0,20.555001207541135,20.759809623165317,8.536808852192518,21.0,0,0.2401903768346827,20.759809623165317,20.5,21.5
2214.0,20.552597569070066,20.757405415251803,8.535826794978997,21.0,0,0.24259458474819695,20.757405415251803,20.5,21.5
2215.0,20.550194214915248,20.755001492059666,8.534844012333664,21.0,0,0.24499850794033406,20.755001492059666,20.5,21.5
2216.0,20.547791144874733,20.75259785338634,8.533860505587066,21.0,0,0.2474021466136591,20.75259785338634,20.5,21.5
2217.0,20.545388358746877,20.750194499029572,8.53287627607073,21.0,0,0.24980550097042808,20.750194499029572,20.5,21.5
2218.0,20.54298585633034,20.747791428787412,8.531891325117158,21.0,0,0.2522085712125879,20.747791428787412,20.5,21.5
2219.0,20.540583637424096,20.745388642458217,8.530905654059831,21.0,0,0.25461135754178343,20.745388642458217,20.5,21.5
2220.0,20.538181701827423,20.742986139840657,8.529919264233206,21.0,0,0.25701386015934347,20.742986139840657,20.5,21.5
2221.0,20.535780049339905,20.74058392073369,8.52893215697271,21.0,0,0.25941607926630894,20.74058392073369,20.5,21.5
2222.0,20.533378679761434,20.7381819849366,8.527944333614743,21.0,0,0.2618180150634011,20.7381819849366,20.5,21.5
2223.0,20.530977592892203,20.73578033224897,8.526955795496677,21.0,0,0.26421966775102845,20.73578033224897,20.5,21.5
2224.0,20.528576788532725,20.7333789624707,8.525966543956848,21.0,0,0.2666210375293012,20.7333789624707,20.5,21.5
2225.0,20.52617626648381,20.730977875401976,8.52497658033456,21.0,0,0.269022124598024,20.730977875401976,20.5,21.5
2226.0,20.523776026546578,20.728577070843308,8.523985905970079,21.0,0,0.2714229291566923,20.728577070843308,20.5,21.5
2227.0,20.521376068522464,20.726176548595515,8.522994522204636,21.0,0,0.2738234514044855,20.726176548595515,20.5,21.5
2228.0,20.5189763922132,20.723776308459712,8.522002430380418,21.0,0,0.27622369154028803,20.723776308459712,20.5,21.5
2229.0,20.516576997420835,20.721376350237335,8.521009631840576,21.0,0,0.2786236497626646,20.721376350237335,20.5,21.5
2230.0,20.514177883947717,20.71897667373012,8.520016127929216,21.0,0,0.2810233262698816,20.71897667373012,20.5,21.5
2231.0,20.511779051596513,20.716577278740104,8.519021919991395,21.0,0,0.2834227212598961,20.716577278740104,20.5,21.5
2232.0,20.50938050017019,20.714178165069647,8.51802700937313,21.0,0,0.28582183493035274,20.714178165069647,20.5,21.5
2233.0,20.506982229472033,20.711779332521417,8.517031397421384,21.0,0,0.28822066747858344,20.711779332521417,20.5,21.5
2234.0,20.504584239305622,20.709380780898375,8.516035085484072,21.0,0,0.29061921910162525,20.709380780898375,20.5,21.5
2235.0,20.50218652947486,20.706982510003805,8.515038074910054,21.0,0,0.2930174899961955,20.706982510003805,20.5,21.5
2236.0,20.499789099783946,20.70458451964129,8.514040367049141,21.0,0,0.29541548035870946,20.70458451964129,20.5,21.5
2237.0,20.4973919500374,20.702186809614734,8.513041963252082,21.0,0,0.2978131903852663,20.702186809614734,20.5,21.5
2238.0,20.49499508004004,20.699789379728337,8.51204286487057,21.0,0,0.30021062027166323,20.699789379728337,20.5,21.5
2239.0,20.492598489597007,20.69739222978661,8.511043073257245,21.0,0,0.30260777021338825,20.69739222978661,20.5,21.5
2240.0,20.49020217851374,20.69499535959439,8.510042589765675,21.0,0,0.3050046404056097,20.69499535959439,20.5,21.5
2241.0,20.48780614659599,20.6925987689568,8.50904141575037,21.0,0,0.30740123104320105,20.6925987689568,20.5,21.5
2242.0,20.485410393649822,20.690202457679284,8.508039552566778,21.0,0,0.309797542320716,20.690202457679284,20.5,21.5
2243.0,20.483014919481604,20.687806425567594,8.507037001571273,21.0,0,0.31219357443240625,20.687806425567594,20.5,21.5
2244.0,20.480619723898023,20.6854106724278,8.506033764121163,21.0,0,0.31458932757220026,20.6854106724278,20.5,21.5
2245.0,20.478224806706066,20.683015198066265,8.50502984157469,21.0,0,0.3169848019337351,20.683015198066265,20.5,21.5
2246.0,20.475830167713042,20.680620002289675,8.504025235291017,21.0,0,0.31937999771032466,20.680620002289675,20.5,21.5
2247.0,20.473435806726556,20.678225084905023,8.503019946630236,21.0,0,0.32177491509497713,20.678225084905023,20.5,21.5
2248.0,20.47104172355454,20.67583044571961,8.50201397695336,21.0,0,0.32416955428039174,20.67583044571961,20.5,21.5
2249.0,20.468647918005217,20.67343608454105,8.501007327622329,21.0,0,0.32656391545895147,20.67343608454105,20.5,21.5
2250.0,20.46625438988714,20.671042001177263,8.5,21.0,0,0.32895799882273735,20.671042001177263,20.5,21.5
2251.0,20.463861139009165,20.66864819543649,8.498991995450147,21.0,0,0.33135180456351065,20.66864819543649,20.5,21.5
2252.0,20.461468165180452,20.66625466712727,8.497983315337464,21.0,0,0.33374533287273067,20.66625466712727,20.5,21.5
2253.0,20.459075468210482,20.663861416058456,8.496973961027555,21.0,0,0.33613858394154406,20.663861416058456,20.5,21.5
2254.0,20.456683047909046,20.66146844203922,8.495963933886943,21.0,0,0.33853155796078127,20.66146844203922,20.5,21.5
2255.0,20.454290904086243,20.65907574487904,8.494953235283054,21.0,0,0.34092425512096014,20.65907574487904,20.5,21.5
2256.0,20.451899036552483,20.6566833243877,8.493941866584231,21.0,0,0.34331667561230006,20.6566833243877,20.5,21.5
2257.0,20.44950744511849,20.654291180375306,8.492929829159719,21.0,0,0.3457088196246936,20.654291180375306,20.5,21.5
2258.0,20.447116129595297,20.65189931265227,8.49191712437967,21.0,0,0.34810068734773125,20.65189931265227,20.5,21.5
2259.0,20.444725089794254,20.64950772102931,8.490903753615141,21.0,0,0.350492278970691,20.64950772102931,20.5,21.5
2260.0,20.442334325527018,20.647116405317465,8.489889718238087,21.0,0,0.3528835946825346,20.647116405317465,20.5,21.5
2261.0,20.43994383660556,20.64472536532808,8.488875019621366,21.0,0,0.3552746346719218,20.64472536532808,20.5,21.5
2262.0,20.437553622842163,20.642334600872815,8.487859659138733,21.0,0,0.3576653991271854,20.642334600872815,20.5,21.5
2263.0,20.43516368404942,20.63994411176364,8.486843638164839,21.0,0,0.36005588823636003,20.63994411176364,20.5,21.5
2264.0,20.432774020040245,20.63755389781284,8.485826958075227,21.0,0,0.36244610218716034,20.63755389781284,20.5,21.5
2265.0,20.430384630627852,20.635163958833008,8.484809620246336,21.0,0,0.364836041166992,20.635163958833008,20.5,21.5
2266.0,20.427995515625774,20.632774294637052,8.483791626055496,21.0,0,0.36722570536294796,20.632774294637052,20.5,21.5
2267.0,20.42560667484786,20.63038490503819,8.482772976880922,21.0,0,0.36961509496180867,20.63038490503819,20.5,21.5
2268.0,20.423218108108266,20.627995789849958,8.481753674101716,21.0,0,0.3720042101500418,20.627995789849958,20.5,21.5
2269.0,20.420829815221463,20.6256069488862,8.480733719097866,21.0,0,0.37439305111379895,20.6256069488862,20.5,21.5
2270.0,20.418441796002238,20.623218381961077,8.479713113250247,21.0,0,0.3767816180389225,20.623218381961077,20.5,21.5
2271.0,20.41605405026569,20.62083008888906,8.478691857940607,21.0,0,0.3791699111109388,20.62083008888906,20.5,21.5
2272.0,20.413666577827225,20.618442069484935,8.47766995455158,21.0,0,0.3815579305150649,20.618442069484935,20.5,21.5
2273.0,20.41127937850257,20.616054323563795,8.476647404466675,21.0,0,0.3839456764362055,20.616054323563795,20.5,21.5
2274.0,20.408892452107764,20.61366685094106,8.475624209070276,21.0,0,0.38633314905894167,20.61366685094106,20.5,21.5
2275.0,20.406505798459158,20.611279651432444,8.474600369747641,21.0,0,0.38872034856755633,20.611279651432444,20.5,21.5
2276.0,20.404119417373416,20.608892724853987,8.4735758878849,21.0,0,0.3911072751460125,20.608892724853987,20.5,21.5
2277.0,20.401733308667517,20.606506071022046,8.472550764869053,21.0,0,0.39349392897795354,20.606506071022046,20.5,21.5
2278.0,20.399347472158755,20.604119689753283,8.47152500208797,21.0,0,0.3958803102467172,20.604119689753283,20.5,21.5
2279.0,20.396961907664743,20.601733580864675,8.470498600930384,21.0,0,0.3982664191353251,20.601733580864675,20.5,21.5
2280.0,20.394576615003395,20.59934774417352,8.469471562785891,21.0,0,0.4006522558264791,20.59934774417352,20.5,21.5
2281.0,20.39219159399295,20.59696217949743,8.468443889044954,21.0,0,0.4030378205025684,20.59696217949743,20.5,21.5
2282.0,20.38980684445196,20.594576886654316,8.467415581098894,21.0,0,0.4054231133456838,20.594576886654316,20.5,21.5
2283.0,20.38742236619929,20.592191865462425,8.466386640339891,21.0,0,0.40780813453757503,20.592191865462425,20.5,21.5
2284.0,20.385038159054115,20.589807115740303,8.465357068160982,21.0,0,0.4101928842596969,20.589807115740303,20.5,21.5
2285.0,20.382654222835935,20.587422637306812,8.464326865956057,21.0,0,0.4125773626931881,20.587422637306812,20.5,21.5
2286.0,20.380270557364558,20.585038429981132,8.463296035119862,21.0,0,0.4149615700188676,20.585038429981132,20.5,21.5
2287.0,20.37788716246011,20.582654493582762,8.462264577047991,21.0,0,0.417345506417238,20.582654493582762,20.5,21.5
2288.0,20.375504037943028,20.580270827931507,8.46123249313689,21.0,0,0.41972917206849303,20.580270827931507,20.5,21.5
2289.0,20.373121183634066,20.5778874328475,8.460199784783851,21.0,0,0.42211256715249945,20.5778874328475,20.5,21.5
2290.0,20.370738599354297,20.575504308151174,8.459166453387011,21.0,0,0.42449569184882563,20.575504308151174,20.5,21.5
2291.0,20.368356284925103,20.573121453663283,8.458132500345352,21.0,0,0.4268785463367166,20.573121453663283,20.5,21.5
2292.0,20.365974240168185,20.5707388692049,8.457097927058694,21.0,0,0.4292611307951013,20.5707388692049,20.5,21.5
2293.0,20.36359246490556,20.568356554597404,8.456062734927702,21.0,0,0.4316434454025959,20.568356554597404,20.5,21.5
2294.0,20.361210958959568,20.565974509662503,8.455026925353874,21.0,0,0.43402549033749693,20.565974509662503,20.5,21.5
2295.0,20.358829722152848,20.563592734222215,8.453990499739547,21.0,0,0.43640726577778466,20.563592734222215,20.5,21.5
2296.0,20.356448754308364,20.561211228098866,8.45295345948789,21.0,0,0.43878877190113386,20.561211228098866,20.5,21.5
2297.0,20.3540680552494,20.55882999111511,8.451915806002908,21.0,0,0.4411700088848889,20.55882999111511,20.5,21.5
2298.0,20.35168762479955,20.55644902309391,8.450877540689431,21.0,0,0.4435509769060886,20.55644902309391,20.5,21.5
2299.0,20.349307462782726,20.55406832385854,8.44983866495312,21.0,0,0.4459316761414591,20.55406832385854,20.5,21.5
2300.0,20.34692756902316,20.551687893232604,8.448799180200462,21.0,0,0.4483121067673963,20.551687893232604,20.5,21.5
2301.0,20.344547943345393,20.54930773104001,8.44775908783877,21.0,0,0.45069226895999037,20.54930773104001,20.5,21.5
2302.0,20.342168585574292,20.546927837104985,8.446718389276176,21.0,0,0.4530721628950154,20.546927837104985,20.5,21.5
2303.0,20.339789495535033,20.544548211252085,8.445677085921638,21.0,0,0.45545178874791503,20.544548211252085,20.5,21.5
2304.0,20.33741067305311,20.54216885330616,8.444635179184928,21.0,0,0.4578311466938416,20.54216885330616,20.5,21.5
2305.0,20.335032117954338,20.539789763092397,8.443592670476635,21.0,0,0.4602102369076029,20.539789763092397,20.5,21.5
2306.0,20.332653830064842,20.53741094043629,8.44254956120817,21.0,0,0.46258905956371166,20.53741094043629,20.5,21.5
2307.0,20.33027580921107,20.535032385163642,8.441505852791746,21.0,0,0.4649676148363575,20.535032385163642,20.5,21.5
2308.0,20.327898055219787,20.532654097100593,8.440461546640394,21.0,0,0.4673459028994067,20.532654097100593,20.5,21.5
2309.0,20.325520567918073,20.530276076073584,8.439416644167958,21.0,0,0.4697239239264164,20.530276076073584,20.5,21.5
2310.0,20.32314334713332,20.527898321909383,8.438371146789077,21.0,0,0.47210167809061687,20.527898321909383,20.5,21.5
2311.0,20.32076639269325,20.525520834435063,8.437325055919208,21.0,0,0.4744791655649365,20.525520834435063,20.5,21.5
2312.0,20.318389704425897,20.523143613478034,8.436278372974607,21.0,0,0.47685638652196616,20.523143613478034,20.5,21.5
2313.0,20.316013282159606,20.520766658865995,8.435231099372327,21.0,0,0.4792333411340053,20.520766658865995,20.5,21.5
2314.0,20.313637125723048,20.518389970426988,8.434183236530227,21.0,0,0.48161002957301235,20.518389970426988,20.5,21.5
2315.0,20.31126123494521,20.516013547989367,8.433134785866963,21.0,0,0.4839864520106332,20.516013547989367,20.5,21.5
2316.0,20.308885609655395,20.513637391381796,8.432085748801983,21.0,0,0.48636260861820446,20.513637391381796,20.5,21.5
2317.0,20.306510249683225,20.511261500433257,8.431036126755531,21.0,0,0.4887384995667432,20.511261500433257,20.5,21.5
2318.0,20.30413515485864,20.508885874973068,8.429985921148642,21.0,0,0.4911141250269324,20.508885874973068,20.5,21.5
2319.0,20.301760325011898,20.506510514830836,8.428935133403145,21.0,0,0.4934894851691638,20.506510514830836,20.5,21.5
2320.0,20.299385759973575,20.50413541983651,8.427883764941654,21.0,0,0.49586458016349155,20.50413541983651,20.5,21.5
2321.0,20.29701145957457,20.501760589820343,8.426831817187567,21.0,0,0.4982394101796572,20.501760589820343,20.5,21.5
2322.0,20.294637423646094,20.49938602461292,8.425779291565073,21.0,1,0.5006139753870791,20.49938602461292,20.5,21.5
2323.0,20.297263652019677,20.49801172404513,8.424726189499134,21.0,1,0.5019882759548686,20.49801172404513,20.5,21.5
2324.0,20.29988914452717,20.497637487948186,8.423672512415502,21.0,1,0.502362512051814,20.497637487948186,20.5,21.5
2325.0,20.302513901200747,20.49826311619362,8.4226182617407,21.0,1,0.5017368838063803,20.49826311619362,20.5,21.5
2326.0,20.305137922072856,20.499888408693277,8.42156343890203,21.0,1,0.5001115913067231,20.499888408693277,20.5,21.5
2327.0,20.30776120717622,20.5025131653993,8.420508045327574,21.0,1,0.4974868346007,20.5025131653993,20.5,21.5
2328.0,20.31038375654385,20.505137186304136,8.419452082446178,21.0,1,0.49486281369586393,20.505137186304136,20.5,21.5
2329.0,20.31300557020903,20.50776047144051,8.418395551687462,21.0,1,0.49223952855949094,20.50776047144051,20.5,21.5
2330.0,20.315626648205324,20.510383020841424,8.417338454481818,21.0,1,0.48961697915857627,20.510383020841424,20.5,21.5
2331.0,20.31824699056658,20.51300483454017,8.416280792260402,21.0,1,0.486995165459831,20.51300483454017,20.5,21.5
2332.0,20.320866597326916,20.515625912570307,8.415222566455133,21.0,1,0.4843740874296927,20.515625912570307,20.5,21.5
2333.0,20.32348546852074,20.51824625496569,8.414163778498699,21.0,1,0.481753745034311,20.51824625496569,20.5,21.5
2334.0,20.326103604182737,20.52086586176043,8.413104429824543,21.0,1,0.4791341382395693,20.52086586176043,20.5,21.5
2335.0,20.328721004347866,20.52348473298894,8.412044521866868,21.0,1,0.4765152670110595,20.52348473298894,20.5,21.5
2336.0,20.33133766905137,20.526102868685896,8.41098405606064,21.0,1,0.4738971313141036,20.526102868685896,20.5,21.5
2337.0,20.33395359832877,20.528720268886268,8.409923033841572,21.0,1,0.4712797311137322,20.528720268886268,20.5,21.5
2338.0,20.33656879221587,20.531336933625294,8.408861456646138,21.0,1,0.468663066374706,20.531336933625294,20.5,21.5
2339.0,20.339183250748757,20.5339528629385,8.407799325911556,21.0,1,0.46604713706150136,20.5339528629385,20.5,21.5
2340.0,20.34179697396379,20.536568056861682,8.4067366430758,21.0,1,0.4634319431383176,20.536568056861682,20.5,21.5
2341.0,20.34440996189761,20.53918251543093,8.405673409577588,21.0,1,0.4608174845690698,20.53918251543093,20.5,21.5
2342.0,20.347022214587145,20.541796238682608,8.40460962685638,21.0,1,0.4582037613173924,20.541796238682608,20.5,21.5
2343.0,20.3496337320696,20.54440922665335,8.403545296352391,21.0,1,0.45559077334664977,20.54440922665335,20.5,21.5
2344.0,20.352244514382456,20.54702147938009,8.402480419506563,21.0,1,0.4529785206199115,20.54702147938009,20.5,21.5
2345.0,20.35485456156348,20.549632996900026,8.40141499776059,21.0,1,0.4503670030999736,20.549632996900026,20.5,21.5
2346.0,20.357463873650723,20.55224377925065,8.400349032556894,21.0,1,0.4477562207493513,20.55224377925065,20.5,21.5
2347.0,20.360072450682505,20.554853826469717,8.399282525338643,21.0,1,0.44514617353028285,20.554853826469717,20.5,21.5
2348.0,20.362680292697437,20.55746313859529,8.398215477549728,21.0,1,0.4425368614047116,20.55746313859529,20.5,21.5
2349.0,20.365287399734406,20.56007171566568,8.39714789063478,21.0,1,0.4399282843343215,20.56007171566568,20.5,21.5
2350.0,20.367893771832588,20.5626795577195,8.396079766039158,21.0,1,0.4373204422805017,20.5626795577195,20.5,21.5
2351.0,20.370499409031428,20.56528666479564,8.395011105208944,21.0,1,0.4347133352043606,20.56528666479564,20.5,21.5
2352.0,20.373104311370664,20.56789303693327,8.393941909590952,21.0,1,0.4321069630667296,20.56789303693327,20.5,21.5
2353.0,20.375708478890306,20.570498674171844,8.392872180632716,21.0,1,0.4295013258281557,20.570498674171844,20.5,21.5
2354.0,20.378311911630654,20.573103576551095,8.391801919782498,21.0,1,0.42689642344890544,20.573103576551095,20.5,21.5
2355.0,20.380914609632285,20.575707744111035,8.390731128489273,21.0,1,0.4242922558889646,20.575707744111035,20.5,21.5
2356.0,20.383516572936056,20.57831117689196,8.389659808202738,21.0,1,0.42168882310803824,20.57831117689196,20.5,21.5
2357.0,20.386117801583108,20.580913874934453,8.388587960373307,21.0,1,0.4190861250655473,20.580913874934453,20.5,21.5
2358.0,20.388718295614865,20.583515838279364,8.387515586452103,21.0,1,0.4164841617206356,20.583515838279364,20.5,21.5
2359.0,20.391318055073032,20.58611706696784,8.386442687890968,21.0,1,0.4138829330321592,20.58611706696784,20.5,21.5
2360.0,20.393917079999596,20.588717561041303,8.385369266142447,21.0,1,0.41128243895869687,20.588717561041303,20.5,21.5
2361.0,20.396515370436823,20.591317320541457,8.384295322659804,21.0,1,0.4086826794585434,20.591317320541457,20.5,21.5
2362.0,20.399112926427268,20.59391634551029,8.383220858896998,21.0,1,0.4060836544897093,20.59391634551029,20.5,21.5
2363.0,20.40170974801376,20.59651463599007,8.382145876308698,21.0,1,0.4034853640099314,20.59651463599007,20.5,21.5
2364.0,20.40430583523942,20.599112192023348,8.381070376350275,21.0,1,0.4008878079766518,20.599112192023348,20.5,21.5
2365.0,20.406901188147643,20.601709013652957,8.379994360477799,21.0,1,0.3982909863470425,20.601709013652957,20.5,21.5
2366.0,20.409495806782108,20.604305100922012,8.37891783014804,21.0,1,0.3956948990779878,20.604305100922012,20.5,21.5
2367.0,20.412089691186782,20.606900453873916,8.377840786818467,21.0,1,0.3930995461260842,20.606900453873916,20.5,21.5
2368.0,20.41468284140591,20.609495072552345,8.376763231947237,21.0,1,0.39050492744765464,20.609495072552345,20.5,21.5
2369.0,20.417275257484018,20.612088957001266,8.375685166993204,21.0,1,0.38791104299873425,20.612088957001266,20.5,21.5
2370.0,20.41986693946592,20.61468210726492,8.374606593415912,21.0,1,0.3853178927350811,20.61468210726492,20.5,21.5
2371.0,20.42245788739671,20.61727452338784,8.373527512675594,21.0,1,0.3827254766121584,20.61727452338784,20.5,21.5
2372.0,20.425048101321767,20.619866205414837,8.372447926233166,21.0,1,0.38013379458516283,20.619866205414837,20.5,21.5
2373.0,20.42763758128675,20.622457153391004,8.371367835550235,21.0,1,0.3775428466089963,20.622457153391004,20.5,21.5
2374.0,20.430226327337603,20.625047367361724,8.370287242089086,21.0,1,0.3749526326382764,20.625047367361724,20.5,21.5
2375.0,20.432814339520554,20.62763684737265,8.369206147312685,21.0,1,0.37236315262735076,20.62763684737265,20.5,21.5
2376.0,20.435401617882114,20.63022559346973,8.368124552684678,21.0,1,0.3697744065302686,20.63022559346973,20.5,21.5
2377.0,20.437988162469075,20.63281360569919,8.367042459669388,21.0,1,0.3671863943008091,20.63281360569919,20.5,21.5
2378.0,20.440573973328515,20.635400884107547,8.365959869731812,21.0,1,0.3645991158924531,20.635400884107547,20.5,21.5
2379.0,20.443159050507795,20.63798742874158,8.36487678433762,21.0,1,0.36201257125841835,20.63798742874158,20.5,21.5
2380.0,20.44574339405456,20.640573239648383,8.36379320495315,21.0,1,0.35942676035161725,20.640573239648383,20.5,21.5
2381.0,20.44832700401674,20.643158316875308,8.362709133045417,21.0,1,0.3568416831246921,20.643158316875308,20.5,21.5
2382.0,20.450909880442545,20.645742660470003,8.361624570082093,21.0,1,0.3542573395299975,20.645742660470003,20.5,21.5
2383.0,20.453492023380473,20.648326270480396,8.36053951753152,21.0,1,0.35167372951960374,20.648326270480396,20.5,21.5
2384.0,20.456073432879304,20.6509091469547,8.3594539768627,21.0,1,0.3490908530453005,20.6509091469547,20.5,21.5
2385.0,20.4586541089881,20.653491289941407,8.3583679495453,21.0,1,0.3465087100585933,20.653491289941407,20.5,21.5
2386.0,20.46123405175621,20.656072699489304,8.357281437049645,21.0,1,0.3439273005106962,20.656072699489304,20.5,21.5
2387.0,20.46381326123327,20.65865337564745,8.35619444084671,21.0,1,0.3413466243525498,20.65865337564745,20.5,21.5
2388.0,20.46639173746919,20.661233318465197,8.355106962408136,21.0,1,0.3387666815348034,20.661233318465197,20.5,21.5
2389.0,20.46896948051418,20.66381252799217,8.35401900320621,21.0,1,0.33618747200782906,20.66381252799217,20.5,21.5
2390.0,20.471546490418717,20.666391004278296,8.35293056471387,21.0,1,0.3336089957217041,20.666391004278296,20.5,21.5
2391.0,20.474122767233577,20.668968747373768,8.351841648404701,21.0,1,0.33103125262623223,20.668968747373768,20.5,21.5
2392.0,20.476698311009812,20.671545757329078,8.350752255752944,21.0,1,0.32845424267092227,20.671545757329078,20.5,21.5
2393.0,20.479273121798762,20.674122034194987,8.349662388233474,21.0,1,0.32587796580501305,20.674122034194987,20.5,21.5
2394.0,20.481847199652048,20.676697578022562,8.348572047321815,21.0,1,0.32330242197743786,20.676697578022562,20.5,21.5
2395.0,20.48442054462158,20.679272388863133,8.347481234494131,21.0,1,0.3207276111368671,20.679272388863133,20.5,21.5
2396.0,20.486993156759556,20.68184646676833,8.346389951227225,21.0,1,0.31815353323166917,20.68184646676833,20.5,21.5
2397.0,20.48956503611845,20.684419811790058,8.345298198998535,21.0,1,0.3155801882099425,20.684419811790058,20.5,21.5
2398.0,20.492136182751025,20.686992423980513,8.344205979286135,21.0,1,0.31300757601948703,20.686992423980513,20.5,21.5
2399.0,20.494706596710333,20.68956430339217,8.343113293568734,21.0,1,0.3104356966078292,20.68956430339217,20.5,21.5
2400.0,20.497276278049704,20.692135450077796,8.34202014332567,21.0,1,0.30786454992220413,20.692135450077796,20.5,21.5
2401.0,20.49984522682276,20.694705864090437,8.340926530036906,21.0,1,0.30529413590956267,20.694705864090437,20.5,21.5
2402.0,20.5024134430834,20.69727554548343,8.339832455183041,21.0,1,0.3027244545165715,20.69727554548343,20.5,21.5
2403.0,20.50498092688582,20.699844494310387,8.338737920245292,21.0,1,0.300155505689613,20.699844494310387,20.5,21.5
2404.0,20.507547678284492,20.702412710625218,8.337642926705499,21.0,1,0.29758728937478196,20.702412710625218,20.5,21.5
2405.0,20.510113697334177,20.70498019448211,8.336547476046126,21.0,1,0.29501980551788876,20.70498019448211,20.5,21.5
2406.0,20.51267898408992,20.707546945935544,8.335451569750255,21.0,1,0.2924530540644561,20.707546945935544,20.5,21.5
2407.0,20.515243538607052,20.710112965040274,8.334355209301583,21.0,1,0.289887034959726,20.710112965040274,20.5,21.5
2408.0,20.51780736094119,20.71267825185135,8.333258396184425,21.0,1,0.2873217481486492,20.71267825185135,20.5,21.5
2409.0,20.52037045114824,20.7152428064241,8.332161131883703,21.0,1,0.28475719357589924,20.7152428064241,20.5,21.5
2410.0,20.522932809284384,20.71780662881414,8.331063417884959,21.0,1,0.2821933711858584,20.71780662881414,20.5,21.5
2411.0,20.525494435406106,20.72036971907738,8.329965255674335,21.0,1,0.2796302809226212,20.72036971907738,20.5,21.5
2412.0,20.528055329570158,20.72293207727,8.328866646738584,21.0,1,0.27706792273000147,20.72293207727,20.5,21.5
2413.0,20.53061549183359,20.72549370344848,8.327767592565063,21.0,1,0.2745062965515217,20.72549370344848,20.5,21.5
2414.0,20.533174922253735,20.728054597669576,8.326668094641734,21.0,1,0.27194540233042375,20.728054597669576,20.5,21.5
2415.0,20.535733620888212,20.730614759990342,8.325568154457157,21.0,1,0.26938524000965813,20.730614759990342,20.5,21.5
2416.0,20.538291587794927,20.73317419046811,8.32446777350049,21.0,1,0.26682580953189117,20.73317419046811,20.5,21.5
2417.0,20.540848823032068,20.73573288916049,8.323366953261491,21.0,1,0.2642671108395085,20.73573288916049,20.5,21.5
2418.0,20.543405326658114,20.738290856125396,8.322265695230511,21.0,1,0.2617091438746044,20.738290856125396,20.5,21.5
2419.0,20.54596109873183,20.74084809142101,8.321164000898493,21.0,1,0.25915190857898907,20.74084809142101,20.5,21.5
2420.0,20.548516139312262,20.743404595105822,8.320061871756971,21.0,1,0.25659540489417765,20.743404595105822,20.5,21.5
2421.0,20.551070448458752,20.745960367238588,8.318959309298071,21.0,1,0.25403963276141184,20.745960367238588,20.5,21.5
2422.0,20.55362402623092,20.748515407878358,8.317856315014497,21.0,1,0.251484592121642,20.748515407878358,20.5,21.5
2423.0,20.556176872688678,20.75106971708447,8.31675289039955,21.0,1,0.24893028291553065,20.75106971708447,20.5,21.5
2424.0,20.55872898789222,20.75362329491655,8.315649036947102,21.0,1,0.2463767050834491,20.75362329491655,20.5,21.5
2425.0,20.56128037190203,20.756176141434505,8.314544756151614,21.0,1,0.24382385856549504,20.756176141434505,20.5,21.5
2426.0,20.563831024778878,20.758728256698532,8.31344004950812,21.0,1,0.24127174330146772,20.758728256698532,20.5,21.5
2427.0,20.566380946583823,20.76127964076911,8.312334918512233,21.0,1,0.2387203592308893,20.76127964076911,20.5,21.5
2428.0,20.56893013737821,20.76383029370702,8.31122936466014,21.0,1,0.23616970629297995,20.76383029370702,20.5,21.5
2429.0,20.571478597223667,20.76638021557331,8.310123389448602,21.0,1,0.23361978442668985,20.76638021557331,20.5,21.5
2430.0,20.57402632618211,20.768929406429326,8.309016994374948,21.0,1,0.23107059357067428,20.768929406429326,20.5,21.5
2431.0,20.57657332431575,20.7714778663367,8.307910180937077,21.0,1,0.22852213366330076,20.7714778663367,20.5,21.5
2432.0,20.579119591687075,20.77402559535735,8.306802950633452,21.0,1,0.22597440464264906,20.77402559535735,20.5,21.5
2433.0,20.581665128358864,20.77657259355348,8.305695304963105,21.0,1,0.22342740644651826,20.77657259355348,20.5,21.5
2434.0,20.584209934394185,20.779118860987587,8.304587245425628,21.0,1,0.22088113901241258,20.779118860987587,20.5,21.5
2435.0,20.586754009856392,20.781664397722444,8.30347877352117,21.0,1,0.21833560227755555,20.781664397722444,20.5,21.5
2436.0,20.589297354809126,20.784209203821117,8.302369890750445,21.0,1,0.21579079617888297,20.784209203821117,20.5,21.5
2437.0,20.591839969316315,20.786753279346964,8.301260598614716,21.0,1,0.21324672065303574,20.786753279346964,20.5,21.5
2438.0,20.594381853442176,20.789296624363626,8.300150898615806,21.0,1,0.2107033756363741,20.789296624363626,20.5,21.5
2439.0,20.59692300725121,20.791839238935033,8.299040792256086,21.0,1,0.20816076106496695,20.791839238935033,20.5,21.5
2440.0,20.59946343080821,20.794381123125397,8.297930281038482,21.0,1,0.20561887687460256,20.794381123125397,20.5,21.5
2441.0,20.602003124178257,20.796922276999222,8.296819366466464,21.0,1,0.20307772300077787,20.796922276999222,20.5,21.5
2442.0,20.604542087426715,20.7994627006213,8.295708050044047,21.0,1,0.20053729937869846,20.7994627006213,20.5,21.5
2443.0,20.60708032061924,20.802002394056714,8.294596333275795,21.0,1,0.19799760594328575,20.802002394056714,20.5,21.5
2444.0,20.60961782382177,20.804541357370827,8.29348421766681,21.0,1,0.19545864262917334,20.804541357370827,20.5,21.5
2445.0,20.61215459710054,20.807079590629293,8.292371704722736,21.0,1,0.1929204093707071,20.807079590629293,20.5,21.5
2446.0,20.614690640522067,20.80961709389805,8.291258795949755,21.0,1,0.19038290610194863,20.80961709389805,20.5,21.5
2447.0,20.617225954153152,20.812153867243342,8.290145492854583,21.0,1,0.18784613275665762,20.812153867243342,20.5,21.5
2448.0,20.61976053806089,20.814689910731673,8.289031796944471,21.0,1,0.18531008926832726,20.814689910731673,20.5,21.5
2449.0,20.622294392312668,20.817225224429855,8.287917709727203,21.0,1,0.1827747755701452,20.817225224429855,20.5,21.5
2450.0,20.62482751697615,20.819759808404974,8.28680323271109,21.0,1,0.18024019159502558,20.819759808404974,20.5,21.5
2451.0,20.627359912119296,20.822293662724416,8.285688367404973,21.0,1,0.17770633727558405,20.822293662724416,20.5,21.5
2452.0,20.62989157781035,20.824826787455855,8.284573115318219,21.0,1,0.17517321254414497,20.824826787455855,20.5,21.5
2453.0,20.632422514117852,20.827359182667248,8.283457477960717,21.0,1,0.17264081733275205,20.827359182667248,20.5,21.5
2454.0,20.634952721110622,20.82989084842684,8.282341456842877,21.0,1,0.1701091515731612,20.82989084842684,20.5,21.5
2455.0,20.637482198857768,20.832421784803167,8.28122505347563,21.0,1,0.16757821519683347,20.832421784803167,20.5,21.5
2456.0,20.640010947428692,20.834951991865047,8.280108269370427,21.0,1,0.1650480081349528,20.834951991865047,20.5,21.5
2457.0,20.64253896689308,20.83748146968159,8.278991106039228,21.0,1,0.16251853031840824,20.83748146968159,20.5,21.5
2458.0,20.64506625732091,20.840010218322202,8.277873564994515,21.0,1,0.15998978167779754,20.840010218322202,20.5,21.5
2459.0,20.647592818782446,20.842538237856566,8.276755647749273,21.0,1,0.15746176214343421,20.842538237856566,20.5,21.5
2460.0,20.65011865134824,20.84506552835466,8.275637355816999,21.0,1,0.15493447164534047,20.84506552835466,20.5,21.5
2461.0,20.652643755089134,20.84759208988675,8.274518690711702,21.0,1,0.15240791011325072,20.84759208988675,20.5,21.5
2462.0,20.65516813007626,20.850117922523385,8.27339965394789,21.0,1,0.1498820774766152,20.850117922523385,20.5,21.5
2463.0,20.657691776381032,20.852643026335407,8.272280247040575,21.0,1,0.14735697366459277,20.852643026335407,20.5,21.5
2464.0,20.660214694075165,20.855167401393953,8.271160471505274,21.0,1,0.14483259860604747,20.855167401393953,20.5,21.5
2465.0,20.66273688323065,20.857691047770437,8.270040328858,21.0,1,0.14230895222956264,20.857691047770437,20.5,21.5
2466.0,20.665258343919774,20.860213965536566,8.268919820615265,21.0,1,0.13978603446343385,20.860213965536566,20.5,21.5
2467.0,20.667779076215112,20.862736154764338,8.267798948294075,21.0,1,0.13726384523566182,20.862736154764338,20.5,21.5
2468.0,20.670299080189526,20.865257615526037,8.266677713411926,21.0,1,0.13474238447396303,20.865257615526037,20.5,21.5
2469.0,20.67281835591617,20.867778347894237,8.26555611748681,21.0,1,0.13222165210576264,20.867778347894237,20.5,21.5
2470.0,20.675336903468484,20.870298351941802,8.264434162037203,21.0,1,0.12970164805819806,20.870298351941802,20.5,21.5
2471.0,20.6778547229202,20.872817627741888,8.26331184858207,21.0,1,0.1271823722581118,20.872817627741888,20.5,21.5
2472.0,20.68037181434533,20.875336175367927,8.262189178640865,21.0,1,0.12466382463207282,20.875336175367927,20.5,21.5
2473.0,20.682888177818192,20.877853994893663,8.261066153733516,21.0,1,0.12214600510633744,20.877853994893663,20.5,21.5
2474.0,20.685403813413377,20.880371086393104,8.259942775380438,21.0,1,0.11962891360689554,20.880371086393104,20.5,21.5
2475.0,20.68791872120577,20.88288744994056,8.258819045102522,21.0,1,0.11711255005943855,20.88288744994056,20.5,21.5
2476.0,20.690432901270547,20.88540308561063,8.257694964421134,21.0,1,0.11459691438937014,20.88540308561063,20.5,21.5
2477.0,20.692946353683176,20.887917993478197,8.256570534858119,21.0,1,0.11208200652180267,20.887917993478197,20.5,21.5
2478.0,20.695459078519413,20.890432173618443,8.25544575793579,21.0,1,0.10956782638155715,20.890432173618443,20.5,21.5
2479.0,20.697971075855296,20.892945626106826,8.254320635176933,21.0,1,0.10705437389317396,20.892945626106826,20.5,21.5
2480.0,20.70048234576716,20.895458351019105,8.253195168104803,21.0,1,0.10454164898089502,20.895458351019105,20.5,21.5
2481.0,20.70299288833163,20.897970348431322,8.252069358243114,21.0,1,0.10202965156867805,20.897970348431322,20.5,21.5
2482.0,20.705502703625612,20.90048161841981,8.250943207116054,21.0,1,0.09951838158018944,20.90048161841981,20.5,21.5
2483.0,20.70801179172631,20.90299216106119,8.249816716248265,21.0,1,0.09700783893881137,20.90299216106119,20.5,21.5
2484.0,20.710520152711215,20.905501976432372,8.248689887164854,21.0,1,0.0944980235676276,20.905501976432372,20.5,21.5
2485.0,20.713027786658106,20.908011064610562,8.247562721391386,21.0,1,0.09198893538943764,20.908011064610562,20.5,21.5
2486.0,20.715534693645054,20.91051942567325,8.246435220453877,21.0,1,0.08948057432674972,20.91051942567325,20.5,21.5
2487.0,20.718040873750414,20.91302705969821,8.245307385878803,21.0,1,0.08697294030179137,20.91302705969821,20.5,21.5
2488.0,20.72054632705284,20.915533966763515,8.244179219193086,21.0,1,0.0844660332364846,20.915533966763515,20.5,21.5
2489.0,20.72305105363127,20.918040146947526,8.2430507219241,21.0,1,0.08195985305247433,20.918040146947526,20.5,21.5
2490.0,20.72555505356493,20.92054560032889,8.241921895599667,21.0,1,0.07945439967111056,20.92054560032889,20.5,21.5
2491.0,20.728058326933336,20.923050326986548,8.240792741748056,21.0,1,0.07694967301345201,20.923050326986548,20.5,21.5
2492.0,20.730560873816298,20.925554326999723,8.239663261897977,21.0,1,0.07444567300027671,20.925554326999723,20.5,21.5
2493.0,20.733062694293913,20.928057600447936,8.238533457578582,21.0,1,0.07194239955206427,20.928057600447936,20.5,21.5
2494.0,20.73556378844657,20.930560147410997,8.23740333031946,21.0,1,0.06943985258900298,20.930560147410997,20.5,21.5
2495.0,20.738064156354945,20.933061967969003,8.236272881650642,21.0,1,0.06693803203099691,20.933061967969003,20.5,21.5
2496.0,20.740563798100005,20.935563062202334,8.23514211310259,21.0,1,0.0644369377976659,20.935563062202334,20.5,21.5
2497.0,20.743062713763006,20.938063430191676,8.234011026206202,21.0,1,0.06193656980832429,20.938063430191676,20.5,21.5
2498.0,20.745560903425496,20.940563072017994,8.232879622492806,21.0,1,0.05943692798200573,20.940563072017994,20.5,21.5
2499.0,20.74805836716931,20.94306198776254,8.231747903494158,21.0,1,0.056938012237459645,20.94306198776254,20.5,21.5
2500.0,20.750555105076575,20.94556017750687,8.23061587074244,21.0,1,0.05443982249312995,20.94556017750687,20.5,21.5
2501.0,20.75305111722971,20.94805764133281,8.229483525770263,21.0,1,0.05194235866719055,20.94805764133281,20.5,21.5
2502.0,20.755546403711417,20.950554379322494,8.228350870110656,21.0,1,0.04944562067750624,20.950554379322494,20.5,21.5
2503.0,20.758040964604696,20.95305039155833,8.22721790529707,21.0,1,0.04694960844166829,20.95305039155833,20.5,21.5
2504.0,20.760534799992833,20.955545678123038,8.226084632863378,21.0,1,0.04445432187696241,20.955545678123038,20.5,21.5
2505.0,20.76302790995941,20.958040239099603,8.224951054343865,21.0,1,0.041959760900397214,20.958040239099603,20.5,21.5
2506.0,20.765520294588285,20.96053407457132,8.22381717127323,21.0,1,0.03946592542867933,20.96053407457132,20.5,21.5
2507.0,20.768011953963622,20.96302718462176,8.22268298518659,21.0,1,0.036972815378238266,20.96302718462176,20.5,21.5
2508.0,20.770502888169865,20.965519569334795,8.221548497619468,21.0,1,0.03448043066520512,20.965519569334795,20.5,21.5
2509.0,20.772993097291756,20.968011228794584,8.220413710107792,21.0,1,0.0319887712054161,20.968011228794584,20.5,21.5
2510.0,20.77548258141432,20.970502163085563,8.219278624187904,21.0,1,0.029497836914437414,20.970502163085563,20.5,21.5
2511.0,20.777971340622873,20.97299237229248,8.218143241396543,21.0,1,0.027007627707519077,20.97299237229248,20.5,21.5
2512.0,20.780459375003026,20.97548185650036,8.217007563270855,21.0,1,0.0245181434996411,20.97548185650036,20.5,21.5
2513.0,20.78294668464068,20.977970615794526,8.21587159134838,21.0,1,0.0220293842054744,20.977970615794526,20.5,21.5
2514.0,20.785433269622022,20.98045865026058,8.214735327167062,21.0,1,0.0195413497394199,20.98045865026058,20.5,21.5
2515.0,20.78791913003353,20.98294595998442,8.21359877226524,21.0,1,0.017054040015580085,20.98294595998442,20.5,21.5
2516.0,20.790404265961975,20.98543254505224,8.212461928181641,21.0,1,0.014567454947759018,20.98543254505224,20.5,21.5
2517.0,20.792888677494417,20.98791840555052,8.211324796455388,21.0,1,0.012081594449480093,20.98791840555052,20.5,21.5
2518.0,20.795372364718208,20.990403541566025,8.210187378625994,21.0,1,0.009596458433975386,20.990403541566025,20.5,21.5
2519.0,20.79785532772099,20.992887953185818,8.209049676233356,21.0,1,0.007112046814182094,20.992887953185818,20.5,21.5
2520.0,20.80033756659069,20.995371640497247,8.20791169081776,21.0,1,0.004628359502753199,20.995371640497247,20.5,21.5
2521.0,20.80281908141554,20.99785460358796,8.206773423919872,21.0,1,0.0021453964120397018,20.99785460358796,20.5,21.5
2522.0,20.80529987228404,21.000336842545885,8.205634877080739,21.0,1,-0.0003368425458845081,21.000336842545885,20.5,21.5
2523.0,20.807779939285,21.002818357459244,8.20449605184179,21.0,1,-0.0028183574592439697,21.002818357459244,20.5,21.5
2524.0,20.81025928250751,21.005299148416547,8.20335694974483,21.0,1,-0.005299148416547439,21.005299148416547,20.5,21.5
2525.0,20.812737902040958,21.007779215506602,8.202217572332039,21.0,1,-0.0077792155066021,21.007779215506602,20.5,21.5
2526.0,20.815215797975014,21.0102585588185,8.201077921145965,21.0,1,-0.010258558818499353,21.0102585588185,20.5,21.5
2527.0,20.817692970399648,21.01273717844162,8.199937997729533,21.0,1,-0.012737178441618369,21.01273717844162,20.5,21.5
2528.0,20.820169419405115,21.01521507446564,8.198797803626034,21.0,1,-0.0152150744656403,21.01521507446564,20.5,21.5
2529.0,20.82264514508196,21.01769224698053,8.197657340379127,21.0,1,-0.017692246980530513,21.01769224698053,20.5,21.5
2530.0,20.82512014752102,21.020168696076546,8.19651660953283,21.0,1,-0.0201686960765457,21.020168696076546,20.5,21.5
2531.0,20.827594426813423,21.022644421844227,8.195375612631532,21.0,1,-0.02264442184422677,21.022644421844227,20.5,21.5
2532.0,20.830067983050586,21.025119424374413,8.194234351219972,21.0,1,-0.025119424374413057,21.025119424374413,20.5,21.5
2533.0,20.83254081632422,21.02759370375823,8.193092826843257,21.0,1,-0.02759370375823167,21.02759370375823,20.5,21.5
2534.0,20.83501292672632,21.030067260087105,8.191951041046844,21.0,1,-0.030067260087104586,21.030067260087105,20.5,21.5
2535.0,20.837484314349187,21.032540093452738,8.190808995376544,21.0,1,-0.032540093452738006,21.032540093452738,20.5,21.5
2536.0,20.83995497928539,21.03501220394713,8.189666691378525,21.0,1,-0.03501220394712945,21.03501220394713,20.5,21.5
2537.0,20.84242492162781,21.037483591662575,8.188524130599298,21.0,1,-0.03748359166257487,21.037483591662575,20.5,21.5
2538.0,20.844894141469606,21.039954256691654,8.187381314585725,21.0,1,-0.03995425669165442,21.039954256691654,20.5,21.5
2539.0,20.84736263890423,21.042424199127236,8.186238244885013,21.0,1,-0.04242419912723605,21.042424199127236,20.5,21.5
2540.0,20.849830414025426,21.044893419062483,8.185094923044716,21.0,1,-0.044893419062482565,21.044893419062483,20.5,21.5
2541.0,20.85229746692723,21.04736191659085,8.18395135061272,21.0,1,-0.04736191659085165,21.04736191659085,20.5,21.5
2542.0,20.854763797703967,21.049829691806085,8.18280752913726,21.0,1,-0.04982969180608521,21.049829691806085,20.5,21.5
2543.0,20.857229406450255,21.052296744802213,8.181663460166908,21.0,1,-0.05229674480221291,21.052296744802213,20.5,21.5
2544.0,20.859694293260997,21.05476307567357,8.18051914525056,21.0,1,-0.05476307567356997,21.05476307567357,20.5,21.5
2545.0,20.862158458231395,21.05722868451476,8.179374585937458,21.0,1,-0.057228684514761596,21.05722868451476,20.5,21.5
2546.0,20.864621901456935,21.059693571420702,8.178229783777166,21.0,1,-0.059693571420702085,21.059693571420702,20.5,21.5
2547.0,20.8670846230334,21.06215773648659,8.177084740319584,21.0,1,-0.062157736486589954,21.06215773648659,20.5,21.5
2548.0,20.869546623056856,21.064621179807908,8.17593945711493,21.0,1,-0.06462117980790794,21.064621179807908,20.5,21.5
2549.0,20.872007901623668,21.06708390148044,8.174793935713756,21.0,1,-0.06708390148044074,21.06708390148044,20.5,21.5
2550.0,20.874468458830485,21.069545901600257,8.17364817766693,21.0,1,-0.06954590160025731,21.069545901600257,20.5,21.5
2551.0,20.876928294774252,21.07200718026372,8.172502184525642,21.0,1,-0.07200718026372144,21.07200718026372,20.5,21.5
2552.0,20.8793874095522,21.07446773756748,8.171355957841401,21.0,1,-0.07446773756748115,21.07446773756748,20.5,21.5
2553.0,20.88184580326186,21.076927573608483,8.170209499166033,21.0,1,-0.0769275736084829,21.076927573608483,20.5,21.5
2554.0,20.88430347600104,21.079386688483957,8.169062810051674,21.0,1,-0.07938668848395736,21.079386688483957,20.5,21.5
2555.0,20.886760427867852,21.081845082291434,8.167915892050777,21.0,1,-0.08184508229143361,21.081845082291434,20.5,21.5
2556.0,20.889216658960688,21.084302755128725,8.166768746716103,21.0,1,-0.08430275512872498,21.084302755128725,20.5,21.5
2557.0,20.89167216937824,21.086759707093933,8.165621375600718,21.0,1,-0.08675970709393255,21.086759707093933,20.5,21.5
2558.0,20.894126959219484,21.089215938285456,8.164473780258,21.0,1,-0.08921593828545582,21.089215938285456,20.5,21.5
2559.0,20.896581028583693,21.09167144880199,8.163325962241622,21.0,1,-0.09167144880198919,21.09167144880199,20.5,21.5
2560.0,20.899034377570423,21.0941262387425,8.162177923105567,21.0,1,-0.09412623874250059,21.0941262387425,20.5,21.5
2561.0,20.90148700627953,21.096580308206267,8.161029664404113,21.0,1,-0.09658030820626706,21.096580308206267,20.5,21.5
2562.0,20.903938914811157,21.09903365729285,8.159881187691834,21.0,1,-0.09903365729284985,21.09903365729285,20.5,21.5
2563.0,20.906390103265732,21.101486286102098,8.158732494523605,21.0,1,-0.10148628610209798,21.101486286102098,20.5,21.5
2564.0,20.908840571743983,21.103938194734155,8.157583586454585,21.0,1,-0.10393819473415533,21.103938194734155,20.5,21.5
2565.0,20.911290320346925,21.106389383289457,8.156434465040231,21.0,1,-0.10638938328945713,21.106389383289457,20.5,21.5
2566.0,20.913739349175863,21.108839851868723,8.155285131836287,21.0,1,-0.1088398518687228,21.108839851868723,20.5,21.5
2567.0,20.916187658332394,21.11128960057297,8.154135588398784,21.0,1,-0.11128960057297022,21.11128960057297,20.5,21.5
2568.0,20.918635247918406,21.11373862950351,8.152985836284039,21.0,1,-0.11373862950350855,21.11373862950351,20.5,21.5
2569.0,20.92108211803608,21.116186938761924,8.151835877048645,21.0,1,-0.1161869387619241,21.116186938761924,20.5,21.5
2570.0,20.92352826878788,21.118634528450116,8.150685712249484,21.0,1,-0.1186345284501158,21.118634528450116,20.5,21.5
2571.0,20.92597370027657,21.12108139867026,8.14953534344371,21.0,1,-0.12108139867025969,21.12108139867026,20.5,21.5
2572.0,20.928418412605204,21.12352754952482,8.148384772188757,21.0,1,-0.12352754952481959,21.12352754952482,20.5,21.5
2573.0,20.93086240587712,21.125972981116565,8.147234000042332,21.0,1,-0.12597298111656485,21.125972981116565,20.5,21.5
2574.0,20.933305680195954,21.12841769354854,8.146083028562412,21.0,1,-0.12841769354853838,21.12841769354854,20.5,21.5
2575.0,20.935748235665628,21.13086168692409,8.144931859307247,21.0,1,-0.13086168692408862,21.13086168692409,20.5,21.5
2576.0,20.938190072390356,21.133304961346845,8.143780493835353,21.0,1,-0.13330496134684466,21.133304961346845,20.5,21.5
2577.0,20.940631190474644,21.135747516920734,8.142628933705511,21.0,1,-0.13574751692073406,21.135747516920734,20.5,21.5
2578.0,20.94307159002329,21.13818935374997,8.14147718047677,21.0,1,-0.13818935374996855,21.13818935374997,20.5,21.5
2579.0,20.94551127114138,21.140630471939055,8.140325235708431,21.0,1,-0.14063047193905476,21.140630471939055,20.5,21.5
2580.0,20.947950233934293,21.14307087159279,8.139173100960065,21.0,1,-0.14307087159279064,21.14307087159279,20.5,21.5
2581.0,20.950388478507698,21.145510552816255,8.138020777791494,21.0,1,-0.1455105528162548,21.145510552816255,20.5,21.5
2582.0,20.952826004967555,21.14794951571484,8.136868267762797,21.0,1,-0.1479495157148385,21.14794951571484,20.5,21.5
2583.0,20.955262813420113,21.150387760394203,8.135715572434304,21.0,1,-0.15038776039420299,21.150387760394203,20.5,21.5
2584.0,20.957698903971917,21.152825286960315,8.134562693366599,21.0,1,-0.15282528696031505,21.152825286960315,20.5,21.5
2585.0,20.960134276729796,21.15526209551941,8.133409632120513,21.0,1,-0.1552620955194115,21.15526209551941,20.5,21.5
2586.0,20.962568931800874,21.15769818617805,8.132256390257123,21.0,1,-0.15769818617804887,21.15769818617805,20.5,21.5
2587.0,20.965002869292565,21.160133559043054,8.13110296933775,21.0,1,-0.1601335590430537,21.160133559043054,20.5,21.5
2588.0,20.967436089312574,21.162568214221544,8.129949370923963,21.0,1,-0.16256821422154388,21.162568214221544,20.5,21.5
2589.0,20.969868591968897,21.16500215182094,8.128795596577563,21.0,1,-0.16500215182093925,21.16500215182094,20.5,21.5
2590.0,20.97230037736982,21.167435371948947,8.127641647860594,21.0,1,-0.16743537194894742,21.167435371948947,20.5,21.5
2591.0,20.974731445623917,21.169867874713553,8.126487526335337,21.0,1,-0.16986787471355314,21.169867874713553,20.5,21.5
2592.0,20.977161796840058,21.172299660223054,8.125333233564305,21.0,1,-0.17229966022305376,21.172299660223054,20.5,21.5
2593.0,20.979591431127403,21.17473072858602,8.124178771110241,21.0,1,-0.17473072858602023,21.17473072858602,20.5,21.5
2594.0,20.982020348595398,21.177161079911322,8.12302414053612,21.0,1,-0.1771610799113219,21.177161079911322,20.5,21.5
2595.0,20.984448549353786,21.179590714308112,8.121869343405148,21.0,1,-0.17959071430811235,21.179590714308112,20.5,21.5
2596.0,20.986876033512598,21.182019631885847,8.120714381280749,21.0,1,-0.18201963188584713,21.182019631885847,20.5,21.5
2597.0,20.989302801182152,21.184447832754266,8.119559255726575,21.0,1,-0.18444783275426602,21.184447832754266,20.5,21.5
2598.0,20.99172885247306,21.1868753170234,8.1184039683065,21.0,1,-0.1868753170234001,21.1868753170234,20.5,21.5
2599.0,20.994154187496225,21.189302084803565,8.117248520584617,21.0,1,-0.1893020848035647,21.189302084803565,20.5,21.5
2600.0,20.99657880636284,21.191728136205374,8.11609291412523,21.0,1,-0.19172813620537354,21.191728136205374,20.5,21.5
2601.0,20.999002709184392,21.194153471339735,8.114937150492867,21.0,1,-0.19415347133973526,21.194153471339735,20.5,21.5
2602.0,21.001425896072654,21.196578090317836,8.113781231252261,21.0,1,-0.19657809031783557,21.196578090317836,20.5,21.5
2603.0,21.00384836713969,21.19900199325116,8.112625157968363,21.0,1,-0.19900199325115864,21.19900199325116,20.5,21.5
2604.0,21.006270122497856,21.201425180251483,8.111468932206325,21.0,1,-0.20142518025148348,21.201425180251483,20.5,21.5
2605.0,21.008691162259797,21.203847651430877,8.110312555531513,21.0,1,-0.2038476514308769,21.203847651430877,20.5,21.5
2606.0,21.01111148653845,21.20626940690169,8.109156029509489,21.0,1,-0.20626940690168993,21.20626940690169,20.5,21.5
2607.0,21.013531095447043,21.20869044677657,8.107999355706024,21.0,1,-0.20869044677656845,21.20869044677657,20.5,21.5
2608.0,21.015949989099095,21.211110771168453,8.106842535687084,21.0,1,-0.21111077116845323,21.211110771168453,20.5,21.5
2609.0,21.01836816760841,21.213530380190562,8.10568557101884,21.0,1,-0.21353038019056214,21.213530380190562,20.5,21.5
2610.0,21.020785631089094,21.215949273956422,8.104528463267654,21.0,1,-0.21594927395642216,21.215949273956422,20.5,21.5
2611.0,21.02320237965553,21.218367452579837,8.103371214000079,21.0,1,-0.21836745257983736,21.218367452579837,20.5,21.5
2612.0,21.0256184134224,21.22078491617491,8.102213824782863,21.0,1,-0.22078491617491025,21.22078491617491,20.5,21.5
2613.0,21.02803373250467,21.223201664856028,8.101056297182947,21.0,1,-0.22320166485602755,21.223201664856028,20.5,21.5
2614.0,21.030448337017607,21.225617698737864,8.09989863276745,21.0,1,-0.22561769873786375,21.225617698737864,20.5,21.5
2615.0,21.032862227076755,21.228033017935395,8.098740833103689,21.0,1,-0.22803301793539532,21.228033017935395,20.5,21.5
2616.0,21.03527540279796,21.23044762256388,8.09758289975915,21.0,1,-0.2304476225638794,21.23044762256388,20.5,21.5
2617.0,21.037687864297354,21.23286151273887,8.09642483430151,21.0,1,-0.23286151273887157,21.23286151273887,20.5,21.5
2618.0,21.040099611691353,21.235274688576204,8.095266638298622,21.0,1,-0.23527468857620448,21.235274688576204,20.5,21.5
2619.0,21.042510645096673,21.23768715019202,8.094108313318515,21.0,1,-0.2376871501920199,21.23768715019202,20.5,21.5
2620.0,21.044920964630318,21.24009889770273,8.092949860929393,21.0,1,-0.24009889770272963,21.24009889770273,20.5,21.5
2621.0,21.047330570409578,21.242509931225054,8.091791282699631,21.0,1,-0.2425099312250545,21.242509931225054,20.5,21.5
2622.0,21.049739462552036,21.244920250875992,8.09063258019778,21.0,1,-0.24492025087599245,21.244920250875992,20.5,21.5
2623.0,21.052147641175566,21.247329856772836,8.089473754992552,21.0,1,-0.24732985677283637,21.247329856772836,20.5,21.5
2624.0,21.05455510639833,21.249738749033167,8.08831480865283,21.0,1,-0.24973874903316684,21.249738749033167,20.5,21.5
2625.0,21.05696185833878,21.252146927774863,8.087155742747658,21.0,1,-0.2521469277748629,21.252146927774863,20.5,21.5
2626.0,21.059367897115663,21.25455439311608,8.085996558846245,21.0,1,-0.25455439311608075,21.25455439311608,20.5,21.5
2627.0,21.06177322284801,21.256961145175275,8.084837258517956,21.0,1,-0.2569611451752749,21.256961145175275,20.5,21.5
2628.0,21.064177835655144,21.259367184071188,8.083677843332316,21.0,1,-0.25936718407118775,21.259367184071188,20.5,21.5
2629.0,21.06658173565668,21.26177250992286,8.082518314859005,21.0,1,-0.26177250992286005,21.26177250992286,20.5,21.5
2630.0,21.068984922972522,21.26417712284961,8.08135867466786,21.0,1,-0.2641771228496097,21.26417712284961,20.5,21.5
2631.0,21.071387397722862,21.266581022971046,8.080198924328858,21.0,1,-0.2665810229710459,21.266581022971046,20.5,21.5
2632.0,21.073789160028184,21.268984210407083,8.079039065412141,21.0,1,-0.2689842104070834,21.268984210407083,20.5,21.5
2633.0,21.076190210009262,21.271386685277907,8.077879099487987,21.0,1,-0.271386685277907,21.271386685277907,20.5,21.5
2634.0,21.078590547787158,21.273788447704003,8.076719028126819,21.0,1,-0.27378844770400335,21.273788447704003,20.5,21.5
2635.0,21.080990173483226,21.276189497806143,8.075558852899208,21.0,1,-0.27618949780614344,21.276189497806143,20.5,21.5
2636.0,21.08338908721911,21.278589835705393,8.074398575375863,21.0,1,-0.2785898357053931,21.278589835705393,20.5,21.5
2637.0,21.08578728911674,21.280989461523102,8.073238197127631,21.0,1,-0.28098946152310234,21.280989461523102,20.5,21.5
2638.0,21.08818477929834,21.28338837538092,8.072077719725497,21.0,1,-0.28338837538091965,21.28338837538092,20.5,21.5
2639.0,21.090581557886427,21.285786577400774,8.070917144740578,21.0,1,-0.2857865774007742,21.285786577400774,20.5,21.5
2640.0,21.092977625003797,21.28818406770489,8.069756473744125,21.0,1,-0.2881840677048899,21.28818406770489,20.5,21.5
2641.0,21.095372980773547,21.29058084641578,8.068595708307518,21.0,1,-0.29058084641577864,21.29058084641578,20.5,21.5
2642.0,21.097767625319054,21.29297691365624,8.067434850002265,21.0,1,-0.2929769136562399,21.29297691365624,20.5,21.5
2643.0,21.10016155876399,21.295372269549368,8.0662739004,21.0,1,-0.2953722695493681,21.295372269549368,20.5,21.5
2644.0,21.102554781232318,21.29776691421855,8.06511286107248,21.0,1,-0.29776691421854906,21.29776691421855,20.5,21.5
2645.0,21.104947292848287,21.300160847787446,8.063951733591585,21.0,1,-0.30016084778744556,21.300160847787446,20.5,21.5
2646.0,21.107339093736435,21.30255407038002,8.062790519529313,21.0,1,-0.3025540703800189,21.30255407038002,20.5,21.5
2647.0,21.109730184021593,21.30494658212053,8.06162922045778,21.0,1,-0.30494658212052883,21.30494658212053,20.5,21.5
2648.0,21.11212056382888,21.307338383133505,8.060467837949215,21.0,1,-0.30733838313350503,21.307338383133505,20.5,21.5
2649.0,21.114510233283706,21.309729473543786,8.059306373575962,21.0,1,-0.3097294735437863,21.309729473543786,20.5,21.5
2650.0,21.116899192511763,21.31211985347648,8.058144828910475,21.0,1,-0.3121198534764815,21.31211985347648,20.5,21.5
2651.0,21.11928744163904,21.314509523057,8.05698320552532,21.0,1,-0.3145095230570014,21.314509523057,20.5,21.5
2652.0,21.12167498079182,21.316898482411045,8.055821504993164,21.0,1,-0.31689848241104457,21.316898482411045,20.5,21.5
2653.0,21.12406181009666,21.319286731664597,8.054659728886781,21.0,1,-0.3192867316645973,21.319286731664597,20.5,21.5
2654.0,21.126447929680417,21.32167427094394,8.05349787877905,21.0,1,-0.32167427094394085,21.32167427094394,20.5,21.5
2655.0,21.128833339670237,21.324061100375637,8.052335956242944,21.0,1,-0.32406110037563707,21.324061100375637,20.5,21.5
2656.0,21.131218040193552,21.32644722008654,8.05117396285154,21.0,1,-0.32644722008653915,21.32644722008654,20.5,21.5
2657.0,21.133602031378082,21.328832630203788,8.050011900178008,21.0,1,-0.32883263020378806,21.328832630203788,20.5,21.5
2658.0,21.135985313351842,21.331217330854827,8.048849769795613,21.0,1,-0.33121733085482674,21.331217330854827,20.5,21.5
2659.0,21.13836788624313,21.33360132216737,8.047687573277711,21.0,1,-0.3336013221673717,21.33360132216737,20.5,21.5
2660.0,21.14074975018054,21.33598460426943,8.046525312197746,21.0,1,-0.3359846042694308,21.33598460426943,20.5,21.5
2661.0,21.143130905292942,21.33836717728931,8.045362988129254,21.0,1,-0.3383671772893102,21.33836717728931,20.5,21.5
2662.0,21.14551135170951,21.340749041355597,8.044200602645851,21.0,1,-0.3407490413555969,21.340749041355597,20.5,21.5
2663.0,21.147891089559696,21.343130196597166,8.043038157321238,21.0,1,-0.3431301965971656,21.343130196597166,20.5,21.5
2664.0,21.15027011897325,21.34551064314319,8.0418756537292,21.0,1,-0.34551064314318936,21.34551064314319,20.5,21.5
2665.0,21.152648440080203,21.347890381123122,8.040713093443596,21.0,1,-0.347890381123122,21.347890381123122,20.5,21.5
2666.0,21.155026053010875,21.350269410666712,8.039550478038365,21.0,1,-0.35026941066671213,21.350269410666712,20.5,21.5
2667.0,21.15740295789588,21.352647731903986,8.03838780908752,21.0,1,-0.3526477319039856,21.352647731903986,20.5,21.5
2668.0,21.15977915486612,21.355025344965274,8.037225088165146,21.0,1,-0.3550253449652736,21.355025344965274,20.5,21.5
2669.0,21.162154644052777,21.35740224998118,8.036062316845399,21.0,1,-0.3574022499811811,21.35740224998118,20.5,21.5
2670.0,21.164529425587336,21.359778447082608,8.0348994967025,21.0,1,-0.35977844708260776,21.359778447082608,20.5,21.5
2671.0,21.16690349960156,21.362153936400745,8.033736629310743,21.0,1,-0.36215393640074467,21.362153936400745,20.5,21.5
2672.0,21.169276866227502,21.364528718067067,8.032573716244482,21.0,1,-0.3645287180670671,21.364528718067067,20.5,21.5
2673.0,21.171649525597505,21.366902792213345,8.031410759078128,21.0,1,-0.3669027922133452,21.366902792213345,20.5,21.5
2674.0,21.174021477844203,21.36927615897163,8.03024775938616,21.0,1,-0.3692761589716298,21.36927615897163,20.5,21.5
2675.0,21.176392723100513,21.371648818474267,8.029084718743112,21.0,1,-0.37164881847426656,21.371648818474267,20.5,21.5
2676.0,21.17876326149964,21.374020770853882,8.02792163872357,21.0,1,-0.37402077085388186,21.374020770853882,20.5,21.5
2677.0,21.181133093175085,21.376392016243404,8.026758520902176,21.0,1,-0.376392016243404,21.376392016243404,20.5,21.5
2678.0,21.18350221826063,21.378762554776024,8.025595366853622,21.0,1,-0.3787625547760243,21.378762554776024,20.5,21.5
2679.0,21.18587063689035,21.381132386585257,8.024432178152653,21.0,1,-0.38113238658525717,21.381132386585257,20.5,21.5
2680.0,21.188238349198603,21.383501511804873,8.023268956374057,21.0,1,-0.383501511804873,21.383501511804873,20.5,21.5
2681.0,21.190605355320038,21.38586993056895,8.022105703092667,21.0,1,-0.38586993056895125,21.38586993056895,20.5,21.5
2682.0,21.19297165538959,21.388237643011855,8.020942419883356,21.0,1,-0.3882376430118555,21.388237643011855,20.5,21.5
2683.0,21.19533724954249,21.39060464926823,8.019779108321048,21.0,1,-0.39060464926823,21.39060464926823,20.5,21.5
2684.0,21.197702137914245,21.392970949473007,8.018615769980693,21.0,1,-0.3929709494730069,21.392970949473007,20.5,21.5
2685.0,21.20006632064066,21.395336543761417,8.017452406437284,21.0,1,-0.3953365437614167,21.395336543761417,20.5,21.5
2686.0,21.202429797857818,21.39770143226897,8.016289019265846,21.0,1,-0.3977014322689705,21.39770143226897,20.5,21.5
2687.0,21.2047925697021,21.400065615131474,8.015125610041437,21.0,1,-0.4000656151314743,21.400065615131474,20.5,21.5
2688.0,21.207154636310168,21.402429092485008,8.013962180339146,21.0,1,-0.4024290924850078,21.402429092485008,20.5,21.5
2689.0,21.209515997818976,21.404791864465956,8.012798731734085,21.0,1,-0.40479186446595605,21.404791864465956,20.5,21.5
2690.0,21.21187665436576,21.407153931210974,8.011635265801397,21.0,1,-0.4071539312109742,21.407153931210974,20.5,21.5
2691.0,21.214236606088047,21.40951529285702,8.010471784116246,21.0,1,-0.4095152928570194,21.40951529285702,20.5,21.5
2692.0,21.216595853123653,21.411875949541333,8.009308288253816,21.0,1,-0.4118759495413329,21.411875949541333,20.5,21.5
2693.0,21.21895439561068,21.414235901401433,8.008144779789315,21.0,1,-0.4142359014014332,21.414235901401433,20.5,21.5
2694.0,21.221312233687517,21.41659514857514,8.006981260297962,21.0,1,-0.4165951485751407,21.41659514857514,20.5,21.5
2695.0,21.22366936749284,21.418953691200556,8.005817731354995,21.0,1,-0.4189536912005565,21.418953691200556,20.5,21.5
2696.0,21.22602579716561,21.421311529416066,8.00465419453566,21.0,1,-0.42131152941606587,21.421311529416066,20.5,21.5
2697.0,21.228381522845087,21.423668663360353,8.003490651415223,21.0,1,-0.4236686633603526,21.423668663360353,20.5,21.5
2698.0,21.2307365446708,21.426025093172377,8.00232710356895,21.0,1,-0.42602509317237747,21.426025093172377,20.5,21.5
2699.0,21.233090862782582,21.428380818991393,8.001163552572116,21.0,1,-0.4283808189913927,21.428380818991393,20.5,21.5
2700.0,21.23544447732054,21.43073584095693,8.0,21.0,1,-0.43073584095693107,21.43073584095693,20.5,21.5
2701.0,21.237797388425076,21.433090159208824,7.998836447427884,21.0,1,-0.4330901592088239,21.433090159208824,20.5,21.5
2702.0,21.240149596236876,21.43544377388718,7.99767289643105,21.0,1,-0.4354437738871795,21.43544377388718,20.5,21.5
2703.0,21.242501100896913,21.437796685132405,7.996509348584777,21.0,1,-0.43779668513240466,21.437796685132405,20.5,21.5
2704.0,21.24485190254645,21.44014889308518,7.995345805464339,21.0,1,-0.4401488930851798,21.44014889308518,20.5,21.5
2705.0,21.247202001327036,21.442500397886477,7.994182268645006,21.0,1,-0.44250039788647655,21.442500397886477,20.5,21.5
2706.0,21.2495513973805,21.44485119967756,7.993018739702039,21.0,1,-0.4448511996775615,21.44485119967756,20.5,21.5
2707.0,21.251900090848963,21.44720129859998,7.9918552202106845,21.0,1,-0.44720129859997826,21.44720129859998,20.5,21.5
2708.0,21.254248081874834,21.449550694795562,7.990691711746183,21.0,1,-0.44955069479556187,21.449550694795562,20.5,21.5
2709.0,21.25659537060081,21.451899388406435,7.989528215883754,21.0,1,-0.45189938840643507,21.451899388406435,20.5,21.5
2710.0,21.258941957169867,21.454247379574998,7.988364734198603,21.0,1,-0.4542473795749977,21.454247379574998,20.5,21.5
2711.0,21.261287841725274,21.456594668443948,7.987201268265915,21.0,1,-0.45659466844394814,21.456594668443948,20.5,21.5
2712.0,21.26363302441058,21.45894125515627,7.986037819660855,21.0,1,-0.4589412551562688,21.45894125515627,20.5,21.5
2713.0,21.26597750536963,21.46128713985523,7.984874389958563,21.0,1,-0.46128713985523007,21.46128713985523,20.5,21.5
2714.0,21.26832128474655,21.46363232268438,7.983710980734154,21.0,1,-0.46363232268437926,21.46363232268438,20.5,21.5
2715.0,21.270664362685746,21.46597680378755,7.982547593562717,21.0,1,-0.4659768037875516,21.46597680378755,20.5,21.5
2716.0,21.273006739331922,21.468320583308884,7.981384230019308,21.0,1,-0.46832058330888415,21.468320583308884,20.5,21.5
2717.0,21.27534841483006,21.470663661392777,7.980220891678953,21.0,1,-0.47066366139277704,21.470663661392777,20.5,21.5
2718.0,21.277689389325428,21.473006038183932,7.979057580116644,21.0,1,-0.4730060381839323,21.473006038183932,20.5,21.5
2719.0,21.280029662963585,21.47534771382734,7.977894296907335,21.0,1,-0.47534771382733965,21.47534771382734,20.5,21.5
2720.0,21.282369235890375,21.477688688468266,7.976731043625944,21.0,1,-0.47768868846826607,21.477688688468266,20.5,21.5
2721.0,21.284708108251923,21.48002896225227,7.9755678218473465,21.0,1,-0.48002896225226976,21.48002896225227,20.5,21.5
2722.0,21.28704628019464,21.482368535325186,7.974404633146378,21.0,1,-0.4823685353251861,21.482368535325186,20.5,21.5
2723.0,21.28938375186523,21.484707407833145,7.973241479097825,21.0,1,-0.48470740783314525,21.484707407833145,20.5,21.5
2724.0,21.291720523410678,21.487045579922565,7.972078361276431,21.0,1,-0.48704557992256525,21.487045579922565,20.5,21.5
2725.0,21.29405659497825,21.48938305174014,7.970915281256889,21.0,1,-0.4893830517401412,21.48938305174014,20.5,21.5
2726.0,21.296391966715507,21.49171982343286,7.969752240613839,21.0,1,-0.49171982343285947,21.49171982343286,20.5,21.5
2727.0,21.298726638770287,21.494055895147987,7.968589240921872,21.0,1,-0.4940558951479872,21.494055895147987,20.5,21.5
2728.0,21.301060611290715,21.496391267033083,7.967426283755519,21.0,1,-0.4963912670330828,21.496391267033083,20.5,21.5
2729.0,21.30339388442521,21.49872593923599,7.966263370689256,21.0,1,-0.49872593923598885,21.49872593923599,20.5,21.5
2730.0,21.30572645832246,21.501059911904832,7.965100503297499,21.0,0,-0.5010599119048322,21.501059911904832,20.5,21.5
2731.0,21.303058333131457,21.502393185188023,7.963937683154602,21.0,0,-0.5023931851880228,21.502393185188023,20.5,21.5
2732.0,21.30039050900146,21.50272595923426,7.962774911834854,21.0,0,-0.5027259592342617,21.50272595923426,20.5,21.5
2733.0,21.297722985882025,21.502058434152524,7.96161219091248,21.0,0,-0.5020584341525236,21.502058434152524,20.5,21.5
2734.0,21.29505576372303,21.50039081001209,7.960449521961635,21.0,0,-0.5003908100120888,21.50039081001209,20.5,21.5
2735.0,21.29238884247468,21.497723286842533,7.959286906556404,21.0,0,-0.49772328684253253,21.497723286842533,20.5,21.5
2736.0,21.289722222087494,21.495056064633737,7.9581243462708,21.0,0,-0.4950560646337365,21.495056064633737,20.5,21.5
2737.0,21.287055902512332,21.49238914333591,7.956961842678762,21.0,0,-0.49238914333590955,21.49238914333591,20.5,21.5
2738.0,21.284389883700364,21.489722522899577,7.955799397354149,21.0,0,-0.4897225228995765,21.489722522899577,20.5,21.5
2739.0,21.281724165603094,21.487056203275593,7.954637011870746,21.0,0,-0.48705620327559274,21.487056203275593,20.5,21.5
2740.0,21.279058748172346,21.484390184415126,7.953474687802253,21.0,0,-0.48439018441512616,21.484390184415126,20.5,21.5
2741.0,21.27639363136027,21.48172446626968,7.9523124267222896,21.0,0,-0.4817244662696787,21.48172446626968,20.5,21.5
2742.0,21.273728815119345,21.47905904879108,7.951150230204386,21.0,0,-0.4790590487910791,21.47905904879108,20.5,21.5
2743.0,21.27106429940236,21.47639393193148,7.949988099821992,21.0,0,-0.4763939319314794,21.47639393193148,20.5,21.5
2744.0,21.268400084162444,21.473729115643348,7.948826037148461,21.0,0,-0.47372911564334785,21.473729115643348,20.5,21.5
2745.0,21.26573616935304,21.471064599879487,7.947664043757056,21.0,0,-0.4710645998794867,21.471064599879487,20.5,21.5
2746.0,21.26307255492792,21.468400384593018,7.946502121220951,21.0,0,-0.4684003845930178,21.468400384593018,20.5,21.5
2747.0,21.260409240841177,21.465736469737383,7.945340271113219,21.0,0,-0.4657364697373829,21.465736469737383,20.5,21.5
2748.0,21.25774622704723,21.463072855266354,7.944178495006836,21.0,0,-0.4630728552663541,21.463072855266354,20.5,21.5
2749.0,21.255083513500825,21.46040954113403,7.94301679447468,21.0,0,-0.4604095411340303,21.46040954113403,20.5,21.5
2750.0,21.25242110015702,21.457746527294827,7.941855171089524,21.0,0,-0.4577465272948267,21.457746527294827,20.5,21.5
2751.0,21.249758986971205,21.45508381370348,7.940693626424038,21.0,0,-0.4550838137034816,21.45508381370348,20.5,21.5
2752.0,21.247097173899096,21.452421400315068,7.939532162050786,21.0,0,-0.4524214003150675,21.452421400315068,20.5,21.5
2753.0,21.244435660896727,21.449759287084966,7.938370779542221,21.0,0,-0.4497592870849658,21.449759287084966,20.5,21.5
2754.0,21.241774447920456,21.447097473968892,7.9372094804706865,21.0,0,-0.447097473968892,21.447097473968892,20.5,21.5
2755.0,21.239113534926965,21.444435960922885,7.936048266408414,21.0,0,-0.44443596092288473,21.444435960922885,20.5,21.5
2756.0,21.236452921873262,21.4417747479033,7.93488713892752,21.0,0,-0.44177474790329896,21.4417747479033,20.5,21.5
2757.0,21.233792608716673,21.43911383486681,7.9337260996,21.0,0,-0.4391138348668093,21.43911383486681,20.5,21.5
2758.0,21.23113259541485,21.436453221770435,7.932565149997735,21.0,0,-0.4364532217704351,21.436453221770435,20.5,21.5
2759.0,21.228472881925764,21.433792908571498,7.931404291692482,21.0,0,-0.43379290857149755,21.433792908571498,20.5,21.5
2760.0,21.22581346820772,21.431132895227652,7.930243526255875,21.0,0,-0.43113289522765186,21.431132895227652,20.5,21.5
2761.0,21.22315435421933,21.428473181696866,7.929082855259422,21.0,0,-0.4284731816968659,21.428473181696866,20.5,21.5
2762.0,21.220495539919536,21.425813767937434,7.927922280274503,21.0,0,-0.4258137679374343,21.425813767937434,20.5,21.5
2763.0,21.217837025267606,21.42315465390799,7.9267618028723685,21.0,0,-0.42315465390798934,21.42315465390799,20.5,21.5
2764.0,21.215178810223126,21.42049583956746,7.925601424624136,21.0,0,-0.4204958395674616,21.42049583956746,20.5,21.5
2765.0,21.212520894746007,21.417837324875116,7.924441147100792,21.0,0,-0.4178373248751157,21.417837324875116,20.5,21.5
2766.0,21.209863278796476,21.415179109790547,7.923280971873181,21.0,0,-0.4151791097905466,21.415179109790547,20.5,21.5
2767.0,21.20720596233509,21.41252119427366,7.922120900512014,21.0,0,-0.4125211942736584,21.41252119427366,20.5,21.5
2768.0,21.204548945322728,21.409863578284682,7.920960934587859,21.0,0,-0.409863578284682,21.409863578284682,20.5,21.5
2769.0,21.20189222772058,21.40720626178417,7.919801075671141,21.0,0,-0.40720626178417163,21.40720626178417,20.5,21.5
2770.0,21.199235809490172,21.404549244733,7.918641325332142,21.0,0,-0.40454924473300125,21.404549244733,20.5,21.5
2771.0,21.196579690593342,21.40189252709238,7.917481685140995,21.0,0,-0.40189252709237877,21.40189252709238,20.5,21.5
2772.0,21.19392387099225,21.399236108823807,7.916322156667685,21.0,0,-0.399236108823807,21.399236108823807,20.5,21.5
2773.0,21.191268350649384,21.396579989889133,7.915162741482045,21.0,0,-0.39657998988913334,21.396579989889133,20.5,21.5
2774.0,21.18861312952755,21.393924170250525,7.914003441153756,21.0,0,-0.39392417025052495,21.393924170250525,20.5,21.5
2775.0,21.185958207589874,21.391268649870465,7.912844257252342,21.0,0,-0.39126864987046517,21.391268649870465,20.5,21.5
2776.0,21.183303584799805,21.388613428711757,7.9116851913471695,21.0,0,-0.3886134287117571,21.388613428711757,20.5,21.5
2777.0,21.180649261121115,21.385958506737527,7.910526245007447,21.0,0,-0.3859585067375271,21.385958506737527,20.5,21.5
2778.0,21.17799523651789,21.38330388391123,7.90936741980222,21.0,0,-0.3833038839112284,21.38330388391123,20.5,21.5
2779.0,21.17534151095455,21.380649560196627,7.908208717300368,21.0,0,-0.3806495601966269,21.380649560196627,20.5,21.5
2780.0,21.17268808439582,21.37799553555781,7.907050139070607,21.0,0,-0.37799553555781173,21.37799553555781,20.5,21.5
2781.0,21.170034956806756,21.375341809959203,7.9058916866814855,21.0,0,-0.3753418099592025,21.375341809959203,20.5,21.5
2782.0,21.16738212815273,21.372688383365528,7.904733361701378,21.0,0,-0.3726883833655279,21.372688383365528,20.5,21.5
2783.0,21.16472959839944,21.370035255741836,7.9035751656984905,21.0,0,-0.37003525574183627,21.370035255741836,20.5,21.5
2784.0,21.1620773675129,21.367382427053506,7.90241710024085,21.0,0,-0.36738242705350643,21.367382427053506,20.5,21.5
2785.0,21.159425435459447,21.364729897266237,7.901259166896312,21.0,0,-0.36472989726623695,21.364729897266237,20.5,21.5
2786.0,21.156773802205734,21.36207766634603,7.9001013672325495,21.0,0,-0.36207766634602834,21.36207766634603,20.5,21.5
2787.0,21.15412246771874,21.359425734259226,7.8989437028170535,21.0,0,-0.35942573425922575,21.359425734259226,20.5,21.5
2788.0,21.15147143196576,21.35677410097249,7.897786175217137,21.0,0,-0.3567741009724905,21.35677410097249,20.5,21.5
2789.0,21.14882069491441,21.35412276645279,7.896628785999922,21.0,0,-0.3541227664527895,21.35412276645279,20.5,21.5
2790.0,21.146170256532628,21.351471730667427,7.895471536732346,21.0,0,-0.3514717306674271,21.351471730667427,20.5,21.5
2791.0,21.143520116788668,21.348820993584013,7.894314428981159,21.0,0,-0.3488209935840132,21.348820993584013,20.5,21.5
2792.0,21.140870275651107,21.346170555170485,7.893157464312915,21.0,0,-0.34617055517048456,21.346170555170485,20.5,21.5
2793.0,21.13822073308884,21.3435204153951,7.892000644293977,21.0,0,-0.34352041539510125,21.3435204153951,20.5,21.5
2794.0,21.13557148907108,21.340870574226436,7.890843970490512,21.0,0,-0.34087057422643596,21.340870574226436,20.5,21.5
2795.0,21.132922543567364,21.33822103163338,7.889687444468488,21.0,0,-0.33822103163338113,21.33822103163338,20.5,21.5
2796.0,21.130273896547543,21.33557178758516,7.888531067793674,21.0,0,-0.3355717875851596,21.33557178758516,20.5,21.5
2797.0,21.127625547981793,21.332922842051296,7.887374842031638,21.0,0,-0.3329228420512962,21.332922842051296,20.5,21.5
2798.0,21.124977497840604,21.330274195001646,7.886218768747739,21.0,0,-0.3302741950016461,21.330274195001646,20.5,21.5
2799.0,21.122329746094785,21.327625846406384,7.8850628495071335,21.0,0,-0.32762584640638437,21.327625846406384,20.5,21.5
2800.0,21.119682292715467,21.324977796236006,7.88390708587477,21.0,0,-0.32497779623600564,21.324977796236006,20.5,21.5
2801.0,21.117035137674097,21.322330044461317,7.882751479415385,21.0,0,-0.3223300444613173,21.322330044461317,20.5,21.5
2802.0,21.114388280942446,21.319682591053446,7.881596031693499,21.0,0,-0.31968259105344643,21.319682591053446,20.5,21.5
2803.0,21.111741722492596,21.317035435983847,7.880440744273424,21.0,0,-0.317035435983847,21.317035435983847,20.5,21.5
2804.0,21.109095462296953,21.31438857922428,7.879285618719251,21.0,0,-0.31438857922427843,21.31438857922428,20.5,21.5
2805.0,21.10644950032824,21.311742020746834,7.878130656594852,21.0,0,-0.3117420207468342,21.311742020746834,20.5,21.5
2806.0,21.103803836559493,21.309095760523913,7.8769758594638795,21.0,0,-0.3090957605239133,21.309095760523913,20.5,21.5
2807.0,21.101158470964073,21.30644979852824,7.87582122888976,21.0,0,-0.3064497985282415,21.30644979852824,20.5,21.5
2808.0,21.098513403515657,21.30380413473285,7.874666766435696,21.0,0,-0.3038041347328502,21.30380413473285,20.5,21.5
2809.0,21.095868634188243,21.301158769111108,7.873512473664663,21.0,0,-0.30115876911110817,21.301158769111108,20.5,21.5
2810.0,21.093224162956137,21.298513701636686,7.872358352139406,21.0,0,-0.29851370163668633,21.298513701636686,20.5,21.5
2811.0,21.090579989793973,21.295868932283582,7.871204403422437,21.0,0,-0.29586893228358235,21.295868932283582,20.5,21.5
2812.0,21.087936114676697,21.293224461026107,7.8700506290760375,21.0,0,-0.29322446102610655,21.293224461026107,20.5,21.5
2813.0,21.085292537579576,21.290580287838893,7.868897030662249,21.0,0,-0.29058028783889256,21.290580287838893,20.5,21.5
2814.0,21.08264925847819,21.287936412696883,7.867743609742878,21.0,0,-0.2879364126968831,21.287936412696883,20.5,21.5
2815.0,21.080006277348446,21.285292835575344,7.866590367879487,21.0,0,-0.28529283557534413,21.285292835575344,20.5,21.5
2816.0,21.077363594166552,21.28264955644986,7.865437306633401,21.0,0,-0.28264955644986145,21.28264955644986,20.5,21.5
2817.0,21.074721208909047,21.28000657529633,7.864284427565696,21.0,0,-0.2800065752963299,21.28000657529633,20.5,21.5
2818.0,21.07207912155278,21.277363892090968,7.8631317322372025,21.0,0,-0.27736389209096757,21.277363892090968,20.5,21.5
2819.0,21.069437332074916,21.274721506810316,7.861979222208506,21.0,0,-0.27472150681031593,21.274721506810316,20.5,21.5
2820.0,21.066795840452944,21.272079419431215,7.860826899039934,21.0,0,-0.27207941943121483,21.272079419431215,20.5,21.5
2821.0,21.06415464666466,21.269437629930838,7.859674764291569,21.0,0,-0.2694376299308381,21.269437629930838,20.5,21.5
2822.0,21.06151375068819,21.266796138286665,7.858522819523231,21.0,0,-0.26679613828666504,21.266796138286665,20.5,21.5
2823.0,21.058873152501956,21.2641549444765,7.857371066294489,21.0,0,-0.26415494447649834,21.2641549444765,20.5,21.5
2824.0,21.056232852084715,21.26151404847846,7.856219506164647,21.0,0,-0.2615140484784604,21.26151404847846,20.5,21.5
2825.0,21.05359284941553,21.258873450270976,7.855068140692754,21.0,0,-0.2588734502709755,21.258873450270976,20.5,21.5
2826.0,21.050953144473784,21.256233149832802,7.853916971437589,21.0,0,-0.2562331498328021,21.256233149832802,20.5,21.5
2827.0,21.048313737239177,21.253593147143,7.852765999957669,21.0,0,-0.2535931471430004,21.253593147143,20.5,21.5
2828.0,21.04567462769172,21.25095344218095,7.851615227811243,21.0,0,-0.2509534421809505,21.25095344218095,20.5,21.5
2829.0,21.043035815811745,21.24831403492636,7.850464656556291,21.0,0,-0.24831403492635928,21.24831403492636,20.5,21.5
2830.0,21.040397301579894,21.245674925359232,7.849314287750517,21.0,0,-0.24567492535923208,21.245674925359232,20.5,21.5
2831.0,21.03775908497713,21.2430361134599,7.8481641229513555,21.0,0,-0.24303611345990106,21.2430361134599,20.5,21.5
2832.0,21.035121165984723,21.24039759920901,7.847014163715961,21.0,0,-0.24039759920901105,21.24039759920901,20.5,21.5
2833.0,21.03248354458427,21.23775938258752,7.845864411601215,21.0,0,-0.2377593825875195,21.23775938258752,20.5,21.5
2834.0,21.029846220757673,21.235121463576707,7.844714868163712,21.0,0,-0.23512146357670716,21.235121463576707,20.5,21.5
2835.0,21.027209194487153,21.23248384215816,7.843565534959769,21.0,0,-0.23248384215816031,21.23248384215816,20.5,21.5
2836.0,21.02457246575525,21.229846518313785,7.842416413545416,21.0,0,-0.229846518313785,21.229846518313785,20.5,21.5
2837.0,21.021936034544808,21.2272094920258,7.841267505476396,21.0,0,-0.22720949202579988,21.2272094920258,20.5,21.5
2838.0,21.019299900838995,21.224572763276747,7.840118812308165,21.0,0,-0.2245727632767469,21.224572763276747,20.5,21.5
2839.0,21.01666406462129,21.221936332049467,7.838970335595887,21.0,0,-0.2219363320494665,21.221936332049467,20.5,21.5
2840.0,21.01402852587548,21.21930019832713,7.837822076894433,21.0,0,-0.21930019832712944,21.21930019832713,20.5,21.5
2841.0,21.011393284585687,21.21666436209322,7.836674037758378,21.0,0,-0.21666436209321915,21.21666436209322,20.5,21.5
2842.0,21.00875834073632,21.21402882333152,7.835526219742001,21.0,0,-0.21402882333152107,21.21402882333152,20.5,21.5
2843.0,21.006123694312123,21.211393582026147,7.834378624399283,21.0,0,-0.21139358202614744,21.211393582026147,20.5,21.5
2844.0,21.003489345298142,21.20875863816152,7.833231253283898,21.0,0,-0.20875863816151963,21.20875863816152,20.5,21.5
2845.0,21.000855293679738,21.20612399172237,7.832084107949223,21.0,0,-0.2061239917223716,21.20612399172237,20.5,21.5
2846.0,20.998221539442593,21.20348964269375,7.830937189948326,21.0,0,-0.20348964269375003,21.20348964269375,20.5,21.5
2847.0,20.995588082572695,21.200855591061025,7.829790500833967,21.0,0,-0.2008555910610248,21.200855591061025,20.5,21.5
2848.0,20.99295492305635,21.19822183680987,7.828644042158598,21.0,0,-0.19822183680987138,21.19822183680987,20.5,21.5
2849.0,20.990322060880167,21.195588379926274,7.8274978154743575,21.0,0,-0.19558837992627431,21.195588379926274,20.5,21.5
2850.0,20.987689496031088,21.192955220396545,7.82635182233307,21.0,0,-0.192955220396545,21.192955220396545,20.5,21.5
2851.0,20.98505722849635,21.190322358207293,7.8252060642862435,21.0,0,-0.19032235820729326,21.190322358207293,20.5,21.5
2852.0,20.982425258263508,21.187689793345456,7.82406054288507,21.0,0,-0.18768979334545577,21.187689793345456,20.5,21.5
2853.0,20.979793585320433,21.185057525798275,7.822915259680417,21.0,0,-0.18505752579827472,21.185057525798275,20.5,21.5
2854.0,20.977162209655305,21.1824255555533,7.821770216222834,21.0,0,-0.18242555555330142,21.1824255555533,20.5,21.5
2855.0,20.97453113125662,21.17979388259841,7.820625414062543,21.0,0,-0.17979388259841045,21.17979388259841,20.5,21.5
2856.0,20.97190035011318,21.177162506921775,7.8194808547494405,21.0,0,-0.17716250692177482,21.177162506921775,20.5,21.5
2857.0,20.96926986621411,21.174531428511894,7.818336539833093,21.0,0,-0.1745314285118944,21.174531428511894,20.5,21.5
2858.0,20.966639679548834,21.171900647357575,7.817192470862739,21.0,0,-0.1719006473575746,21.171900647357575,20.5,21.5
2859.0,20.964009790107095,21.16927016344793,7.816048649387279,21.0,0,-0.1692701634479299,21.16927016344793,20.5,21.5
2860.0,20.961380197878952,21.166639976772398,7.814905076955285,21.0,0,-0.16663997677239806,21.166639976772398,20.5,21.5
2861.0,20.958750902854767,21.164010087320715,7.813761755114987,21.0,0,-0.16401008732071531,21.164010087320715,20.5,21.5
2862.0,20.95612190502522,21.161380495082938,7.812618685414275,21.0,0,-0.16138049508293761,21.161380495082938,20.5,21.5
2863.0,20.9534932043813,21.15875120004943,7.811475869400703,21.0,0,-0.15875120004943,21.15875120004943,20.5,21.5
2864.0,20.950864800914303,21.156122202210874,7.810333308621475,21.0,0,-0.1561222022108737,21.156122202210874,20.5,21.5
2865.0,20.948236694615844,21.153493501558252,7.809191004623456,21.0,0,-0.15349350155825192,21.153493501558252,20.5,21.5
2866.0,20.945608885477846,21.150865098082868,7.808048958953156,21.0,0,-0.15086509808286763,21.150865098082868,20.5,21.5
2867.0,20.94298137349254,21.14823699177633,7.806907173156744,21.0,0,-0.14823699177632932,21.14823699177633,20.5,21.5
2868.0,20.94035415865247,21.14560918263056,7.805765648780028,21.0,0,-0.14560918263056166,21.14560918263056,20.5,21.5
2869.0,20.937727240950498,21.142981670637802,7.804624387368469,21.0,0,-0.14298167063780198,21.142981670637802,20.5,21.5
2870.0,20.93510062037978,21.140354455790586,7.80348339046717,21.0,0,-0.14035445579058603,21.140354455790586,20.5,21.5
2871.0,20.932474296933798,21.137727538081776,7.802342659620875,21.0,0,-0.1377275380817764,21.137727538081776,20.5,21.5
2872.0,20.929848270606335,21.135100917504538,7.801202196373966,21.0,0,-0.13510091750453768,21.135100917504538,20.5,21.5
2873.0,20.92722254139149,21.13247459405234,7.800062002270467,21.0,0,-0.13247459405233997,21.13247459405234,20.5,21.5
2874.0,20.924597109283667,21.129848567718973,7.798922078854035,21.0,0,-0.12984856771897313,21.129848567718973,20.5,21.5
2875.0,20.921971974277582,21.127222838498533,7.797782427667962,21.0,0,-0.12722283849853255,21.127222838498533,20.5,21.5
2876.0,20.91934713636826,21.124597406385426,7.796643050255169,21.0,0,-0.12459740638542627,21.124597406385426,20.5,21.5
2877.0,20.916722595551036,21.121972271374368,7.79550394815821,21.0,0,-0.12197227137436784,21.121972271374368,20.5,21.5
2878.0,20.914098351821558,21.119347433460383,7.794365122919261,21.0,0,-0.11934743346038346,21.119347433460383,20.5,21.5
2879.0,20.911474405175777,21.116722892638805,7.793226576080129,21.0,0,-0.11672289263880486,21.116722892638805,20.5,21.5
2880.0,20.908850755609958,21.11409864890528,7.792088309182241,21.0,0,-0.11409864890527999,21.11409864890528,20.5,21.5
2881.0,20.906227403120674,21.111474702255762,7.790950323766644,21.0,0,-0.11147470225576228,21.111474702255762,20.5,21.5
2882.0,20.903604347704803,21.108851052686514,7.789812621374006,21.0,0,-0.1088510526865143,21.108851052686514,20.5,21.5
2883.0,20.90098158935954,21.10622770019411,7.788675203544612,21.0,0,-0.10622770019411121,21.10622770019411,20.5,21.5
2884.0,20.898359128082376,21.10360464477543,7.787538071818359,21.0,0,-0.10360464477543019,21.10360464477543,20.5,21.5
2885.0,20.895736963871123,21.10098188642766,7.7864012277347605,21.0,0,-0.10098188642766104,21.10098188642766,20.5,21.5
2886.0,20.893115096723896,21.098359425148306,7.785264672832937,21.0,0,-0.0983594251483062,21.098359425148306,20.5,21.5
2887.0,20.89049352663912,21.09573726093517,7.78412840865162,21.0,0,-0.0957372609351701,21.09573726093517,20.5,21.5
2888.0,20.887872253615523,21.09311539378637,7.782992436729146,21.0,0,-0.0931153937863698,21.09311539378637,20.5,21.5
2889.0,20.885251277652145,21.09049382370032,7.781856758603458,21.0,0,-0.09049382370032077,21.09049382370032,20.5,21.5
2890.0,20.882630598748335,21.087872550675765,7.780721375812097,21.0,0,-0.08787255067576538,21.087872550675765,20.5,21.5
2891.0,20.88001021690375,21.085251574711737,7.779586289892208,21.0,0,-0.08525157471173728,21.085251574711737,20.5,21.5
2892.0,20.877390132118347,21.082630895807583,7.778451502380533,21.0,0,-0.08263089580758276,21.082630895807583,20.5,21.5
2893.0,20.8747703443924,21.080010513962957,7.777317014813409,21.0,0,-0.08001051396295722,21.080010513962957,20.5,21.5
2894.0,20.872150853726485,21.077390429177825,7.7761828287267685,21.0,0,-0.07739042917782513,21.077390429177825,20.5,21.5
2895.0,20.869531660121485,21.074770641452453,7.775048945656135,21.0,0,-0.07477064145245294,21.074770641452453,20.5,21.5
2896.0,20.866912763578593,21.072151150787423,7.773915367136622,21.0,0,-0.07215115078742329,21.072151150787423,20.5,21.5
2897.0,20.864294164099306,21.069531957183614,7.772782094702929,21.0,0,-0.06953195718361371,21.069531957183614,20.5,21.5
2898.0,20.861675861685427,21.066913060642218,7.771649129889345,21.0,0,-0.06691306064221791,21.066913060642218,20.5,21.5
2899.0,20.859057856339067,21.064294461164735,7.770516474229738,21.0,0,-0.06429446116473514,21.064294461164735,20.5,21.5
2900.0,20.856440148062646,21.061676158752967,7.76938412925756,21.0,0,-0.061676158752966614,21.061676158752967,20.5,21.5
2901.0,20.853822736858884,21.05905815340903,7.768252096505843,21.0,0,-0.05905815340902976,21.05905815340903,20.5,21.5
2902.0,20.851205622730813,21.05644044513533,7.767120377507194,21.0,0,-0.05644044513532975,21.05644044513533,20.5,21.5
2903.0,20.848588805681768,21.0538230339346,7.765988973793798,21.0,0,-0.05382303393459864,21.0538230339346,20.5,21.5
2904.0,20.84597228571539,21.051205919809863,7.76485788689741,21.0,0,-0.05120591980986333,21.051205919809863,20.5,21.5
2905.0,20.84335606283563,21.04858910276446,7.763727118349359,21.0,0,-0.048589102764459824,21.04858910276446,20.5,21.5
2906.0,20.84074013704673,21.04597258280203,7.762596669680541,21.0,0,-0.04597258280202965,21.04597258280203,20.5,21.5
2907.0,20.838124508353257,21.04335635992652,7.761466542421419,21.0,0,-0.04335635992651987,21.04335635992652,20.5,21.5
2908.0,20.83550917676007,21.04074043414218,7.760336738102024,21.0,0,-0.04074043414217954,21.04074043414218,20.5,21.5
2909.0,20.832894142272337,21.03812480545357,7.759207258251943,21.0,0,-0.03812480545357033,21.03812480545357,20.5,21.5
2910.0,20.830279404895535,21.035509473865552,7.758078104400332,21.0,0,-0.035509473865552366,21.035509473865552,20.5,21.5
2911.0,20.827664964635435,21.03289443938329,7.756949278075901,21.0,0,-0.032894439383291285,21.03289443938329,20.5,21.5
2912.0,20.825050821498124,21.03027970201227,7.755820780806915,21.0,0,-0.030279702012268928,21.03027970201227,20.5,21.5
2913.0,20.822436975489985,21.02766526175825,7.754692614121198,21.0,0,-0.027665261758251347,21.02766526175825,20.5,21.5
2914.0,20.819823426617713,21.025051118627324,7.753564779546122,21.0,0,-0.025051118627324342,21.025051118627324,20.5,21.5
2915.0,20.8172101748883,21.022437272625876,7.752437278608614,21.0,0,-0.022437272625875693,21.022437272625876,20.5,21.5
2916.0,20.814597220309043,21.0198237237606,7.751310112835145,21.0,0,-0.01982372376059871,21.0198237237606,20.5,21.5
2917.0,20.81198456288755,21.01721047203848,7.750183283751736,21.0,0,-0.017210472038481583,21.01721047203848,20.5,21.5
2918.0,20.80937220263172,21.014597517466832,7.749056792883947,21.0,0,-0.014597517466832244,21.014597517466832,20.5,21.5
2919.0,20.80676013954977,21.01198486005324,7.747930641756886,21.0,0,-0.011984860053239288,21.01198486005324,20.5,21.5
2920.0,20.80414837365021,21.009372499805625,7.746804831895198,21.0,0,-0.009372499805625267,21.009372499805625,20.5,21.5
2921.0,20.80153690494186,21.006760436732186,7.745679364823067,21.0,0,-0.006760436732186292,21.006760436732186,20.5,21.5
2922.0,20.798925733433833,21.004148670841445,7.7445542420642095,21.0,0,-0.004148670841445323,21.004148670841445,20.5,21.5
2923.0,20.79631485913556,21.00153720214221,7.743429465141881,21.0,0,-0.0015372021422095372,21.00153720214221,20.5,21.5
2924.0,20.793704282056762,20.99892603064361,7.742305035578867,21.0,0,0.0010739693563905917,20.99892603064361,20.5,21.5
2925.0,20.791094002207466,20.99631515635506,7.741180954897479,21.0,0,0.003684843644940372,20.99631515635506,20.5,21.5
2926.0,20.788484019598002,20.993704579286288,7.740057224619563,21.0,0,0.006295420713712474,20.993704579286288,20.5,21.5
2927.0,20.785874334239008,20.991094299447322,7.738933846266485,21.0,0,0.008905700552677587,20.991094299447322,20.5,21.5
2928.0,20.783264946141415,20.988484316848496,7.737810821359135,21.0,0,0.011515683151504419,20.988484316848496,20.5,21.5
2929.0,20.780655855316457,20.985874631500433,7.736688151417929,21.0,0,0.014125368499566804,20.985874631500433,20.5,21.5
2930.0,20.778047061775677,20.983265243414074,7.735565837962798,21.0,0,0.016734756585925936,20.983265243414074,20.5,21.5
2931.0,20.775438565530916,20.980656152600655,7.734443882513191,21.0,0,0.019343847399344583,20.980656152600655,20.5,21.5
2932.0,20.772830366594313,20.978047359071716,7.733322286588074,21.0,0,0.02195264092828353,20.978047359071716,20.5,21.5
2933.0,20.77022246497831,20.975438862839095,7.732201051705926,21.0,0,0.024561137160905133,20.975438862839095,20.5,21.5
2934.0,20.767614860695655,20.972830663914937,7.731080179384734,21.0,0,0.027169336085062668,20.972830663914937,20.5,21.5
2935.0,20.765007553759393,20.970222762311682,7.729959671142,21.0,0,0.02977723768831808,20.970222762311682,20.5,21.5
2936.0,20.76240054418287,20.967615158042072,7.728839528494726,21.0,0,0.03238484195792779,20.967615158042072,20.5,21.5
2937.0,20.75979383197973,20.965007851119157,7.727719752959426,21.0,0,0.03499214888084268,20.965007851119157,20.5,21.5
2938.0,20.757187417163927,20.96240084155628,7.726600346052112,21.0,0,0.03759915844371875,20.96240084155628,20.5,21.5
2939.0,20.754581299749706,20.95979412936709,7.725481309288299,21.0,0,0.040205870632910035,20.95979412936709,20.5,21.5
2940.0,20.751975479751614,20.95718771456553,7.724362644183001,21.0,0,0.04281228543446858,20.95718771456553,20.5,21.5
2941.0,20.749369957184502,20.95458159716586,7.723244352250728,21.0,0,0.04541840283414089,20.95458159716586,20.5,21.5
2942.0,20.746764732063514,20.951975777182618,7.722126435005485,21.0,0,0.04802422281738217,20.951975777182618,20.5,21.5
2943.0,20.744159804404102,20.949370254630654,7.721008893960771,21.0,0,0.05062974536934561,20.949370254630654,20.5,21.5
2944.0,20.741555174222015,20.946765029525118,7.719891730629573,21.0,0,0.05323497047488246,20.946765029525118,20.5,21.5
2945.0,20.738950841533295,20.944160101881454,7.718774946524369,21.0,0,0.055839898118545506,20.944160101881454,20.5,21.5
2946.0,20.736346806354295,20.94155547171541,7.717658543157124,21.0,0,0.058444528284589126,20.94155547171541,20.5,21.5
2947.0,20.733743068701656,20.93895113904304,7.716542522039284,21.0,0,0.061048860956958606,20.93895113904304,20.5,21.5
2948.0,20.731139628592324,20.936347103880685,7.715426884681781,21.0,0,0.06365289611931502,20.936347103880685,20.5,21.5
2949.0,20.72853648604354,20.93374336624499,7.7143116325950265,21.0,0,0.06625663375501034,20.93374336624499,20.5,21.5
2950.0,20.725933641072853,20.9311399261529,7.71319676728891,21.0,0,0.06886007384710169,20.9311399261529,20.5,21.5
2951.0,20.723331093698096,20.92853678362166,7.7120822902727975,21.0,0,0.07146321637834063,20.92853678362166,20.5,21.5
2952.0,20.72072884393741,20.92593393866881,7.710968203055528,21.0,0,0.07406606133119098,20.92593393866881,20.5,21.5
2953.0,20.718126891809234,20.923331391312193,7.709854507145417,21.0,0,0.07666860868780745,20.923331391312193,20.5,21.5
2954.0,20.7155252373323,20.920729141569943,7.708741204050245,21.0,0,0.07927085843005699,20.920729141569943,20.5,21.5
2955.0,20.712923880525643,20.9181271894605,7.707628295277264,21.0,0,0.08187281053950102,20.9181271894605,20.5,21.5
2956.0,20.710322821408592,20.915525535002597,7.70651578233319,21.0,0,0.08447446499740252,20.915525535002597,20.5,21.5
2957.0,20.707722060000776,20.91292417821527,7.705403666724205,21.0,0,0.08707582178472961,20.91292417821527,20.5,21.5
2958.0,20.705121596322122,20.910323119117848,7.7042919499559535,21.0,0,0.08967688088215198,20.910323119117848,20.5,21.5
2959.0,20.70252143039285,20.90772235772996,7.703180633533537,21.0,0,0.09227764227004087,20.90772235772996,20.5,21.5
2960.0,20.699921562233477,20.905121894071524,7.702069718961518,21.0,0,0.09487810592847623,20.905121894071524,20.5,21.5
2961.0,20.697321991864822,20.90252172816277,7.700959207743914,21.0,0,0.0974782718372289,20.90252172816277,20.5,21.5
2962.0,20.694722719307997,20.899921860024214,7.699849101384195,21.0,0,0.10007813997578552,20.899921860024214,20.5,21.5
2963.0,20.69212374458441,20.897322289676673,7.698739401385284,21.0,0,0.10267771032332718,20.897322289676673,20.5,21.5
2964.0,20.68952506771577,20.894723017141253,7.697630109249555,21.0,0,0.1052769828587472,20.894723017141253,20.5,21.5
2965.0,20.68692668872408,20.892124042439374,7.69652122647883,21.0,0,0.10787595756062629,20.892124042439374,20.5,21.5
2966.0,20.68432860763163,20.88952536559274,7.695412754574373,21.0,0,0.11047463440726091,20.88952536559274,20.5,21.5
2967.0,20.68173082446102,20.886926986623344,7.6943046950368945,21.0,0,0.1130730133766562,20.886926986623344,20.5,21.5
2968.0,20.679133339235136,20.884328905553488,7.693197049366548,21.0,0,0.1156710944465118,20.884328905553488,20.5,21.5
2969.0,20.676536151977164,20.881731122405768,7.692089819062923,21.0,0,0.11826887759423244,20.881731122405768,20.5,21.5
2970.0,20.67393926271058,20.87913363720307,7.6909830056250525,21.0,0,0.12086636279693153,20.87913363720307,20.5,21.5
2971.0,20.67134267145916,20.876536449968576,7.689876610551399,21.0,0,0.12346355003142406,20.876536449968576,20.5,21.5
2972.0,20.66874637824698,20.873939560725766,7.68877063533986,21.0,0,0.12606043927423372,20.873939560725766,20.5,21.5
2973.0,20.666150383098397,20.87134296949842,7.687665081487768,21.0,0,0.12865703050157862,20.87134296949842,20.5,21.5
2974.0,20.663554686038076,20.8687466763106,7.686559950491881,21.0,0,0.1312533236893998,20.8687466763106,20.5,21.5
2975.0,20.660959287090968,20.866150681186678,7.685455243848386,21.0,0,0.13384931881332207,20.866150681186678,20.5,21.5
2976.0,20.65836418628232,20.86355498415131,7.684350963052898,21.0,0,0.13644501584868962,20.86355498415131,20.5,21.5
2977.0,20.655769383637676,20.86095958522945,7.68324710960045,21.0,0,0.13904041477055173,20.86095958522945,20.5,21.5
2978.0,20.653174879182867,20.85836448444634,7.682143684985503,21.0,0,0.14163551555365927,20.85836448444634,20.5,21.5
2979.0,20.650580672944027,20.85576968182753,7.681040690701931,21.0,0,0.14423031817246823,20.85576968182753,20.5,21.5
2980.0,20.64798676494758,20.853175177398853,7.679938128243029,21.0,0,0.14682482260114682,20.853175177398853,20.5,21.5
2981.0,20.645393155220237,20.85058097118644,7.678835999101508,21.0,0,0.14941902881356128,20.85058097118644,20.5,21.5
2982.0,20.642799843789014,20.847987063216703,7.67773430476949,21.0,0,0.1520129367832972,20.847987063216703,20.5,21.5
2983.0,20.64020683068121,20.845393453516373,7.676633046738508,21.0,0,0.15460654648362748,20.845393453516373,20.5,21.5
2984.0,20.63761411592442,20.842800142112452,7.675532226499509,21.0,0,0.15719985788754798,20.842800142112452,20.5,21.5
2985.0,20.635021699546538,20.840207129032244,7.674431845542843,21.0,0,0.15979287096775607,20.840207129032244,20.5,21.5
2986.0,20.63242958157574,20.837614414303342,7.673331905358266,21.0,0,0.16238558569665784,20.837614414303342,20.5,21.5
2987.0,20.629837762040495,20.83502199795364,7.672232407434937,21.0,0,0.16497800204636093,20.83502199795364,20.5,21.5
2988.0,20.627246240969573,20.83242988001131,7.671133353261417,21.0,0,0.16757011998868876,20.83242988001131,20.5,21.5
2989.0,20.62465501839203,20.829838060504834,7.670034744325666,21.0,0,0.17016193949516634,20.829838060504834,20.5,21.5
2990.0,20.622064094337215,20.82724653946297,7.668936582115042,21.0,0,0.1727534605370309,20.82724653946297,20.5,21.5
2991.0,20.61947346883477,20.82465531691478,7.667838868116297,21.0,0,0.17534468308522122,20.82465531691478,20.5,21.5
2992.0,20.616883141914627,20.822064392889605,7.666741603815576,21.0,0,0.17793560711039547,20.822064392889605,20.5,21.5
2993.0,20.614293113607008,20.81947376741709,7.665644790698417,21.0,0,0.18052623258290978,20.81947376741709,20.5,21.5
2994.0,20.611703383942427,20.81688344052717,7.664548430249745,21.0,0,0.183116559472829,20.81688344052717,20.5,21.5
2995.0,20.609113952951688,20.814293412250066,7.663452523953874,21.0,0,0.18570658774993376,20.814293412250066,20.5,21.5
2996.0,20.60652482066589,20.81170368261629,7.662357073294501,21.0,0,0.18829631738370978,20.81170368261629,20.5,21.5
2997.0,20.603935987116415,20.809114251656645,7.661262079754708,21.0,0,0.19088574834335503,20.809114251656645,20.5,21.5
2998.0,20.60134745233494,20.80652511940223,7.660167544816959,21.0,0,0.19347488059776907,20.80652511940223,20.5,21.5
2999.0,20.59875921635344,20.803936285884433,7.659073469963094,21.0,0,0.19606371411556722,20.803936285884433,20.5,21.5
